id,temperature_c,humidity_pct,wind_speed_kmh,rainfall_last_day_mm,people_displaced,fire_last_year,fire_last_5_years,fire_ever,fire_occurred,trees_burned
1,26.2,37.0,29.2,0.4,40,No,No,Yes,Yes,965
2,10.5,85.3,9.3,36.57,0,No,No,No,No,NA
3,7.0,86.5,22.0,16.86,0,No,No,No,No,NA
4,29.7,28.1,33.5,0.02,590,No,No,Yes,Yes,1109
5,36.6,11.7,85.2,0.08,3,No,Yes,Yes,Yes,9393
6,36.2,23.4,77.5,1.26,1187,No,No,Yes,Yes,1406
7,40.3,15.5,62.7,0.41,1716,No,No,Yes,Yes,1445
8,21.1,65.2,7.4,4.59,0,No,No,No,No,NA
9,24.2,77.0,13.0,10.98,0,No,No,No,No,NA
10,21.9,36.4,25.1,4.89,81,No,Yes,Yes,Yes,766
11,26.8,20.8,38.6,1.71,0,No,No,Yes,No,NA
12,13.5,77.8,22.5,30.23,0,No,No,No,No,NA
13,10.0,81.0,24.2,35.89,0,No,No,No,No,NA
14,30.0,38.1,63.7,1.58,482,No,No,Yes,Yes,1358
15,19.9,27.6,52.1,3.45,0,No,No,No,No,NA
16,9.9,92.2,11.9,28.35,0,No,No,No,No,NA
17,16.6,86.7,20.8,14.13,0,No,No,No,No,NA
18,10.3,91.5,18.1,5.13,0,No,No,No,No,NA
19,15.1,76.8,32.4,6.68,0,No,No,No,No,NA
20,8.4,91.3,13.3,24.61,0,No,No,No,No,NA
21,27.2,24.0,25.8,0.42,427,No,Yes,Yes,Yes,571
22,24.9,23.9,29.0,3.45,659,No,No,Yes,Yes,354
23,26.6,44.1,27.2,0.75,275,No,Yes,Yes,Yes,657
24,36.0,34.6,61.3,1.99,5,No,Yes,Yes,Yes,394
25,38.2,21.7,74.8,0.17,405,Yes,Yes,Yes,Yes,1581
26,28.7,30.5,49.2,0.38,200,No,Yes,Yes,Yes,332
27,26.5,51.3,17.9,5.58,0,No,No,No,No,NA
28,20.5,55.8,17.8,8.83,0,No,No,No,No,NA
29,13.0,89.0,17.2,16.9,0,No,No,No,No,NA
30,24.1,28.6,24.4,1.49,0,No,No,No,No,NA
31,35.0,23.6,77.6,0.39,0,No,No,Yes,No,NA
32,28.5,21.6,57.7,3.5,0,No,No,No,No,NA
33,22.5,46.8,35.5,0.65,0,Yes,Yes,Yes,No,NA
34,15.0,63.1,22.8,4.59,0,No,No,No,No,NA
35,28.5,48.3,43.2,7.77,0,No,No,No,No,NA
36,12.1,87.3,5.4,35.21,0,No,No,No,No,NA
37,19.2,79.4,15.2,11.94,0,No,No,No,No,NA
38,32.1,21.3,76.1,0.57,733,No,Yes,Yes,Yes,811
39,27.2,23.0,62.3,0.14,200,No,No,Yes,Yes,1061
40,39.0,16.8,60.1,0.47,318,No,Yes,Yes,Yes,1664
41,7.2,87.2,8.4,23.05,0,No,No,No,No,NA
42,12.8,66.0,16.8,18.51,0,No,No,No,No,NA
43,8.3,89.2,11.7,11.62,0,No,No,No,No,NA
44,37.7,13.4,85.5,0.33,440,No,No,Yes,Yes,2347
45,21.1,41.9,20.0,2.79,188,No,Yes,Yes,Yes,15
46,22.2,43.8,55.6,0.73,253,Yes,Yes,Yes,Yes,367
47,37.6,19.2,34.9,0.42,338,No,Yes,Yes,Yes,1302
48,28.1,40.5,23.5,7.48,64,Yes,Yes,Yes,Yes,1195
49,34.3,27.0,50.5,1.55,671,No,Yes,Yes,Yes,4939
50,25.1,39.7,39.3,7.42,0,No,No,No,No,NA
51,30.5,26.4,57.0,1.36,0,No,No,No,No,NA
52,32.0,21.0,24.2,0.26,36,No,Yes,Yes,Yes,459
53,13.7,94.8,5.3,20.04,0,No,No,No,No,NA
54,23.2,72.3,30.0,14.7,0,No,No,No,No,NA
55,26.2,26.9,30.8,1.58,82,No,No,Yes,Yes,210
56,27.5,27.8,64.4,1.2,433,No,No,Yes,Yes,2292
57,19.6,58.7,13.2,4.32,0,No,No,No,No,NA
58,24.2,24.5,42.4,0.58,40,No,No,Yes,Yes,1891
59,27.0,26.7,27.8,2.8,0,No,Yes,Yes,No,NA
60,32.3,21.1,88.5,0.09,94,No,Yes,Yes,Yes,1647
61,36.2,22.3,63.1,0.13,129,No,No,Yes,Yes,3606
62,18.0,78.0,38.8,16.28,0,No,No,No,No,NA
63,15.1,60.4,27.8,6.36,0,No,Yes,Yes,No,NA
64,40.8,13.5,69.7,0.96,254,No,No,Yes,Yes,2673
65,15.4,70.7,16.9,9.72,0,No,No,No,No,NA
66,25.7,38.4,35.4,3.67,0,No,Yes,Yes,No,NA
67,36.8,13.3,44.2,0.06,1398,No,Yes,Yes,Yes,972
68,17.9,72.5,24.6,17.43,0,No,No,No,No,NA
69,31.9,18.2,83.1,0.27,488,No,Yes,Yes,Yes,3377
70,38.6,19.8,60.3,0.08,234,No,No,Yes,Yes,5610
71,27.8,45.7,16.4,0.61,90,No,No,Yes,Yes,10
72,34.8,8.8,43.2,0.49,329,No,No,Yes,Yes,6048
73,18.3,36.6,57.6,1.21,0,No,No,No,No,NA
74,22.7,27.4,55.4,3.06,375,No,Yes,Yes,Yes,839
75,20.4,76.7,38.7,8.81,0,No,No,No,No,NA
76,28.9,28.2,69.5,1.92,457,Yes,Yes,Yes,Yes,5298
77,34.1,22.6,48.0,0.16,487,Yes,Yes,Yes,Yes,1224
78,35.6,29.6,47.1,1.13,0,No,Yes,Yes,No,NA
79,23.0,66.7,17.5,16.28,0,No,No,No,No,NA
80,27.9,31.6,28.6,0.19,31,No,No,Yes,Yes,657
81,32.6,29.6,23.2,0.18,71,No,No,Yes,Yes,786
82,44.4,19.1,89.5,0.21,397,Yes,Yes,Yes,Yes,10743
83,24.6,79.8,16.6,10.18,0,No,No,No,No,NA
84,37.0,22.3,96.7,0.48,0,No,No,No,No,NA
85,30.3,21.9,40.5,0.87,0,No,No,No,No,NA
86,6.6,89.6,23.7,24.17,0,No,No,No,No,NA
87,33.5,18.0,41.3,0.48,51,Yes,Yes,Yes,Yes,5199
88,17.2,94.9,9.3,31.37,0,No,No,No,No,NA
89,28.3,41.9,46.5,2.33,231,Yes,Yes,Yes,Yes,3068
90,32.1,30.6,52.6,1.11,741,No,No,Yes,Yes,911
91,38.1,12.3,66.3,0.17,0,No,Yes,Yes,No,NA
92,26.9,53.5,15.1,3.3,0,No,No,No,No,NA
93,42.5,28.4,103.6,0.94,361,No,Yes,Yes,Yes,8931
94,28.9,16.6,48.1,0.69,0,No,No,No,No,NA
95,5.7,73.3,10.0,24.68,0,No,No,No,No,NA
96,23.1,42.5,32.4,6.45,66,No,No,Yes,Yes,1232
97,42.8,19.4,53.6,0.29,136,Yes,Yes,Yes,Yes,947
98,19.0,31.2,25.0,2.37,100,No,Yes,Yes,Yes,1387
99,31.0,34.1,36.7,2.59,9,No,No,Yes,Yes,1490
100,29.7,50.7,22.2,4.65,0,No,No,Yes,No,NA
101,41.2,18.7,54.2,0.17,647,Yes,Yes,Yes,Yes,181
102,27.8,38.5,28.5,0.85,335,No,Yes,Yes,Yes,1125
103,37.8,22.8,90.3,0.04,596,No,No,Yes,Yes,1830
104,6.6,74.1,21.1,32.72,0,No,No,No,No,NA
105,31.3,36.8,58.0,0.79,0,No,Yes,Yes,No,NA
106,40.8,15.5,66.5,0.31,2607,No,No,Yes,Yes,2012
107,15.4,84.5,24.3,8.39,0,No,No,No,No,NA
108,15.7,77.6,6.7,12.84,0,No,No,No,No,NA
109,17.9,79.0,18.7,3.36,0,No,No,No,No,NA
110,18.6,32.0,55.1,2.99,278,No,No,Yes,Yes,1305
111,18.4,71.8,10.2,7.01,0,No,No,No,No,NA
112,32.3,29.6,48.6,0.95,0,No,No,Yes,No,NA
113,17.2,70.6,23.8,11.39,0,No,No,No,No,NA
114,42.0,14.4,37.6,0.27,214,No,Yes,Yes,Yes,3907
115,42.3,9.8,36.3,0.44,1548,No,Yes,Yes,Yes,4742
116,19.0,31.6,48.5,1.47,37,No,Yes,Yes,Yes,668
117,41.7,14.2,63.7,0.48,167,No,Yes,Yes,Yes,2266
118,12.7,72.1,8.7,20.29,0,No,No,No,No,NA
119,31.8,41.2,23.3,0.21,135,Yes,Yes,Yes,Yes,330
120,30.4,26.2,69.3,1.17,0,No,No,No,No,NA
121,19.5,73.6,8.5,10.35,0,No,No,No,No,NA
122,25.9,37.4,21.8,1.47,0,No,No,Yes,No,NA
123,27.8,38.5,57.4,1.32,0,No,No,No,No,NA
124,34.4,9.3,62.0,0.19,66,No,Yes,Yes,Yes,6383
125,25.6,20.6,32.9,2.22,0,No,No,No,No,NA
126,15.1,62.9,13.0,6.85,0,No,No,No,No,NA
127,32.4,30.8,77.0,1.35,67,No,No,Yes,Yes,644
128,25.0,40.8,16.3,6.56,8,No,Yes,Yes,Yes,573
129,23.8,31.6,54.2,0.14,0,Yes,Yes,Yes,No,NA
130,32.0,24.5,44.4,2.0,188,No,No,Yes,Yes,1167
131,15.6,76.4,23.3,9.77,0,No,No,No,No,NA
132,24.7,39.0,30.5,6.95,0,No,No,No,No,NA
133,40.8,11.9,78.7,0.16,1748,No,No,Yes,Yes,1526
134,29.9,41.9,54.8,2.3,636,Yes,Yes,Yes,Yes,3420
135,22.4,38.8,31.6,0.77,0,Yes,Yes,Yes,No,NA
136,31.1,28.7,25.3,1.01,0,Yes,Yes,Yes,No,NA
137,26.9,41.5,32.8,7.13,0,No,No,Yes,No,NA
138,27.2,33.8,38.8,2.84,0,No,No,No,No,NA
139,38.4,17.4,40.6,1.21,1024,No,Yes,Yes,Yes,3017
140,30.1,25.0,53.5,1.63,485,No,Yes,Yes,Yes,164
141,34.0,31.6,23.5,1.59,0,No,No,No,No,NA
142,7.4,87.8,24.1,12.34,0,No,No,No,No,NA
143,36.2,24.3,56.9,0.36,496,No,Yes,Yes,Yes,3848
144,28.4,21.1,56.8,0.15,0,No,No,Yes,No,NA
145,24.0,35.8,58.7,2.46,0,No,Yes,Yes,No,NA
146,17.6,60.1,12.7,10.22,0,No,No,No,No,NA
147,25.3,24.4,44.5,2.56,541,No,Yes,Yes,Yes,2085
148,33.9,16.1,62.2,0.17,1012,No,Yes,Yes,Yes,2286
149,29.0,27.8,69.3,1.19,51,No,Yes,Yes,Yes,3370
150,24.9,39.6,25.8,5.64,0,No,No,No,No,NA
151,23.3,27.4,26.9,2.67,0,No,No,No,No,NA
152,33.9,17.1,86.1,0.11,0,No,Yes,Yes,No,NA
153,36.8,12.5,33.9,0.27,128,No,Yes,Yes,Yes,1816
154,12.9,70.1,12.8,16.58,0,No,No,No,No,NA
155,33.3,22.8,61.6,0.87,1635,No,Yes,Yes,Yes,1740
156,12.6,76.5,22.2,25.43,0,No,No,No,No,NA
157,32.2,28.0,82.3,0.12,1016,Yes,Yes,Yes,Yes,168
158,21.9,27.7,46.5,0.58,0,No,No,No,No,NA
159,15.9,86.8,20.8,5.03,0,No,No,No,No,NA
160,37.1,8.5,64.4,0.16,1003,No,Yes,Yes,Yes,2495
161,32.8,24.5,38.3,0.32,7,No,Yes,Yes,Yes,1204
162,40.5,24.9,102.6,0.9,198,No,Yes,Yes,Yes,2636
163,30.6,26.1,51.7,2.79,0,Yes,Yes,Yes,No,NA
164,25.1,38.5,31.1,1.21,39,Yes,Yes,Yes,Yes,857
165,14.0,67.0,32.3,14.12,115,No,Yes,Yes,Yes,138
166,15.8,69.7,13.4,9.45,0,No,No,No,No,NA
167,27.4,28.0,20.3,0.58,0,No,No,No,No,NA
168,22.7,32.2,62.0,3.63,0,No,No,No,No,NA
169,19.9,65.2,35.0,5.51,0,No,No,No,No,NA
170,36.1,21.1,42.4,0.2,1636,No,Yes,Yes,Yes,350
171,32.2,27.8,54.6,0.83,0,No,No,No,No,NA
172,22.9,72.2,17.2,16.06,0,No,No,No,No,NA
173,30.8,33.3,66.5,1.53,0,No,No,No,No,NA
174,10.2,88.5,6.6,34.69,0,No,No,No,No,NA
175,14.3,83.4,13.8,37.38,0,No,No,No,No,NA
176,23.6,37.2,45.0,2.96,105,Yes,Yes,Yes,Yes,1327
177,27.8,30.7,26.6,0.13,0,No,No,Yes,No,NA
178,29.6,32.9,59.5,3.62,711,Yes,Yes,Yes,Yes,41
179,19.2,75.2,26.6,5.44,0,No,No,No,No,NA
180,39.9,11.1,56.0,0.77,1581,No,No,Yes,Yes,7663
181,20.2,54.7,28.5,3.41,0,No,No,No,No,NA
182,27.1,50.2,31.1,2.49,0,No,Yes,Yes,No,NA
183,26.3,42.1,36.6,1.44,135,No,No,Yes,Yes,1429
184,24.7,49.4,20.2,7.4,0,No,No,No,No,NA
185,10.2,90.0,6.5,14.25,0,No,No,No,No,NA
186,25.0,61.7,20.6,10.18,0,No,No,No,No,NA
187,32.8,20.9,102.4,0.7,1000,Yes,Yes,Yes,Yes,941
188,26.2,25.6,55.6,0.37,413,No,Yes,Yes,Yes,4783
189,22.8,69.8,11.6,16.93,0,No,No,Yes,No,NA
190,42.4,16.9,38.8,0.18,187,No,No,Yes,Yes,174
191,38.2,13.1,79.4,0.23,409,Yes,Yes,Yes,Yes,7613
192,35.8,11.8,40.6,0.35,33,No,No,Yes,Yes,3211
193,30.7,27.0,30.2,1.52,195,No,Yes,Yes,Yes,817
194,28.3,38.6,33.3,5.46,0,No,No,No,No,NA
195,25.1,37.8,31.3,0.21,264,No,No,Yes,Yes,552
196,10.2,90.5,10.8,33.21,0,No,No,No,No,NA
197,32.9,35.9,47.1,0.77,317,No,No,Yes,Yes,875
198,31.3,33.8,50.5,1.41,280,No,Yes,Yes,Yes,2293
199,41.2,24.2,106.9,0.19,1724,No,No,Yes,Yes,10008
200,19.5,57.9,9.3,9.99,0,No,No,Yes,No,NA
201,29.1,39.9,48.4,1.57,0,No,No,No,No,NA
202,20.1,21.4,47.1,0.58,0,No,No,No,No,NA
203,5.3,86.3,9.2,10.08,0,No,No,No,No,NA
204,29.7,43.9,35.0,4.4,0,No,No,Yes,No,NA
205,25.5,27.7,37.0,0.68,21,Yes,Yes,Yes,Yes,1214
206,20.6,57.8,15.1,3.55,0,No,Yes,Yes,No,NA
207,36.8,27.2,92.4,0.52,176,No,Yes,Yes,Yes,2506
208,17.7,62.8,25.3,8.15,0,No,No,No,No,NA
209,17.9,77.2,24.3,10.69,0,Yes,Yes,Yes,No,NA
210,34.1,32.6,55.8,0.77,318,No,Yes,Yes,Yes,5094
211,14.1,62.3,14.2,5.56,0,No,No,No,No,NA
212,39.4,16.5,79.0,0.27,920,No,Yes,Yes,Yes,7593
213,30.4,26.7,46.6,1.89,0,No,No,No,No,NA
214,11.4,88.3,15.9,15.27,0,No,No,No,No,NA
215,22.5,38.8,50.5,0.09,96,No,No,Yes,Yes,2451
216,23.4,39.6,27.5,0.42,0,No,No,No,No,NA
217,14.8,82.2,33.2,21.45,0,No,No,No,No,NA
218,23.0,26.2,26.6,0.21,0,No,No,No,No,NA
219,28.1,21.8,43.7,2.33,0,No,No,Yes,No,NA
220,19.1,75.4,39.4,7.91,0,No,No,No,No,NA
221,21.9,27.2,44.1,3.01,244,No,Yes,Yes,Yes,856
222,27.0,50.1,45.1,3.18,0,No,No,No,No,NA
223,36.0,15.8,56.0,0.37,794,No,No,Yes,Yes,2654
224,12.8,69.9,31.0,5.27,0,No,No,No,No,NA
225,32.0,34.0,39.3,1.65,327,Yes,Yes,Yes,Yes,1063
226,39.2,25.8,75.8,0.56,156,No,No,Yes,Yes,5033
227,16.4,90.1,5.8,16.64,0,No,No,No,No,NA
228,34.8,19.1,46.4,0.05,132,Yes,Yes,Yes,Yes,967
229,28.0,46.5,49.4,5.43,0,No,No,No,No,NA
230,33.0,11.9,50.4,0.36,291,No,Yes,Yes,Yes,5974
231,16.8,87.0,14.1,7.21,0,No,No,No,No,NA
232,40.9,20.9,79.5,0.31,250,Yes,Yes,Yes,Yes,4653
233,8.8,86.4,6.0,21.21,0,No,No,No,No,NA
234,43.6,9.3,74.8,0.3,357,No,Yes,Yes,Yes,13236
235,34.3,20.2,65.5,0.22,30,No,No,Yes,Yes,755
236,43.2,12.5,70.7,0.42,106,No,No,Yes,Yes,1571
237,19.9,59.7,24.2,9.94,0,No,No,No,No,NA
238,37.1,19.5,65.3,1.07,349,No,Yes,Yes,Yes,1813
239,13.1,82.2,11.9,17.03,0,No,No,No,No,NA
240,44.1,17.1,81.7,0.36,1259,Yes,Yes,Yes,Yes,3891
241,36.5,21.2,61.2,0.22,0,No,No,No,No,NA
242,33.7,27.0,51.1,0.94,546,No,No,Yes,Yes,3184
243,32.4,17.2,53.2,0.45,435,No,No,Yes,Yes,2900
244,39.3,34.8,74.9,0.04,2592,No,No,Yes,Yes,693
245,16.2,75.0,28.9,14.87,0,No,No,No,No,NA
246,14.7,83.1,34.1,15.18,0,No,No,No,No,NA
247,24.5,72.1,17.8,7.74,0,No,No,No,No,NA
248,28.8,35.1,31.8,1.98,0,No,No,Yes,No,NA
249,32.6,16.4,72.5,0.34,2252,No,Yes,Yes,Yes,530
250,18.5,76.1,14.6,11.61,0,No,No,No,No,NA
251,11.3,94.7,15.5,36.16,0,No,No,No,No,NA
252,37.9,22.5,53.3,0.34,0,No,No,No,No,NA
253,25.1,32.0,49.8,1.79,109,Yes,Yes,Yes,Yes,743
254,33.5,12.2,76.7,0.29,644,No,No,Yes,Yes,2834
255,33.7,18.1,78.7,1.97,249,No,No,Yes,Yes,8090
256,34.2,24.0,61.8,1.54,0,No,No,No,No,NA
257,28.3,42.3,56.3,2.01,0,No,No,No,No,NA
258,15.8,87.4,22.4,19.77,0,No,No,No,No,NA
259,20.9,54.3,17.6,5.62,0,No,No,No,No,NA
260,21.0,64.4,11.8,6.84,0,No,No,No,No,NA
261,28.4,34.4,47.3,0.37,763,No,No,Yes,Yes,1426
262,19.8,28.2,55.9,0.47,0,No,No,No,No,NA
263,24.2,24.7,36.6,2.67,382,No,Yes,Yes,Yes,1691
264,19.4,70.7,18.8,16.03,0,No,No,No,No,NA
265,14.9,64.3,14.7,5.38,0,No,No,No,No,NA
266,28.3,31.3,49.4,0.21,0,No,No,No,No,NA
267,42.5,22.7,58.2,0.29,1828,Yes,Yes,Yes,Yes,2635
268,19.5,79.0,12.5,7.1,0,No,No,No,No,NA
269,27.8,38.2,27.3,0.68,441,No,Yes,Yes,Yes,1459
270,18.4,24.0,53.6,2.91,769,Yes,Yes,Yes,Yes,307
271,15.4,64.3,15.1,16.2,0,No,No,No,No,NA
272,30.6,24.2,37.7,1.93,239,No,No,Yes,Yes,767
273,15.1,71.6,17.9,17.83,0,No,No,No,No,NA
274,29.9,28.1,21.7,0.52,6,No,No,Yes,Yes,596
275,20.6,70.3,30.0,16.97,0,No,No,No,No,NA
276,34.3,22.4,56.7,0.3,0,No,No,Yes,No,NA
277,42.4,15.5,38.5,0.35,268,No,No,Yes,Yes,387
278,20.0,82.3,36.1,12.68,0,No,No,No,No,NA
279,22.9,25.2,43.8,3.2,87,No,No,Yes,Yes,948
280,33.2,22.0,50.4,0.42,0,No,No,No,No,NA
281,16.0,83.4,19.4,12.65,0,No,No,No,No,NA
282,10.6,83.0,19.0,20.93,0,No,No,No,No,NA
283,36.3,17.9,97.7,0.05,2469,No,No,Yes,Yes,167
284,25.7,39.9,22.5,3.46,329,No,No,Yes,Yes,158
285,26.2,29.1,56.4,1.19,118,No,No,Yes,Yes,2093
286,32.5,20.4,54.8,0.78,94,Yes,Yes,Yes,Yes,2626
287,40.7,14.3,70.0,0.08,496,No,No,Yes,Yes,6584
288,20.4,44.5,37.3,3.1,0,No,No,No,No,NA
289,26.6,33.2,33.6,0.81,625,No,No,Yes,Yes,269
290,36.0,28.7,61.8,0.72,576,Yes,Yes,Yes,Yes,482
291,32.5,16.2,68.4,1.44,0,No,No,No,No,NA
292,24.1,39.7,54.5,1.82,578,No,Yes,Yes,Yes,1887
293,12.7,70.0,29.0,18.18,0,No,No,No,No,NA
294,20.7,68.6,14.4,20.23,0,No,No,No,No,NA
295,21.4,54.4,49.8,2.64,112,No,Yes,Yes,Yes,1821
296,40.0,16.9,79.0,0.38,897,No,Yes,Yes,Yes,5292
297,28.5,24.3,59.2,0.51,0,Yes,Yes,Yes,No,NA
298,40.0,20.4,92.3,0.32,1044,No,Yes,Yes,Yes,6149
299,31.1,19.3,75.7,0.47,321,No,Yes,Yes,Yes,1693
300,39.7,15.2,57.2,1.92,293,No,No,Yes,Yes,399
301,21.8,59.2,5.5,18.91,0,No,No,No,No,NA
302,25.4,27.0,46.0,1.96,0,No,Yes,Yes,No,NA
303,13.2,93.1,17.2,9.11,0,No,No,No,No,NA
304,29.2,39.9,43.6,1.86,68,No,Yes,Yes,Yes,402
305,24.5,35.9,43.9,0.01,176,No,No,Yes,Yes,2484
306,18.4,67.3,29.8,24.4,0,No,No,No,No,NA
307,32.3,26.5,59.0,0.67,1223,No,No,Yes,Yes,1854
308,40.5,11.0,103.7,0.59,3286,No,Yes,Yes,Yes,691
309,29.7,30.7,51.6,3.4,87,No,Yes,Yes,Yes,14
310,29.8,41.3,32.8,0.73,0,No,Yes,Yes,No,NA
311,38.5,13.6,78.7,0.35,1300,No,Yes,Yes,Yes,1854
312,20.0,39.7,43.5,1.98,0,No,No,No,No,NA
313,35.9,25.7,69.1,1.1,0,No,Yes,Yes,No,NA
314,25.5,27.6,36.4,2.41,0,No,No,No,No,NA
315,36.0,29.4,78.7,0.04,586,No,Yes,Yes,Yes,1056
316,38.8,27.6,86.7,0.15,429,No,Yes,Yes,Yes,4573
317,21.0,69.5,33.0,3.57,0,No,No,No,No,NA
318,20.3,41.4,40.3,7.61,0,No,Yes,Yes,No,NA
319,30.0,17.1,56.3,0.51,16,No,No,Yes,Yes,689
320,34.2,28.1,32.2,0.38,0,No,No,Yes,No,NA
321,25.6,34.5,29.7,1.63,49,No,No,Yes,Yes,258
322,20.9,39.9,56.0,3.34,49,No,No,Yes,Yes,273
323,17.4,73.5,35.9,13.38,0,No,No,No,No,NA
324,32.5,38.6,26.0,0.12,107,No,No,Yes,Yes,479
325,31.2,38.1,24.3,2.96,29,No,Yes,Yes,Yes,361
326,35.9,21.2,74.7,1.91,415,No,No,Yes,Yes,521
327,39.1,11.1,99.2,0.93,269,No,Yes,Yes,Yes,7259
328,22.6,52.1,41.0,2.27,250,No,Yes,Yes,Yes,1040
329,17.0,69.9,15.3,15.51,0,No,No,No,No,NA
330,28.1,32.4,29.7,0.67,446,Yes,Yes,Yes,Yes,396
331,26.7,37.9,20.4,1.68,0,No,No,Yes,No,NA
332,29.7,31.4,67.7,1.72,592,No,Yes,Yes,Yes,4293
333,17.8,77.1,8.5,7.55,0,No,No,No,No,NA
334,38.6,16.0,79.9,0.39,1157,No,Yes,Yes,Yes,5838
335,14.1,80.7,7.8,14.79,0,No,No,No,No,NA
336,17.2,76.9,10.7,22.21,0,No,No,No,No,NA
337,35.8,23.8,45.7,1.98,0,No,No,No,No,NA
338,32.4,20.1,63.5,0.48,0,No,Yes,Yes,No,NA
339,38.2,17.2,65.1,0.6,805,No,No,Yes,Yes,3273
340,25.9,39.2,42.8,1.86,547,No,Yes,Yes,Yes,398
341,29.6,38.1,41.2,2.32,310,Yes,Yes,Yes,Yes,355
342,23.7,63.0,29.9,8.62,0,No,Yes,Yes,No,NA
343,19.7,81.6,29.7,18.2,0,No,No,No,No,NA
344,30.3,33.2,76.2,1.02,491,Yes,Yes,Yes,Yes,1335
345,14.5,91.0,9.7,38.42,0,No,No,No,No,NA
346,15.2,85.3,21.6,19.16,0,No,No,No,No,NA
347,31.8,21.8,58.7,1.57,0,Yes,Yes,Yes,No,NA
348,44.4,11.9,34.4,0.19,359,No,Yes,Yes,Yes,2846
349,32.2,25.5,21.9,0.57,0,No,No,No,No,NA
350,17.8,72.4,23.1,6.74,0,No,No,No,No,NA
351,39.6,31.8,74.7,0.36,1016,Yes,Yes,Yes,Yes,4361
352,15.9,61.7,30.0,7.08,0,No,No,No,No,NA
353,26.9,33.1,63.4,0.78,496,No,Yes,Yes,Yes,2416
354,8.8,74.1,9.9,27.46,0,No,No,No,No,NA
355,22.0,40.7,24.8,6.9,0,No,No,No,No,NA
356,26.5,24.0,37.8,1.64,0,No,No,No,No,NA
357,28.8,39.7,30.6,1.28,0,No,No,No,No,NA
358,26.4,38.3,44.2,4.77,0,No,No,No,No,NA
359,32.0,35.8,32.9,0.98,22,No,Yes,Yes,Yes,1851
360,33.0,29.0,98.7,0.28,723,No,Yes,Yes,Yes,874
361,17.6,66.9,31.4,24.47,0,No,No,No,No,NA
362,22.5,20.3,61.2,1.05,0,Yes,Yes,Yes,No,NA
363,28.3,44.9,28.0,1.54,0,No,No,No,No,NA
364,22.0,59.4,22.9,19.75,0,No,No,No,No,NA
365,21.9,41.8,23.2,1.35,0,No,No,No,No,NA
366,33.4,21.4,68.9,0.1,187,No,No,Yes,Yes,1538
367,24.9,27.3,27.9,0.79,50,No,Yes,Yes,Yes,2263
368,20.7,38.3,47.1,6.98,0,No,No,No,No,NA
369,31.5,26.6,58.0,0.73,3,No,No,Yes,Yes,2247
370,15.3,78.9,38.0,14.79,0,No,No,No,No,NA
371,32.1,19.8,93.3,0.11,1505,No,Yes,Yes,Yes,4184
372,13.7,62.3,30.1,3.57,0,No,No,No,No,NA
373,26.9,43.8,57.6,2.11,289,No,No,Yes,Yes,871
374,15.7,75.1,18.4,23.48,0,No,No,No,No,NA
375,31.5,23.8,91.6,0.06,557,No,No,Yes,Yes,2982
376,44.5,24.6,57.9,0.1,1057,No,No,Yes,Yes,2983
377,32.6,43.7,23.0,2.4,102,No,Yes,Yes,Yes,447
378,15.3,57.9,21.0,18.21,0,No,No,No,No,NA
379,26.6,42.4,36.2,6.85,0,No,No,No,No,NA
380,25.7,42.8,44.7,4.47,0,Yes,Yes,Yes,No,NA
381,25.8,42.1,24.5,2.04,0,No,No,Yes,No,NA
382,29.1,32.9,21.1,1.63,17,Yes,Yes,Yes,Yes,1475
383,42.4,17.0,109.1,0.72,1252,No,Yes,Yes,Yes,8532
384,24.5,34.6,25.7,1.09,0,No,No,No,No,NA
385,22.9,58.8,26.4,8.98,0,No,No,No,No,NA
386,23.3,31.9,39.3,1.83,11,No,Yes,Yes,Yes,994
387,37.9,22.3,41.3,1.67,0,Yes,Yes,Yes,No,NA
388,27.8,31.4,62.2,0.77,798,No,No,Yes,Yes,1681
389,29.5,24.0,71.3,0.68,228,Yes,Yes,Yes,Yes,2509
390,15.9,58.9,16.4,18.0,0,No,No,No,No,NA
391,34.4,37.6,47.4,0.41,0,No,No,Yes,No,NA
392,39.6,26.1,89.0,0.31,18,Yes,Yes,Yes,Yes,4846
393,14.6,73.8,19.8,38.56,0,No,No,No,No,NA
394,38.7,13.6,75.7,0.27,2270,No,Yes,Yes,Yes,3664
395,13.1,83.0,12.8,21.96,0,No,No,No,No,NA
396,29.3,27.9,21.1,0.53,0,Yes,Yes,Yes,No,NA
397,17.8,70.4,14.1,15.11,0,No,Yes,Yes,No,NA
398,22.1,37.2,20.7,3.71,0,No,No,No,No,NA
399,31.2,29.0,57.5,1.08,0,Yes,Yes,Yes,No,NA
400,30.5,28.6,21.0,2.83,0,No,No,No,No,NA
401,12.9,75.4,10.1,4.14,0,No,No,No,No,NA
402,20.1,67.9,7.7,13.2,0,No,No,No,No,NA
403,20.6,38.4,38.5,4.85,0,No,No,Yes,No,NA
404,28.9,32.3,35.6,3.69,0,No,Yes,Yes,No,NA
405,27.5,36.4,39.4,2.46,357,No,No,Yes,Yes,632
406,6.9,76.0,19.9,33.27,0,No,No,No,No,NA
407,41.8,22.4,36.5,0.26,211,No,Yes,Yes,Yes,3505
408,20.3,25.7,39.4,3.84,75,No,No,Yes,Yes,1118
409,30.1,17.0,55.3,0.68,0,No,No,No,No,NA
410,25.8,28.4,34.1,2.3,31,Yes,Yes,Yes,Yes,48
411,22.3,37.3,27.4,1.07,0,No,Yes,Yes,No,NA
412,16.4,66.9,39.6,7.96,0,No,No,No,No,NA
413,29.9,23.8,53.9,1.97,672,No,Yes,Yes,Yes,2933
414,10.9,86.1,13.9,9.53,0,No,No,No,No,NA
415,9.8,93.8,11.8,16.5,0,No,No,No,No,NA
416,8.8,91.5,13.5,35.72,0,No,No,No,No,NA
417,18.2,63.8,8.4,19.61,0,No,No,No,No,NA
418,26.6,54.3,45.4,3.93,0,No,Yes,Yes,No,NA
419,18.0,78.0,24.6,24.12,0,No,No,No,No,NA
420,9.1,83.1,23.8,8.55,0,No,No,No,No,NA
421,29.2,29.2,28.8,3.71,27,No,Yes,Yes,Yes,1234
422,24.8,54.9,26.7,5.0,0,No,Yes,Yes,No,NA
423,6.0,90.1,19.0,31.35,0,No,No,No,No,NA
424,21.0,69.1,28.2,6.94,0,No,No,No,No,NA
425,20.5,41.6,15.5,5.72,0,No,No,No,No,NA
426,28.7,51.6,37.9,1.41,0,No,No,No,No,NA
427,20.5,53.5,26.3,5.28,0,No,Yes,Yes,No,NA
428,32.2,21.0,100.4,0.36,1397,Yes,Yes,Yes,Yes,7075
429,16.3,84.6,21.3,15.46,0,No,No,Yes,No,NA
430,30.9,38.6,57.9,0.31,0,No,Yes,Yes,No,NA
431,19.9,63.6,12.3,16.74,0,No,No,No,No,NA
432,35.2,24.1,54.0,0.45,1667,No,Yes,Yes,Yes,557
433,33.4,15.1,56.3,0.08,602,No,No,Yes,Yes,96
434,40.9,15.8,101.8,0.19,3047,No,No,Yes,Yes,3922
435,24.7,29.0,32.7,2.44,28,No,No,Yes,Yes,288
436,40.7,12.8,32.3,0.4,803,No,Yes,Yes,Yes,487
437,36.2,15.4,49.6,0.44,0,No,No,Yes,No,NA
438,28.0,28.9,69.3,0.73,815,No,No,Yes,Yes,350
439,27.3,32.1,27.2,0.44,0,No,No,Yes,No,NA
440,25.7,22.4,62.7,1.78,0,No,No,No,No,NA
441,29.1,28.1,27.4,0.8,0,No,No,Yes,No,NA
442,39.9,16.9,43.1,1.7,116,Yes,Yes,Yes,Yes,1197
443,22.0,44.7,24.0,0.92,0,No,No,No,No,NA
444,7.9,71.1,9.9,8.5,0,No,No,No,No,NA
445,29.7,30.6,50.4,1.46,0,No,No,Yes,No,NA
446,37.2,20.9,57.6,1.29,435,No,No,Yes,Yes,739
447,16.0,78.0,5.6,11.42,0,No,No,No,No,NA
448,17.1,69.3,13.8,5.26,0,No,No,No,No,NA
449,37.0,8.3,88.3,0.5,2792,No,No,Yes,Yes,396
450,22.3,36.5,56.7,1.54,61,No,Yes,Yes,Yes,937
451,24.9,77.2,17.9,16.56,0,No,No,Yes,No,NA
452,38.2,16.9,35.4,0.21,1435,No,No,Yes,Yes,1783
453,16.5,89.4,20.4,7.48,0,No,No,No,No,NA
454,32.1,24.3,63.9,0.66,273,Yes,Yes,Yes,Yes,1501
455,25.9,44.8,41.5,5.6,0,No,No,No,No,NA
456,29.2,44.0,33.6,7.33,0,No,No,No,No,NA
457,16.5,83.5,22.3,13.17,0,No,No,No,No,NA
458,39.0,12.5,69.3,0.12,1804,Yes,Yes,Yes,Yes,2986
459,31.6,26.9,92.8,0.53,9,Yes,Yes,Yes,Yes,2155
460,38.0,23.7,61.3,0.43,1861,No,No,Yes,Yes,3957
461,38.7,28.2,88.3,0.59,1138,No,Yes,Yes,Yes,4434
462,26.3,32.0,28.7,0.83,0,No,No,No,No,NA
463,36.2,18.4,40.4,0.34,170,No,Yes,Yes,Yes,853
464,24.5,32.6,60.8,1.32,0,No,No,No,No,NA
465,19.4,76.5,15.7,24.01,0,No,No,No,No,NA
466,34.1,24.8,42.5,0.28,0,No,No,No,No,NA
467,21.9,26.4,29.4,3.06,0,No,No,No,No,NA
468,25.5,25.1,64.1,1.48,0,No,No,No,No,NA
469,38.4,33.6,77.0,1.33,42,Yes,Yes,Yes,Yes,2120
470,41.5,10.9,86.7,0.83,531,No,No,Yes,Yes,6033
471,14.9,61.5,17.3,17.58,0,No,No,No,No,NA
472,17.8,88.8,6.6,17.83,0,No,No,No,No,NA
473,29.9,35.7,41.7,2.56,0,Yes,Yes,Yes,No,NA
474,36.7,32.1,51.0,1.94,0,No,No,No,No,NA
475,12.5,77.8,7.8,9.58,0,No,No,No,No,NA
476,26.9,26.9,26.4,2.55,0,No,No,No,No,NA
477,17.9,64.1,14.0,6.32,0,Yes,Yes,Yes,No,NA
478,18.3,65.7,11.1,22.96,0,No,No,No,No,NA
479,15.3,75.3,32.2,24.75,0,No,No,No,No,NA
480,22.1,34.2,54.6,1.96,169,No,Yes,Yes,Yes,1516
481,8.2,89.0,5.5,14.67,0,No,No,No,No,NA
482,20.4,77.8,18.2,10.0,0,No,No,No,No,NA
483,15.1,61.0,12.2,10.19,0,No,No,No,No,NA
484,23.5,65.4,24.6,2.37,0,No,No,No,No,NA
485,22.3,65.7,16.5,11.64,0,Yes,Yes,Yes,No,NA
486,24.6,30.1,39.3,0.1,0,No,Yes,Yes,No,NA
487,24.3,44.8,22.7,3.11,0,No,No,No,No,NA
488,26.4,39.4,30.3,2.68,170,No,Yes,Yes,Yes,1378
489,25.2,36.7,37.2,0.31,97,No,Yes,Yes,Yes,321
490,36.9,34.8,79.6,1.85,281,Yes,Yes,Yes,Yes,269
491,14.3,82.4,18.7,8.01,0,No,No,No,No,NA
492,23.0,26.1,31.0,2.74,0,No,No,No,No,NA
493,37.8,16.0,59.2,0.15,876,No,Yes,Yes,Yes,2114
494,32.9,25.9,59.4,1.46,0,Yes,Yes,Yes,No,NA
495,36.0,15.0,77.0,0.4,1191,No,No,Yes,Yes,2236
496,35.5,17.0,75.6,0.11,1507,No,Yes,Yes,Yes,6850
497,32.3,32.9,49.6,1.52,21,No,Yes,Yes,Yes,4229
498,19.2,66.9,11.9,8.04,0,No,No,No,No,NA
499,16.0,63.4,26.4,17.76,0,No,No,No,No,NA
500,35.8,26.9,72.8,1.86,696,No,Yes,Yes,Yes,3070
501,29.2,36.3,35.1,2.05,0,No,Yes,Yes,No,NA
502,40.9,17.5,90.7,0.01,401,No,Yes,Yes,Yes,4689
503,5.4,87.2,10.2,30.71,0,No,No,No,No,NA
504,21.8,75.9,10.8,16.44,0,No,No,No,No,NA
505,27.0,23.9,53.8,2.79,0,No,No,No,No,NA
506,30.1,38.8,55.7,0.22,528,No,Yes,Yes,Yes,40
507,30.5,43.0,26.0,2.69,0,No,No,No,No,NA
508,17.9,78.5,18.9,16.0,0,No,No,No,No,NA
509,15.4,81.5,13.4,23.49,0,No,No,No,No,NA
510,40.2,15.6,82.3,0.32,1651,No,No,Yes,Yes,4015
511,20.3,64.7,31.0,18.77,0,No,No,No,No,NA
512,43.5,19.3,43.7,0.1,406,No,Yes,Yes,Yes,1453
513,5.7,84.5,6.2,7.33,0,No,No,No,No,NA
514,28.7,44.9,47.9,1.05,877,No,Yes,Yes,Yes,1309
515,13.7,84.4,19.8,14.14,0,No,No,No,No,NA
516,32.8,21.6,55.5,0.0,27,No,No,Yes,Yes,1015
517,28.8,39.2,68.9,0.58,0,No,No,No,No,NA
518,31.5,21.1,88.3,0.78,1409,No,No,Yes,Yes,5132
519,19.2,71.5,36.6,24.37,0,No,No,No,No,NA
520,37.8,33.9,54.6,0.97,0,No,No,Yes,No,NA
521,17.6,79.8,12.5,21.54,0,No,No,No,No,NA
522,17.8,66.8,20.9,18.37,0,No,No,Yes,No,NA
523,39.5,22.2,68.9,0.06,368,No,No,Yes,Yes,4294
524,17.7,82.9,21.8,11.42,0,No,No,No,No,NA
525,44.5,16.2,79.9,0.31,512,No,No,Yes,Yes,999
526,10.7,77.3,20.0,15.62,0,No,No,No,No,NA
527,26.0,29.3,38.2,1.22,745,Yes,Yes,Yes,Yes,396
528,34.1,28.9,75.2,0.33,413,No,Yes,Yes,Yes,1228
529,31.3,27.0,29.4,0.96,672,No,No,Yes,Yes,46
530,28.8,30.1,37.9,0.49,0,No,No,No,No,NA
531,14.8,70.7,20.6,6.39,0,No,No,No,No,NA
532,15.8,91.5,9.6,33.74,0,No,No,No,No,NA
533,32.9,21.4,68.1,1.12,578,No,Yes,Yes,Yes,4429
534,25.6,44.1,24.1,7.72,327,No,No,Yes,Yes,914
535,26.0,41.4,33.8,2.66,291,Yes,Yes,Yes,Yes,141
536,30.9,39.1,23.5,0.73,0,Yes,Yes,Yes,No,NA
537,36.7,15.2,66.6,0.62,294,No,Yes,Yes,Yes,3608
538,22.5,67.3,10.1,11.86,0,No,No,No,No,NA
539,34.4,17.0,32.1,0.15,787,No,Yes,Yes,Yes,828
540,37.1,16.5,46.8,0.8,40,No,Yes,Yes,Yes,4259
541,22.4,65.6,19.0,3.65,0,No,No,No,No,NA
542,34.5,21.4,65.6,0.05,0,No,Yes,Yes,No,NA
543,16.3,94.0,21.1,19.85,0,No,No,No,No,NA
544,30.5,20.4,45.6,0.87,0,No,Yes,Yes,No,NA
545,33.0,33.3,75.1,0.19,2034,No,Yes,Yes,Yes,3852
546,25.8,44.6,47.5,2.77,0,No,Yes,Yes,No,NA
547,14.3,87.5,5.1,26.69,0,No,No,No,No,NA
548,34.5,31.2,48.1,0.35,347,No,No,Yes,Yes,97
549,40.9,18.5,88.1,0.75,198,No,Yes,Yes,Yes,13312
550,32.1,42.5,52.5,0.31,86,No,Yes,Yes,Yes,105
551,25.8,21.6,48.0,0.41,0,No,No,No,No,NA
552,38.9,28.4,65.1,0.07,201,No,Yes,Yes,Yes,5787
553,12.9,72.0,27.8,17.16,0,No,No,Yes,No,NA
554,26.0,27.1,51.1,2.39,219,No,Yes,Yes,Yes,257
555,39.3,15.7,103.5,0.31,1500,No,No,Yes,Yes,9774
556,39.9,21.2,56.1,0.79,1902,Yes,Yes,Yes,Yes,438
557,34.9,11.8,36.9,0.48,1102,No,No,Yes,Yes,549
558,19.7,65.4,21.6,19.17,0,No,No,No,No,NA
559,23.5,44.7,20.2,3.25,0,No,No,No,No,NA
560,29.1,33.3,62.2,0.94,270,Yes,Yes,Yes,Yes,1645
561,31.9,35.9,57.3,1.94,717,No,No,Yes,Yes,2160
562,20.9,65.8,12.3,3.27,0,No,No,No,No,NA
563,14.0,73.5,19.9,28.36,0,No,No,No,No,NA
564,34.8,20.5,60.5,0.24,1297,No,Yes,Yes,Yes,683
565,32.2,23.8,69.1,1.13,418,Yes,Yes,Yes,Yes,2592
566,20.2,81.0,21.4,12.08,0,No,No,No,No,NA
567,17.9,73.6,27.5,7.68,0,No,No,No,No,NA
568,26.3,22.0,36.4,0.25,139,No,No,Yes,Yes,740
569,12.9,81.8,14.1,7.53,0,No,No,No,No,NA
570,34.1,18.7,52.2,1.45,503,No,No,Yes,Yes,444
571,41.8,14.9,78.3,0.35,9,No,No,Yes,Yes,217
572,26.7,51.7,25.6,1.78,164,No,No,Yes,Yes,1099
573,24.4,56.4,7.9,3.37,0,No,No,No,No,NA
574,39.3,26.3,55.4,0.6,331,No,No,Yes,Yes,2438
575,39.1,24.4,77.9,0.4,552,Yes,Yes,Yes,Yes,9788
576,21.4,31.8,61.0,2.33,67,No,Yes,Yes,Yes,1181
577,8.1,93.2,23.6,22.78,0,No,No,No,No,NA
578,16.4,62.9,5.8,4.6,0,No,No,No,No,NA
579,19.8,36.3,35.4,3.27,0,No,No,No,No,NA
580,32.6,23.6,46.9,0.35,410,No,Yes,Yes,Yes,2244
581,23.9,54.8,46.7,4.93,0,No,Yes,Yes,No,NA
582,28.0,22.1,47.7,0.48,0,No,No,No,No,NA
583,25.2,34.2,45.7,0.31,73,Yes,Yes,Yes,Yes,1285
584,25.1,36.9,64.1,0.23,0,No,No,No,No,NA
585,44.2,17.6,53.3,0.11,192,No,No,Yes,Yes,1370
586,39.3,16.6,61.6,0.36,29,No,No,Yes,Yes,4388
587,41.8,10.1,45.8,0.34,154,No,Yes,Yes,Yes,944
588,7.7,80.5,23.1,29.6,0,No,No,No,No,NA
589,42.5,23.2,79.4,0.48,0,No,No,No,No,NA
590,24.0,42.0,40.9,0.32,0,No,No,No,No,NA
591,18.6,25.8,46.5,0.84,124,Yes,Yes,Yes,Yes,650
592,30.3,11.7,76.0,0.82,101,No,No,Yes,Yes,5834
593,29.0,43.3,18.7,6.06,0,No,Yes,Yes,No,NA
594,39.9,22.7,62.2,0.17,2170,Yes,Yes,Yes,Yes,2423
595,34.3,25.0,56.9,0.03,1344,No,No,Yes,Yes,3067
596,9.5,73.9,7.3,16.64,0,No,No,No,No,NA
597,28.3,22.7,28.5,1.34,111,Yes,Yes,Yes,Yes,1112
598,12.2,60.5,22.5,5.02,25,No,No,Yes,Yes,89
599,25.8,51.3,43.2,1.97,0,No,No,No,No,NA
600,28.1,31.8,26.3,0.49,0,Yes,Yes,Yes,No,NA
601,14.9,89.2,24.9,6.59,0,No,No,No,No,NA
602,16.6,61.6,12.9,18.53,0,No,No,No,No,NA
603,29.9,38.3,58.6,3.91,0,No,No,Yes,No,NA
604,25.5,29.0,65.3,0.19,4,No,Yes,Yes,Yes,1001
605,34.3,33.4,57.1,1.81,0,No,No,No,No,NA
606,32.0,17.4,83.6,0.23,814,No,Yes,Yes,Yes,4013
607,23.5,48.0,38.0,1.47,53,No,No,Yes,Yes,617
608,15.0,68.7,29.7,9.73,0,No,No,No,No,NA
609,41.0,17.1,76.4,0.62,2822,No,Yes,Yes,Yes,1450
610,32.2,35.5,61.0,0.4,0,No,Yes,Yes,No,NA
611,29.7,27.0,29.0,0.7,0,No,No,No,No,NA
612,30.9,17.6,62.6,1.11,0,No,No,No,No,NA
613,20.3,61.5,11.0,17.62,0,No,No,No,No,NA
614,18.7,80.9,37.6,10.59,0,No,No,No,No,NA
615,30.0,52.0,17.5,2.35,0,No,No,No,No,NA
616,29.8,20.2,56.4,3.9,0,No,No,No,No,NA
617,35.1,22.8,40.5,0.08,135,No,Yes,Yes,Yes,2708
618,22.8,51.2,44.9,3.13,0,No,No,No,No,NA
619,37.4,33.2,56.9,0.6,46,Yes,Yes,Yes,Yes,2161
620,18.3,80.0,14.1,14.26,0,No,No,No,No,NA
621,21.8,59.2,17.6,2.59,0,No,No,No,No,NA
622,28.5,39.6,48.9,0.52,0,No,No,No,No,NA
623,29.8,37.4,61.5,3.54,774,No,Yes,Yes,Yes,2597
624,29.3,34.5,42.4,2.57,0,Yes,Yes,Yes,No,NA
625,22.6,29.0,38.2,0.18,33,No,Yes,Yes,Yes,617
626,33.0,36.1,39.1,0.81,0,No,No,Yes,No,NA
627,34.7,31.2,43.0,1.9,753,No,No,Yes,Yes,512
628,23.2,34.6,51.0,3.48,0,No,No,No,No,NA
629,23.9,32.2,42.5,1.21,282,No,Yes,Yes,Yes,2331
630,37.8,16.0,75.6,0.12,788,No,No,Yes,Yes,3089
631,28.8,37.5,40.3,1.9,303,No,Yes,Yes,Yes,225
632,20.8,57.8,8.9,9.13,0,No,No,Yes,No,NA
633,29.6,31.6,67.8,1.29,11,No,No,Yes,Yes,1991
634,38.8,11.8,53.3,0.31,257,No,No,Yes,Yes,3431
635,23.7,23.9,56.3,1.36,0,No,No,No,No,NA
636,29.8,39.5,45.1,1.72,875,No,Yes,Yes,Yes,826
637,22.6,54.0,43.6,3.79,0,No,No,No,No,NA
638,27.7,40.8,20.5,5.39,0,No,Yes,Yes,No,NA
639,28.0,37.9,30.7,2.0,253,No,Yes,Yes,Yes,2499
640,17.7,90.6,9.6,26.79,0,No,No,No,No,NA
641,7.6,82.7,6.5,24.15,0,No,No,No,No,NA
642,11.1,89.9,16.9,27.05,0,No,No,No,No,NA
643,20.7,75.0,14.8,15.26,0,No,No,No,No,NA
644,19.8,39.0,35.9,3.82,0,No,No,No,No,NA
645,37.4,29.8,72.3,0.87,317,No,Yes,Yes,Yes,2553
646,39.5,15.0,80.4,0.36,307,No,No,Yes,Yes,7767
647,24.6,33.0,56.5,0.75,0,No,No,No,No,NA
648,30.6,34.3,68.4,1.1,0,No,No,Yes,No,NA
649,18.5,60.4,11.0,20.59,0,No,No,No,No,NA
650,23.7,24.5,28.9,2.77,0,No,No,No,No,NA
651,30.8,24.6,49.4,0.21,451,No,No,Yes,Yes,1685
652,13.7,77.9,36.9,5.2,0,No,No,No,No,NA
653,23.0,38.5,24.0,1.77,0,No,No,No,No,NA
654,18.1,80.2,10.2,15.05,0,No,No,No,No,NA
655,39.7,16.9,86.5,0.45,0,No,No,Yes,No,NA
656,16.0,69.6,10.1,3.03,0,No,No,No,No,NA
657,25.0,31.3,47.0,2.13,6,No,Yes,Yes,Yes,1561
658,20.7,64.5,21.9,5.83,0,No,No,No,No,NA
659,28.5,38.9,49.7,6.41,0,No,Yes,Yes,No,NA
660,26.9,54.4,46.2,3.65,0,No,No,No,No,NA
661,32.4,16.3,59.0,0.99,0,Yes,Yes,Yes,No,NA
662,32.7,37.1,50.7,1.8,2,Yes,Yes,Yes,Yes,2030
663,26.3,26.6,46.4,0.96,0,No,No,No,No,NA
664,41.1,12.0,35.2,0.22,1203,Yes,Yes,Yes,Yes,857
665,31.5,16.7,61.3,0.55,774,No,No,Yes,Yes,2006
666,12.6,67.8,16.9,3.09,0,No,No,No,No,NA
667,30.9,30.3,50.5,0.76,457,No,Yes,Yes,Yes,2017
668,36.6,21.7,87.8,0.2,250,No,Yes,Yes,Yes,617
669,13.0,80.8,19.5,15.39,0,No,No,No,No,NA
670,31.2,40.9,20.7,1.66,0,No,No,No,No,NA
671,23.0,30.9,41.0,2.21,433,No,Yes,Yes,Yes,1322
672,38.6,21.9,67.3,0.48,518,No,No,Yes,Yes,2115
673,32.9,20.9,55.4,1.49,0,No,No,No,No,NA
674,33.3,15.4,89.5,0.15,1270,No,No,Yes,Yes,5781
675,31.4,31.4,25.2,0.35,186,No,Yes,Yes,Yes,144
676,20.6,39.1,26.2,1.92,0,No,No,No,No,NA
677,25.7,39.7,49.1,3.9,0,No,No,Yes,No,NA
678,38.5,20.8,67.0,0.54,0,Yes,Yes,Yes,No,NA
679,29.5,47.2,36.5,7.67,0,No,No,No,No,NA
680,29.1,24.6,30.5,0.18,396,No,Yes,Yes,Yes,2755
681,33.3,14.8,62.4,0.59,0,Yes,Yes,Yes,No,NA
682,20.6,74.7,5.7,17.78,0,No,No,No,No,NA
683,5.0,72.8,20.6,21.66,0,No,No,No,No,NA
684,16.9,63.2,6.8,16.07,0,No,No,No,No,NA
685,14.3,83.5,10.2,6.06,0,No,No,No,No,NA
686,31.9,35.7,63.2,1.55,0,Yes,Yes,Yes,No,NA
687,12.2,85.4,20.3,17.4,0,No,No,No,No,NA
688,31.6,17.0,67.3,0.34,135,No,No,Yes,Yes,3487
689,27.4,30.6,27.3,0.94,0,No,No,No,No,NA
690,30.5,36.1,51.6,2.01,0,No,No,No,No,NA
691,39.3,24.6,60.3,0.25,2224,No,No,Yes,Yes,1791
692,19.5,67.9,12.5,19.17,0,No,No,No,No,NA
693,23.0,52.8,21.9,1.26,0,No,No,Yes,No,NA
694,34.8,16.2,63.8,0.69,464,No,Yes,Yes,Yes,2698
695,16.5,80.6,28.2,6.6,0,No,No,No,No,NA
696,15.2,65.7,7.6,14.88,0,No,No,No,No,NA
697,41.6,18.2,77.3,0.15,455,No,Yes,Yes,Yes,8378
698,30.0,31.3,32.6,1.09,0,No,No,No,No,NA
699,24.1,67.7,25.4,11.01,0,No,No,No,No,NA
700,40.2,12.5,69.9,0.03,562,No,Yes,Yes,Yes,8541
701,16.4,84.3,24.1,13.93,0,No,No,No,No,NA
702,29.6,23.6,42.8,1.32,0,No,Yes,Yes,No,NA
703,29.6,29.5,79.0,1.5,2035,No,No,Yes,Yes,3895
704,32.1,29.3,49.5,0.38,0,No,No,No,No,NA
705,35.4,12.0,51.1,0.04,1086,No,Yes,Yes,Yes,1278
706,33.6,27.6,54.1,1.23,162,No,No,Yes,Yes,1954
707,42.4,13.6,41.5,0.42,679,No,Yes,Yes,Yes,3040
708,18.4,25.8,49.8,1.96,0,No,Yes,Yes,No,NA
709,21.7,78.1,22.2,8.63,0,No,No,No,No,NA
710,28.1,38.6,24.2,7.27,0,No,No,No,No,NA
711,28.6,37.8,51.0,0.22,109,No,Yes,Yes,Yes,1202
712,42.2,23.1,53.6,0.19,837,Yes,Yes,Yes,Yes,3854
713,27.5,35.9,41.7,3.27,0,No,Yes,Yes,No,NA
714,16.6,76.9,15.4,11.04,0,No,No,No,No,NA
715,18.2,71.9,22.1,6.2,0,No,No,No,No,NA
716,22.4,40.5,33.2,2.5,0,No,Yes,Yes,No,NA
717,27.6,32.4,26.8,0.29,0,Yes,Yes,Yes,No,NA
718,19.8,77.4,7.5,4.06,0,No,No,No,No,NA
719,41.2,20.3,45.5,0.2,599,No,No,Yes,Yes,2873
720,35.5,9.7,70.2,0.45,991,No,No,Yes,Yes,5542
721,13.5,92.5,14.3,29.01,0,No,No,No,No,NA
722,21.8,61.1,15.6,5.89,0,No,No,No,No,NA
723,25.6,39.1,33.2,0.28,0,No,No,No,No,NA
724,38.4,22.0,60.1,0.05,420,No,Yes,Yes,Yes,2018
725,19.3,67.4,13.2,21.44,0,No,No,No,No,NA
726,39.8,27.4,62.1,1.56,76,No,Yes,Yes,Yes,3962
727,34.1,21.8,72.0,0.23,54,Yes,Yes,Yes,Yes,3702
728,27.0,26.9,20.2,1.87,0,No,No,No,No,NA
729,43.5,21.2,31.5,0.03,1085,No,Yes,Yes,Yes,22
730,19.3,34.4,59.5,1.14,118,Yes,Yes,Yes,Yes,328
731,22.6,70.6,20.7,16.61,0,No,No,No,No,NA
732,37.1,17.1,60.0,0.05,731,No,No,Yes,Yes,332
733,23.5,40.5,35.4,1.22,288,No,No,Yes,Yes,1785
734,33.3,23.1,49.7,0.41,0,No,Yes,Yes,No,NA
735,39.0,15.5,99.6,0.82,2933,No,No,Yes,Yes,4125
736,32.5,23.9,43.8,1.12,0,No,Yes,Yes,No,NA
737,15.1,68.4,21.8,2.03,6,No,No,Yes,Yes,222
738,34.5,22.6,65.9,0.79,1471,No,Yes,Yes,Yes,2930
739,18.1,80.5,33.0,24.79,0,No,No,No,No,NA
740,21.0,23.1,35.1,0.98,0,No,No,Yes,No,NA
741,23.6,48.7,31.2,6.22,0,No,No,No,No,NA
742,39.0,32.8,70.3,1.25,180,No,No,Yes,Yes,5236
743,24.1,35.8,22.7,2.94,413,Yes,Yes,Yes,Yes,1325
744,23.8,61.8,28.6,4.05,0,No,No,No,No,NA
745,35.9,28.1,102.3,0.91,615,No,Yes,Yes,Yes,4323
746,25.7,40.0,38.2,2.84,0,No,No,No,No,NA
747,24.5,57.4,7.9,14.51,0,No,No,No,No,NA
748,31.3,37.5,38.2,0.15,637,No,No,Yes,Yes,498
749,12.7,68.3,20.2,15.56,0,No,No,No,No,NA
750,20.4,50.3,15.4,3.3,0,No,No,No,No,NA
751,14.9,85.0,24.2,18.11,0,No,No,No,No,NA
752,27.4,26.1,37.9,0.39,455,Yes,Yes,Yes,Yes,1212
753,38.9,27.2,90.3,0.79,943,No,No,Yes,Yes,5983
754,27.6,36.3,43.8,3.04,0,No,No,No,No,NA
755,6.8,82.3,19.8,38.16,0,No,No,No,No,NA
756,38.9,18.7,72.6,0.22,786,No,No,Yes,Yes,3784
757,25.0,75.7,23.0,19.26,0,No,No,No,No,NA
758,35.5,11.7,64.5,0.28,629,No,Yes,Yes,Yes,2547
759,33.4,34.9,36.2,0.64,625,No,Yes,Yes,Yes,624
760,32.7,25.2,52.2,0.54,849,No,No,Yes,Yes,5623
761,18.2,75.7,11.0,7.93,0,No,No,No,No,NA
762,17.4,79.9,38.2,4.97,0,No,No,No,No,NA
763,27.8,23.8,60.6,2.78,0,Yes,Yes,Yes,No,NA
764,11.6,87.0,24.3,7.57,0,No,No,No,No,NA
765,27.3,35.6,28.3,1.4,27,No,Yes,Yes,Yes,522
766,16.4,74.3,12.1,9.58,0,No,No,No,No,NA
767,25.7,24.7,32.6,1.89,0,No,No,Yes,No,NA
768,7.9,82.0,23.0,16.03,0,No,No,No,No,NA
769,32.4,24.5,75.5,0.63,50,No,Yes,Yes,Yes,4322
770,27.3,32.0,64.5,2.64,0,No,Yes,Yes,No,NA
771,40.2,21.1,80.9,0.12,1544,No,Yes,Yes,Yes,904
772,21.8,69.2,23.4,15.17,0,No,No,No,No,NA
773,30.2,33.9,67.7,1.83,77,No,No,Yes,Yes,1606
774,24.3,29.8,49.1,2.69,422,No,No,Yes,Yes,610
775,14.1,61.2,30.2,12.98,0,No,No,No,No,NA
776,23.6,37.7,59.7,2.99,52,No,Yes,Yes,Yes,824
777,31.3,25.5,71.4,0.89,978,Yes,Yes,Yes,Yes,2585
778,39.9,20.2,42.9,0.05,1544,No,Yes,Yes,Yes,136
779,30.1,25.8,31.8,2.44,0,No,No,No,No,NA
780,27.0,48.5,20.2,7.05,0,No,No,No,No,NA
781,13.4,67.5,27.3,5.94,0,No,No,No,No,NA
782,13.2,83.7,22.0,7.38,0,No,No,No,No,NA
783,20.3,38.9,47.4,5.85,0,Yes,Yes,Yes,No,NA
784,23.4,25.1,41.5,3.02,85,Yes,Yes,Yes,Yes,207
785,42.3,15.4,88.0,0.69,2294,Yes,Yes,Yes,Yes,2818
786,28.4,42.2,16.0,7.35,342,No,Yes,Yes,Yes,292
787,23.3,42.1,33.8,2.56,0,No,No,No,No,NA
788,24.4,38.1,25.2,3.33,0,No,No,No,No,NA
789,41.3,21.7,84.6,0.47,0,Yes,Yes,Yes,No,NA
790,36.9,25.5,55.7,0.41,69,No,Yes,Yes,Yes,2759
791,39.9,10.3,49.4,0.24,9,No,Yes,Yes,Yes,2276
792,16.8,57.4,18.4,16.39,0,No,No,No,No,NA
793,22.6,56.8,17.8,14.17,0,No,No,No,No,NA
794,41.0,14.2,102.3,0.13,947,No,Yes,Yes,Yes,6733
795,40.3,13.1,66.7,0.03,0,Yes,Yes,Yes,No,NA
796,20.9,23.5,51.3,3.46,0,No,No,Yes,No,NA
797,19.4,58.7,28.8,7.94,0,No,No,No,No,NA
798,15.0,82.5,11.2,24.51,0,No,No,No,No,NA
799,37.9,29.5,76.2,0.62,200,No,No,Yes,Yes,888
800,21.6,31.9,51.8,0.76,0,No,No,Yes,No,NA
801,24.0,37.4,31.2,0.15,316,Yes,Yes,Yes,Yes,1114
802,29.9,29.2,41.1,0.72,597,No,Yes,Yes,Yes,2382
803,39.0,17.1,61.3,0.09,208,No,No,Yes,Yes,2811
804,31.2,22.1,59.8,0.81,646,Yes,Yes,Yes,Yes,5110
805,28.2,48.8,22.8,5.08,409,No,Yes,Yes,Yes,14
806,28.5,38.5,45.5,0.55,0,No,No,No,No,NA
807,30.3,19.8,75.9,0.9,498,No,No,Yes,Yes,3244
808,12.3,61.9,12.8,21.55,0,No,No,No,No,NA
809,16.6,75.9,32.1,20.55,0,No,No,No,No,NA
810,21.6,68.9,28.8,3.45,0,No,No,No,No,NA
811,33.1,18.7,89.7,0.36,805,Yes,Yes,Yes,Yes,5672
812,38.0,17.1,71.9,0.33,108,Yes,Yes,Yes,Yes,291
813,34.4,17.7,56.2,0.19,728,No,Yes,Yes,Yes,2110
814,26.3,29.3,58.1,1.73,46,No,Yes,Yes,Yes,1275
815,25.5,35.4,52.2,3.3,0,No,No,No,No,NA
816,32.6,10.9,43.5,0.22,1657,Yes,Yes,Yes,Yes,2163
817,44.5,17.3,35.5,0.24,2,No,No,Yes,Yes,391
818,33.7,22.7,69.0,1.93,729,No,No,Yes,Yes,3115
819,39.9,18.9,48.7,1.91,386,Yes,Yes,Yes,Yes,6665
820,8.9,94.2,22.6,32.24,0,No,No,No,No,NA
821,23.2,61.6,12.3,15.68,0,No,No,No,No,NA
822,28.8,41.9,52.9,2.88,0,No,No,No,No,NA
823,41.8,21.9,85.5,0.41,309,No,No,Yes,Yes,8351
824,33.3,20.2,46.1,0.2,108,Yes,Yes,Yes,Yes,1307
825,21.8,72.7,11.4,19.18,1,No,No,Yes,Yes,103
826,20.5,34.9,25.3,1.32,260,No,Yes,Yes,Yes,215
827,29.9,34.4,20.7,1.94,308,No,Yes,Yes,Yes,393
828,23.2,69.1,7.8,16.35,0,No,No,No,No,NA
829,29.3,42.3,49.1,2.65,0,Yes,Yes,Yes,No,NA
830,33.3,27.3,45.3,0.23,901,No,Yes,Yes,Yes,1504
831,26.8,22.6,34.4,2.71,51,No,No,Yes,Yes,680
832,40.7,14.6,55.7,0.17,156,No,Yes,Yes,Yes,830
833,28.6,49.1,48.0,1.34,0,No,No,No,No,NA
834,32.0,12.4,44.5,0.4,0,No,Yes,Yes,No,NA
835,18.0,79.1,14.5,17.74,0,No,No,No,No,NA
836,29.4,34.2,40.9,0.63,285,No,Yes,Yes,Yes,1398
837,31.0,27.6,53.3,0.07,5,No,No,Yes,Yes,4066
838,5.6,82.3,9.1,13.4,0,No,No,No,No,NA
839,26.2,22.8,46.4,0.17,0,No,No,Yes,No,NA
840,30.6,29.1,100.2,0.83,565,Yes,Yes,Yes,Yes,448
841,30.0,26.2,47.4,0.15,0,No,No,No,No,NA
842,25.3,38.9,43.1,4.22,0,No,No,No,No,NA
843,22.8,48.8,37.2,2.76,0,No,No,No,No,NA
844,30.3,35.6,44.3,0.65,0,No,No,No,No,NA
845,30.6,18.6,57.0,0.31,1194,No,Yes,Yes,Yes,2504
846,27.5,29.0,30.5,0.24,296,No,No,Yes,Yes,1250
847,30.8,18.9,57.4,1.88,237,No,Yes,Yes,Yes,326
848,17.2,72.2,25.1,11.57,0,No,No,No,No,NA
849,33.6,24.9,88.9,0.13,634,No,No,Yes,Yes,5151
850,20.2,35.3,44.4,6.78,0,No,No,No,No,NA
851,37.8,11.4,31.1,0.19,103,Yes,Yes,Yes,Yes,3510
852,21.3,51.8,30.0,3.02,0,No,Yes,Yes,No,NA
853,27.1,26.3,48.9,1.44,0,No,Yes,Yes,No,NA
854,42.3,23.9,33.0,0.02,449,Yes,Yes,Yes,Yes,4523
855,33.5,22.7,75.6,0.42,76,No,No,Yes,Yes,6703
856,23.9,49.4,35.0,2.77,0,No,No,No,No,NA
857,23.1,34.6,61.3,0.05,0,Yes,Yes,Yes,No,NA
858,30.7,31.1,55.6,0.97,0,No,Yes,Yes,No,NA
859,36.9,22.2,106.0,0.52,20,No,No,Yes,Yes,3435
860,31.3,37.1,53.6,0.0,0,No,No,No,No,NA
861,29.6,29.5,55.4,3.99,0,No,No,No,No,NA
862,37.0,13.3,82.8,0.32,241,No,No,Yes,Yes,8936
863,34.8,21.7,31.2,0.27,4,No,No,Yes,Yes,514
864,27.8,37.5,58.5,1.56,944,No,No,Yes,Yes,2771
865,15.2,63.9,31.6,14.6,0,No,No,No,No,NA
866,26.7,37.8,43.0,1.66,0,No,No,No,No,NA
867,24.0,39.9,58.7,3.36,121,No,Yes,Yes,Yes,1586
868,20.0,66.9,16.3,18.3,0,No,No,No,No,NA
869,31.4,22.5,101.9,0.18,889,No,No,Yes,Yes,1524
870,34.4,10.6,89.8,0.3,2490,No,No,Yes,Yes,1154
871,28.3,21.9,36.6,0.72,27,No,Yes,Yes,Yes,1454
872,35.6,23.0,90.2,0.54,703,No,Yes,Yes,Yes,2935
873,28.9,50.5,33.9,4.4,38,Yes,Yes,Yes,Yes,17
874,39.5,16.4,54.8,1.86,79,No,Yes,Yes,Yes,1927
875,23.3,46.7,22.3,7.75,0,No,No,No,No,NA
876,8.5,91.2,5.7,35.42,0,No,No,No,No,NA
877,18.0,70.7,25.8,12.29,0,No,No,No,No,NA
878,16.4,76.2,25.9,16.03,0,No,No,No,No,NA
879,33.1,32.9,31.6,1.3,580,No,No,Yes,Yes,1320
880,37.6,23.1,87.2,0.21,2789,No,No,Yes,Yes,3680
881,36.0,24.3,52.4,0.94,426,No,Yes,Yes,Yes,200
882,34.5,27.4,102.6,0.95,758,No,Yes,Yes,Yes,3008
883,38.2,20.9,54.8,0.27,2326,No,No,Yes,Yes,5536
884,7.1,94.0,8.3,28.99,0,No,No,No,No,NA
885,19.5,35.9,39.3,1.36,0,No,No,No,No,NA
886,31.0,27.2,41.3,1.9,54,No,No,Yes,Yes,833
887,24.5,27.3,45.6,2.43,128,No,No,Yes,Yes,1358
888,19.4,69.6,20.7,17.87,0,No,No,No,No,NA
889,13.5,87.7,8.1,22.96,0,No,No,No,No,NA
890,25.3,27.3,46.7,1.32,146,No,No,Yes,Yes,857
891,24.5,41.7,35.5,6.37,0,No,No,No,No,NA
892,17.3,70.6,18.4,23.19,0,No,No,No,No,NA
893,23.8,60.3,8.4,18.17,0,No,No,No,No,NA
894,33.9,24.5,46.1,1.89,0,No,Yes,Yes,No,NA
895,19.8,61.3,28.7,15.64,0,No,No,No,No,NA
896,34.6,24.8,58.4,1.96,1767,No,No,Yes,Yes,3288
897,29.3,37.0,39.0,0.55,0,No,No,Yes,No,NA
898,17.7,63.5,23.8,5.11,0,No,No,No,No,NA
899,40.0,10.5,56.9,0.24,1244,No,Yes,Yes,Yes,3139
900,32.5,19.0,56.9,0.27,1412,No,Yes,Yes,Yes,551
901,39.3,19.2,93.3,0.11,1019,No,Yes,Yes,Yes,229
902,38.2,19.0,39.3,0.3,81,No,Yes,Yes,Yes,733
903,28.3,28.0,50.3,0.5,266,No,Yes,Yes,Yes,908
904,39.0,32.2,46.2,1.29,31,No,Yes,Yes,Yes,2086
905,30.5,30.2,71.5,1.7,106,No,Yes,Yes,Yes,2674
906,29.6,37.1,36.3,1.13,0,No,Yes,Yes,No,NA
907,29.4,27.6,54.0,0.8,255,No,Yes,Yes,Yes,495
908,25.5,50.9,19.5,7.51,0,No,Yes,Yes,No,NA
909,28.2,26.5,30.2,0.28,0,No,No,Yes,No,NA
910,23.9,20.8,48.4,1.79,0,No,No,Yes,No,NA
911,6.4,85.4,23.7,19.51,0,No,No,No,No,NA
912,28.8,32.9,54.3,3.79,49,Yes,Yes,Yes,Yes,27
913,33.2,33.6,43.2,1.54,251,No,No,Yes,Yes,1414
914,35.7,24.1,74.9,0.45,1422,No,Yes,Yes,Yes,779
915,40.6,14.1,57.5,0.4,960,No,Yes,Yes,Yes,2491
916,39.9,23.9,68.0,0.02,1727,No,No,Yes,Yes,223
917,32.4,33.0,33.0,0.09,0,No,No,No,No,NA
918,40.3,20.4,74.7,0.92,962,Yes,Yes,Yes,Yes,1159
919,40.8,16.7,89.7,0.34,108,No,Yes,Yes,Yes,1228
920,17.0,91.6,23.4,12.0,0,No,No,No,No,NA
921,26.4,25.9,42.3,0.3,117,No,Yes,Yes,Yes,1366
922,16.3,63.7,8.0,18.55,0,No,No,No,No,NA
923,28.9,48.1,37.7,4.61,0,No,No,No,No,NA
924,29.3,26.1,44.6,0.84,405,No,Yes,Yes,Yes,414
925,34.7,18.4,58.8,0.25,681,Yes,Yes,Yes,Yes,5163
926,32.5,27.6,47.0,2.31,198,No,No,Yes,Yes,4342
927,22.8,36.4,54.1,3.0,0,No,No,No,No,NA
928,30.4,35.6,51.5,0.96,0,No,No,No,No,NA
929,22.7,74.9,29.6,14.97,0,No,No,No,No,NA
930,29.8,30.6,45.9,2.82,0,No,No,No,No,NA
931,21.9,70.8,19.0,10.16,0,No,No,No,No,NA
932,43.0,26.6,53.5,0.55,148,No,No,Yes,Yes,999
933,15.5,75.9,17.6,6.22,0,No,No,No,No,NA
934,26.0,38.4,30.4,5.73,194,Yes,Yes,Yes,Yes,722
935,34.6,31.0,59.1,1.9,1098,Yes,Yes,Yes,Yes,1899
936,38.4,12.7,50.6,0.16,504,No,Yes,Yes,Yes,776
937,33.1,13.0,103.1,0.31,438,No,Yes,Yes,Yes,3167
938,15.9,61.3,29.8,8.46,0,No,No,No,No,NA
939,31.2,27.7,73.2,0.27,0,No,No,No,No,NA
940,22.7,73.3,13.7,19.89,0,No,No,No,No,NA
941,29.6,33.4,46.9,0.21,0,No,No,No,No,NA
942,25.5,38.8,47.7,0.8,572,No,No,Yes,Yes,846
943,10.0,85.5,13.8,13.94,0,No,No,No,No,NA
944,34.5,17.3,83.8,0.42,266,No,No,Yes,Yes,5101
945,26.3,48.1,31.6,7.57,0,No,Yes,Yes,No,NA
946,17.5,80.1,15.7,12.49,0,No,No,No,No,NA
947,37.3,24.7,79.0,0.19,110,No,No,Yes,Yes,59
948,12.8,74.2,12.6,5.82,0,No,No,No,No,NA
949,34.3,9.7,71.5,0.22,21,No,Yes,Yes,Yes,4012
950,22.1,21.8,58.8,3.78,72,No,No,Yes,Yes,681
951,15.6,90.5,11.3,31.24,0,No,No,No,No,NA
952,30.3,20.6,94.8,0.68,801,No,Yes,Yes,Yes,2891
953,12.5,64.2,13.1,7.41,0,No,No,No,No,NA
954,14.8,74.3,38.2,8.45,0,No,No,No,No,NA
955,16.4,76.3,11.7,16.14,0,No,No,No,No,NA
956,20.2,76.4,20.4,24.08,0,No,No,No,No,NA
957,38.1,10.4,61.7,0.38,853,No,Yes,Yes,Yes,6654
958,16.0,76.7,24.2,18.84,0,No,No,No,No,NA
959,11.7,84.5,22.8,7.41,0,No,No,No,No,NA
960,16.6,68.3,19.0,14.38,0,No,No,Yes,No,NA
961,32.1,36.5,20.8,1.84,0,Yes,Yes,Yes,No,NA
962,32.4,17.7,90.4,0.13,531,No,Yes,Yes,Yes,3112
963,38.6,28.9,89.9,0.63,1351,No,No,Yes,Yes,413
964,38.9,11.1,72.1,0.05,1703,No,No,Yes,Yes,5273
965,33.7,19.5,82.7,0.21,504,No,Yes,Yes,Yes,3063
966,14.7,75.3,26.7,18.13,0,No,No,No,No,NA
967,22.9,34.2,47.7,2.82,60,No,Yes,Yes,Yes,1457
968,18.3,81.7,30.0,14.32,0,No,No,No,No,NA
969,12.6,91.5,9.3,35.63,0,No,No,No,No,NA
970,15.2,60.6,19.3,10.27,0,No,No,No,No,NA
971,30.8,28.9,36.4,0.38,0,No,No,No,No,NA
972,26.5,27.5,40.3,1.12,953,Yes,Yes,Yes,Yes,2597
973,27.8,34.0,63.1,0.35,0,No,No,No,No,NA
974,34.0,30.0,31.2,0.3,272,No,Yes,Yes,Yes,257
975,38.9,13.0,51.7,0.05,1680,No,Yes,Yes,Yes,4407
976,15.1,61.9,10.0,6.07,0,No,No,Yes,No,NA
977,8.0,80.0,8.2,31.25,0,No,No,No,No,NA
978,30.7,31.6,33.3,1.72,0,No,No,No,No,NA
979,39.8,24.3,85.1,0.58,669,No,No,Yes,Yes,2699
980,27.7,29.1,64.9,1.29,1085,No,No,Yes,Yes,557
981,21.9,65.9,12.0,24.71,0,No,No,No,No,NA
982,33.9,34.0,47.1,1.16,370,Yes,Yes,Yes,Yes,1579
983,22.3,74.8,8.4,14.37,0,No,No,Yes,No,NA
984,38.1,31.1,53.1,1.23,43,No,No,Yes,Yes,302
985,28.3,20.5,25.6,0.39,316,No,Yes,Yes,Yes,1589
986,15.7,70.3,19.9,31.9,0,No,No,No,No,NA
987,24.0,20.2,48.6,3.83,0,No,No,No,No,NA
988,30.7,25.2,54.9,0.21,192,No,Yes,Yes,Yes,2633
989,15.9,64.6,22.4,5.56,0,No,No,No,No,NA
990,25.1,22.7,34.6,0.55,0,No,No,No,No,NA
991,25.1,26.5,31.6,0.83,104,Yes,Yes,Yes,Yes,85
992,29.2,31.3,54.7,2.84,0,Yes,Yes,Yes,No,NA
993,36.3,12.9,109.4,0.66,394,No,No,Yes,Yes,5258
994,30.0,27.1,42.8,0.3,283,No,No,Yes,Yes,1202
995,34.6,33.5,32.5,0.72,0,No,Yes,Yes,No,NA
996,17.8,90.7,7.0,39.43,0,No,No,No,No,NA
997,25.8,25.4,60.4,1.68,0,No,No,Yes,No,NA
998,39.4,16.1,87.3,0.28,960,No,Yes,Yes,Yes,881
999,32.8,13.8,35.5,0.46,535,No,Yes,Yes,Yes,2443
1000,25.5,31.7,61.7,2.03,704,No,No,Yes,Yes,882
1001,32.9,28.8,88.7,0.52,551,Yes,Yes,Yes,Yes,2373
1002,32.6,11.2,94.2,0.04,1128,No,Yes,Yes,Yes,302
1003,28.9,50.6,28.2,1.45,53,No,No,Yes,Yes,739
1004,36.0,30.1,49.5,1.75,0,No,No,No,No,NA
1005,31.7,27.8,71.7,1.4,9,No,No,Yes,Yes,5177
1006,34.7,17.0,67.7,0.98,1137,Yes,Yes,Yes,Yes,4251
1007,41.7,26.8,66.8,0.96,105,No,Yes,Yes,Yes,8244
1008,29.6,34.0,29.8,2.03,0,No,No,No,No,NA
1009,25.0,67.2,29.6,3.01,0,No,No,No,No,NA
1010,35.1,16.0,72.5,0.48,798,No,No,Yes,Yes,4282
1011,33.9,19.7,77.5,0.31,2365,No,No,Yes,Yes,5898
1012,26.7,46.7,27.7,2.06,2,No,No,Yes,Yes,613
1013,22.6,40.3,24.2,0.86,77,No,Yes,Yes,Yes,990
1014,24.9,72.4,21.1,12.27,0,No,No,No,No,NA
1015,18.0,77.9,21.8,17.22,0,No,No,No,No,NA
1016,25.0,38.5,33.2,2.05,0,No,No,Yes,No,NA
1017,30.2,24.6,60.3,0.88,0,No,No,Yes,No,NA
1018,20.9,35.5,64.6,0.49,363,No,No,Yes,Yes,216
1019,10.1,78.1,12.1,23.73,2,No,No,Yes,Yes,19
1020,24.6,39.2,53.2,1.2,0,No,No,No,No,NA
1021,22.2,45.3,41.5,3.31,0,No,No,No,No,NA
1022,32.1,23.2,51.0,0.83,0,No,No,No,No,NA
1023,15.1,69.7,39.5,22.19,0,No,No,No,No,NA
1024,14.0,62.7,37.8,12.31,0,No,No,No,No,NA
1025,26.9,37.5,19.5,1.95,0,No,No,No,No,NA
1026,7.0,93.9,13.6,13.43,0,No,No,No,No,NA
1027,23.8,56.8,7.4,11.14,0,No,No,No,No,NA
1028,32.1,32.7,53.1,1.72,429,No,Yes,Yes,Yes,4143
1029,32.1,13.8,54.3,0.44,0,No,No,Yes,Yes,359
1030,12.9,64.3,19.3,8.22,0,No,No,No,No,NA
1031,8.9,94.4,9.2,38.16,0,No,No,No,No,NA
1032,35.2,10.2,50.5,0.09,304,No,Yes,Yes,Yes,546
1033,18.6,80.7,17.6,20.99,0,No,No,No,No,NA
1034,30.3,27.9,22.8,0.82,200,No,No,Yes,Yes,19
1035,22.6,28.8,20.1,1.4,0,No,No,No,No,NA
1036,28.7,35.5,45.2,1.63,396,Yes,Yes,Yes,Yes,2445
1037,15.4,69.0,22.1,8.21,5,Yes,Yes,Yes,Yes,239
1038,36.5,20.5,72.1,0.94,497,No,Yes,Yes,Yes,1036
1039,37.7,15.4,61.8,1.63,1113,No,Yes,Yes,Yes,3024
1040,21.5,50.7,23.5,3.17,0,No,No,No,No,NA
1041,28.8,28.5,53.7,0.87,1042,No,No,Yes,Yes,1216
1042,20.0,69.9,5.8,7.69,0,No,No,No,No,NA
1043,16.0,62.7,29.2,4.41,0,No,No,No,No,NA
1044,19.7,68.8,34.9,15.38,0,No,No,No,No,NA
1045,18.4,81.0,39.7,14.8,0,No,No,No,No,NA
1046,32.9,37.8,26.7,1.99,0,No,No,No,No,NA
1047,8.0,79.7,21.4,34.05,0,No,No,No,No,NA
1048,26.7,29.9,28.9,2.33,0,Yes,Yes,Yes,No,NA
1049,39.4,13.5,47.3,0.44,1041,No,Yes,Yes,Yes,2963
1050,31.8,21.5,21.0,0.84,239,No,No,Yes,Yes,288
1051,43.1,9.1,76.8,0.29,13,No,No,Yes,Yes,1417
1052,39.5,12.2,92.9,0.69,18,No,No,Yes,Yes,5805
1053,32.1,11.2,49.9,0.18,396,Yes,Yes,Yes,Yes,1372
1054,24.8,41.5,58.5,1.71,0,No,No,No,No,NA
1055,35.9,33.9,69.2,1.57,0,No,Yes,Yes,No,NA
1056,30.5,18.3,109.2,0.55,70,No,No,Yes,Yes,2344
1057,41.8,17.8,82.7,0.33,831,Yes,Yes,Yes,Yes,3263
1058,32.0,14.5,59.7,0.04,1282,No,No,Yes,Yes,3958
1059,21.0,67.0,18.6,13.3,0,No,No,No,No,NA
1060,30.7,29.3,34.4,0.61,39,No,Yes,Yes,Yes,1181
1061,42.1,16.8,83.4,0.13,1218,No,Yes,Yes,Yes,3395
1062,25.3,36.8,59.1,0.38,0,No,No,No,No,NA
1063,35.6,20.9,79.7,0.77,441,Yes,Yes,Yes,Yes,2048
1064,24.5,41.9,24.9,3.53,0,No,No,No,No,NA
1065,23.1,42.9,35.7,1.23,0,No,No,No,No,NA
1066,23.9,40.5,44.8,2.03,0,No,No,No,No,NA
1067,20.1,68.5,18.7,13.13,0,No,No,No,No,NA
1068,29.6,21.1,41.3,1.94,65,Yes,Yes,Yes,Yes,1273
1069,38.9,17.3,78.8,1.65,338,No,Yes,Yes,Yes,3764
1070,35.0,10.1,79.9,0.94,209,No,No,Yes,Yes,5658
1071,22.3,32.8,61.7,0.1,0,No,No,No,No,NA
1072,22.7,54.6,42.2,5.61,473,Yes,Yes,Yes,Yes,122
1073,12.3,66.1,13.0,13.64,0,No,No,No,No,NA
1074,19.7,78.3,19.9,4.8,0,No,No,No,No,NA
1075,28.4,48.8,37.2,3.01,0,No,No,No,No,NA
1076,33.6,37.5,25.9,1.73,57,No,Yes,Yes,Yes,206
1077,15.5,79.9,5.4,15.42,0,No,No,No,No,NA
1078,28.7,36.5,19.6,3.69,0,No,No,No,No,NA
1079,22.2,34.2,59.6,1.94,0,No,No,No,No,NA
1080,25.7,36.4,53.0,0.93,0,No,Yes,Yes,No,NA
1081,20.6,61.0,17.8,9.51,0,No,No,No,No,NA
1082,21.6,66.9,24.0,9.36,28,Yes,Yes,Yes,Yes,368
1083,21.4,35.5,57.6,0.99,0,No,Yes,Yes,No,NA
1084,23.9,31.6,57.0,0.08,177,Yes,Yes,Yes,Yes,1715
1085,20.4,36.8,40.8,0.76,0,No,No,Yes,No,NA
1086,30.3,30.2,73.1,1.0,0,No,Yes,Yes,No,NA
1087,31.3,33.0,67.6,1.79,672,No,No,Yes,Yes,2075
1088,44.4,22.1,78.6,0.29,1443,No,No,Yes,Yes,2634
1089,23.7,46.7,31.1,6.07,0,No,No,No,No,NA
1090,32.1,36.6,44.3,0.96,64,No,No,Yes,Yes,260
1091,15.1,71.8,20.0,14.96,0,No,No,No,No,NA
1092,33.6,25.5,44.1,1.67,178,No,No,Yes,Yes,1643
1093,41.2,17.5,52.1,0.33,0,No,Yes,Yes,No,NA
1094,18.9,71.0,16.8,24.93,0,No,Yes,Yes,No,NA
1095,16.5,77.7,21.7,10.69,0,No,No,No,No,NA
1096,10.7,91.1,12.7,36.41,4,Yes,Yes,Yes,Yes,17
1097,32.6,20.2,52.4,1.45,452,No,Yes,Yes,Yes,32
1098,18.7,63.2,28.8,19.39,0,No,No,No,No,NA
1099,15.3,79.5,15.8,20.2,0,No,No,No,No,NA
1100,16.7,58.2,12.6,19.22,0,No,No,No,No,NA
1101,31.0,34.0,50.7,1.94,555,No,Yes,Yes,Yes,3544
1102,25.2,38.5,63.8,1.09,0,No,No,No,No,NA
1103,23.7,69.2,7.1,17.88,0,No,No,No,No,NA
1104,22.9,39.8,53.4,2.11,0,Yes,Yes,Yes,No,NA
1105,19.7,29.4,30.2,2.73,13,No,Yes,Yes,Yes,419
1106,31.1,23.4,48.6,0.59,274,No,Yes,Yes,Yes,3952
1107,36.9,19.7,94.7,0.18,1730,Yes,Yes,Yes,Yes,1085
1108,17.5,79.6,8.9,8.95,0,No,No,No,No,NA
1109,28.2,26.4,31.8,0.46,0,No,No,No,No,NA
1110,26.5,44.9,46.0,6.57,0,No,No,Yes,No,NA
1111,34.4,37.0,32.8,0.38,38,No,No,Yes,Yes,41
1112,35.4,19.2,56.8,1.49,5,No,Yes,Yes,Yes,3003
1113,37.8,16.4,42.7,1.84,187,No,No,Yes,Yes,4007
1114,27.9,37.5,51.5,1.58,510,No,Yes,Yes,Yes,1662
1115,31.8,32.9,27.9,0.95,258,No,Yes,Yes,Yes,842
1116,23.1,36.4,53.5,0.54,285,No,Yes,Yes,Yes,1256
1117,18.4,75.0,19.8,12.22,0,No,No,No,No,NA
1118,43.7,12.0,89.3,0.26,1332,No,No,Yes,Yes,1244
1119,29.5,22.0,20.6,0.59,0,No,No,No,No,NA
1120,32.7,33.7,29.7,0.56,0,No,No,No,No,NA
1121,32.5,32.1,60.6,0.4,0,No,Yes,Yes,No,NA
1122,29.8,26.5,42.2,3.61,0,No,No,No,No,NA
1123,40.6,14.6,85.9,0.45,1333,Yes,Yes,Yes,Yes,8057
1124,30.9,25.6,31.7,2.55,0,No,Yes,Yes,No,NA
1125,26.4,24.2,34.8,1.91,0,No,No,No,No,NA
1126,14.5,71.2,18.6,15.16,0,No,Yes,Yes,No,NA
1127,32.6,19.7,42.6,0.37,0,No,Yes,Yes,No,NA
1128,25.4,26.4,58.8,0.41,624,Yes,Yes,Yes,Yes,2834
1129,19.8,61.9,21.8,11.39,0,No,No,No,No,NA
1130,29.2,24.1,64.5,0.24,0,No,No,No,No,NA
1131,20.9,20.0,37.1,0.75,0,No,No,No,No,NA
1132,22.6,22.6,56.3,3.93,0,No,No,No,No,NA
1133,34.7,22.1,66.3,0.24,312,No,No,Yes,Yes,4509
1134,20.1,75.0,24.1,12.22,0,No,No,No,No,NA
1135,30.7,37.2,41.7,1.49,24,No,No,Yes,Yes,379
1136,36.5,19.2,70.6,0.28,150,No,No,Yes,Yes,1465
1137,38.6,23.6,66.7,1.72,0,No,No,Yes,No,NA
1138,33.4,18.5,85.5,0.35,583,Yes,Yes,Yes,Yes,4610
1139,40.4,12.6,90.9,0.9,46,No,Yes,Yes,Yes,6505
1140,23.1,66.1,10.4,4.83,71,No,Yes,Yes,Yes,246
1141,29.3,20.0,48.0,1.03,433,No,No,Yes,Yes,1004
1142,30.7,31.4,26.2,0.03,5,No,Yes,Yes,Yes,1072
1143,26.1,38.7,51.3,0.93,0,No,No,No,No,NA
1144,5.4,85.5,12.1,10.08,0,No,No,No,No,NA
1145,37.3,25.0,65.4,0.95,0,No,No,No,No,NA
1146,18.7,26.3,35.4,2.74,0,Yes,Yes,Yes,No,NA
1147,23.0,21.8,44.1,1.08,0,No,No,No,No,NA
1148,34.5,26.6,41.5,0.77,1296,No,No,Yes,Yes,2853
1149,19.5,29.5,51.6,2.63,56,No,Yes,Yes,Yes,2138
1150,23.5,29.9,54.9,3.03,0,No,No,Yes,No,NA
1151,23.2,61.6,18.4,10.53,0,No,No,No,No,NA
1152,31.1,30.5,32.6,1.43,0,Yes,Yes,Yes,No,NA
1153,24.0,20.2,38.6,0.33,0,No,No,No,No,NA
1154,40.5,10.6,83.6,0.89,552,No,No,Yes,Yes,4414
1155,34.1,14.9,97.2,0.76,746,Yes,Yes,Yes,Yes,7323
1156,8.0,85.9,22.7,36.19,0,No,No,No,No,NA
1157,20.5,67.7,9.4,2.71,0,No,No,Yes,No,NA
1158,19.4,84.8,38.4,20.39,0,No,No,No,No,NA
1159,18.7,28.0,56.8,1.93,0,No,Yes,Yes,No,NA
1160,15.3,67.2,25.6,19.04,0,No,No,Yes,No,NA
1161,17.4,82.4,23.5,30.03,0,No,No,No,No,NA
1162,39.4,17.2,86.6,0.34,2575,No,Yes,Yes,Yes,5094
1163,32.7,30.8,48.0,2.91,1,No,Yes,Yes,Yes,678
1164,16.7,71.9,31.2,9.5,0,No,No,No,No,NA
1165,26.6,32.8,58.2,0.08,149,No,No,Yes,Yes,694
1166,39.1,31.6,71.1,1.79,726,No,No,Yes,Yes,3658
1167,26.0,54.8,36.1,3.71,61,No,No,Yes,Yes,433
1168,37.9,23.6,47.3,1.07,743,Yes,Yes,Yes,Yes,2506
1169,39.3,17.7,44.2,1.97,547,No,No,Yes,Yes,904
1170,10.2,71.2,17.7,11.48,0,No,No,No,No,NA
1171,23.1,31.6,59.9,0.92,0,No,Yes,Yes,No,NA
1172,24.5,69.8,16.1,3.53,0,No,No,No,No,NA
1173,29.5,19.8,65.3,0.9,1078,Yes,Yes,Yes,Yes,2544
1174,15.9,69.1,21.3,4.18,0,No,No,No,No,NA
1175,26.1,42.7,38.4,1.16,0,No,Yes,Yes,No,NA
1176,22.6,31.8,47.6,1.18,0,No,No,Yes,No,NA
1177,5.7,75.2,7.8,30.21,0,No,No,No,No,NA
1178,6.3,84.1,12.9,6.12,0,No,No,No,No,NA
1179,11.2,81.1,12.5,30.58,0,No,No,No,No,NA
1180,34.9,22.5,102.4,0.61,0,No,Yes,Yes,No,NA
1181,17.2,75.4,13.1,16.69,0,No,No,No,No,NA
1182,38.3,29.1,50.6,0.09,64,Yes,Yes,Yes,Yes,1403
1183,18.6,68.2,9.3,16.45,0,No,Yes,Yes,No,NA
1184,30.2,42.0,52.7,0.88,0,No,No,No,No,NA
1185,26.1,34.0,40.1,0.91,143,No,Yes,Yes,Yes,1030
1186,9.0,72.0,7.2,12.54,0,No,No,No,No,NA
1187,33.3,25.8,28.4,1.58,190,No,No,Yes,Yes,2298
1188,18.1,83.5,32.1,20.5,0,No,No,No,No,NA
1189,30.9,29.9,68.0,1.2,0,No,No,No,No,NA
1190,15.9,67.4,25.2,10.75,0,No,No,No,No,NA
1191,13.5,88.8,13.2,16.29,0,No,No,No,No,NA
1192,32.2,10.6,46.7,0.16,1281,No,No,Yes,Yes,1140
1193,20.4,75.6,22.6,5.35,0,No,No,No,No,NA
1194,34.3,30.5,64.9,1.45,7,No,Yes,Yes,Yes,1149
1195,15.4,83.9,32.7,19.06,0,No,No,No,No,NA
1196,5.4,73.7,20.2,35.74,0,No,No,No,No,NA
1197,22.4,39.9,43.9,4.85,171,Yes,Yes,Yes,Yes,1005
1198,25.0,31.1,50.1,0.71,345,Yes,Yes,Yes,Yes,2296
1199,36.0,15.1,55.8,0.91,873,No,No,Yes,Yes,3069
1200,42.6,10.1,83.9,0.34,776,No,No,Yes,Yes,5533
1201,30.9,11.3,91.7,0.78,1024,No,Yes,Yes,Yes,3858
1202,28.3,38.4,57.1,2.75,0,No,No,No,No,NA
1203,18.7,58.2,15.7,16.77,0,No,No,No,No,NA
1204,36.3,20.0,60.5,0.07,0,No,Yes,Yes,No,NA
1205,40.2,11.1,92.7,0.5,2035,No,Yes,Yes,Yes,4378
1206,14.7,82.6,14.2,14.3,0,No,No,No,No,NA
1207,16.5,76.1,33.8,3.63,0,No,No,No,No,NA
1208,13.9,66.6,23.4,6.79,0,No,No,No,No,NA
1209,39.2,14.6,51.3,0.48,248,No,No,Yes,Yes,1076
1210,36.6,23.8,72.8,0.05,517,Yes,Yes,Yes,Yes,6579
1211,15.6,76.8,28.5,9.79,0,No,No,No,No,NA
1212,33.9,23.0,92.2,0.76,641,Yes,Yes,Yes,Yes,4354
1213,44.9,22.3,43.8,0.13,942,No,Yes,Yes,Yes,5351
1214,6.6,85.6,13.3,29.3,0,No,No,No,No,NA
1215,29.1,32.0,41.9,0.58,92,No,No,Yes,Yes,964
1216,17.0,63.3,21.0,18.01,0,No,No,Yes,No,NA
1217,32.7,21.7,98.3,0.1,827,No,No,Yes,Yes,2161
1218,33.8,16.0,85.9,0.45,703,No,No,Yes,Yes,6486
1219,22.4,64.0,30.0,17.38,0,No,No,No,No,NA
1220,26.7,34.1,35.5,1.06,35,No,Yes,Yes,Yes,497
1221,36.7,14.4,91.0,0.35,0,No,No,Yes,No,NA
1222,34.2,24.9,49.3,0.0,429,No,No,Yes,Yes,55
1223,19.2,79.7,34.8,7.99,0,No,No,No,No,NA
1224,28.7,15.3,47.4,1.93,967,No,No,Yes,Yes,73
1225,32.7,24.6,60.2,1.22,192,No,Yes,Yes,Yes,4774
1226,29.3,38.8,45.9,3.6,0,No,No,No,No,NA
1227,31.7,18.6,95.3,0.45,2933,No,Yes,Yes,Yes,1910
1228,33.5,16.7,69.5,0.89,1077,Yes,Yes,Yes,Yes,2026
1229,9.9,82.0,22.0,6.04,0,No,No,No,No,NA
1230,12.9,83.5,14.5,25.07,0,No,No,No,No,NA
1231,30.7,36.4,49.6,2.71,49,No,No,Yes,Yes,2733
1232,22.0,51.4,43.5,7.39,291,No,Yes,Yes,Yes,976
1233,19.0,69.3,32.5,23.09,0,No,No,No,No,NA
1234,17.0,64.2,17.5,11.13,0,No,No,No,No,NA
1235,32.0,24.4,57.2,0.6,0,No,No,No,No,NA
1236,24.5,37.8,16.0,3.6,108,Yes,Yes,Yes,Yes,929
1237,19.8,23.0,52.1,3.49,0,No,No,No,No,NA
1238,29.3,37.5,33.9,0.33,406,No,No,Yes,Yes,31
1239,30.6,10.3,106.1,0.78,2916,Yes,Yes,Yes,Yes,6280
1240,41.0,14.5,100.5,0.37,1369,No,Yes,Yes,Yes,2900
1241,18.7,36.1,37.5,3.19,63,No,No,Yes,Yes,532
1242,15.5,79.2,18.5,12.62,0,No,No,No,No,NA
1243,21.3,35.9,42.8,3.04,0,No,No,No,No,NA
1244,28.1,29.3,37.7,2.49,0,No,No,Yes,No,NA
1245,41.6,14.5,66.2,0.12,3416,No,No,Yes,Yes,3712
1246,27.0,40.7,20.3,0.06,0,No,Yes,Yes,No,NA
1247,22.3,53.6,33.9,2.75,27,No,No,Yes,Yes,658
1248,23.0,46.5,27.0,6.93,65,No,Yes,Yes,Yes,1469
1249,20.7,72.4,14.2,19.76,0,No,No,No,No,NA
1250,31.6,24.9,43.4,1.29,0,No,No,No,No,NA
1251,39.0,19.1,77.0,0.13,109,No,No,Yes,Yes,3645
1252,27.8,24.6,44.1,2.73,0,No,No,No,No,NA
1253,29.3,27.7,23.9,1.29,0,No,No,No,No,NA
1254,34.4,25.6,50.5,0.75,314,No,Yes,Yes,Yes,590
1255,27.3,45.3,48.4,6.28,202,No,Yes,Yes,Yes,1294
1256,5.6,87.8,23.9,9.58,0,No,No,No,No,NA
1257,24.7,36.0,31.6,0.44,0,No,No,No,No,NA
1258,17.2,81.8,17.9,13.53,0,No,No,No,No,NA
1259,32.5,31.8,65.2,0.62,1532,Yes,Yes,Yes,Yes,1660
1260,24.6,40.2,53.5,0.26,271,No,No,Yes,Yes,495
1261,40.0,14.7,45.4,0.28,449,No,Yes,Yes,Yes,2209
1262,11.2,89.3,18.8,38.99,0,No,No,No,No,NA
1263,32.4,21.8,34.1,0.09,365,No,No,Yes,Yes,220
1264,15.4,61.5,20.5,7.68,0,No,No,No,No,NA
1265,13.9,83.2,8.4,17.23,0,No,No,No,No,NA
1266,29.2,20.4,42.6,1.31,383,No,Yes,Yes,Yes,1405
1267,19.8,62.2,17.0,14.96,0,No,No,No,No,NA
1268,14.3,61.0,11.2,10.43,0,No,No,No,No,NA
1269,16.9,72.5,18.4,6.39,0,No,No,No,No,NA
1270,39.5,14.9,67.2,0.38,1770,No,No,Yes,Yes,5619
1271,34.7,16.1,106.5,0.99,908,No,Yes,Yes,Yes,155
1272,18.4,83.8,37.1,15.29,0,No,No,No,No,NA
1273,10.2,93.3,8.8,22.83,0,No,No,No,No,NA
1274,36.1,14.3,43.1,0.17,163,No,No,Yes,Yes,2892
1275,16.3,81.2,20.1,15.05,0,No,No,No,No,NA
1276,22.3,30.7,36.2,2.37,60,No,Yes,Yes,Yes,758
1277,13.5,68.6,12.7,3.94,0,No,No,No,No,NA
1278,32.0,14.1,80.5,0.21,83,Yes,Yes,Yes,Yes,747
1279,31.2,28.9,45.8,0.39,0,Yes,Yes,Yes,No,NA
1280,17.1,62.7,32.6,23.54,0,No,No,No,No,NA
1281,31.8,25.9,41.5,2.95,0,No,No,No,No,NA
1282,8.7,94.0,7.4,11.06,0,No,No,No,No,NA
1283,25.9,39.2,57.4,3.45,1237,No,Yes,Yes,Yes,1318
1284,25.5,32.2,22.8,0.44,0,No,No,No,No,NA
1285,16.1,85.1,8.2,36.3,0,No,No,No,No,NA
1286,19.2,35.8,46.9,0.2,0,No,No,No,No,NA
1287,17.5,73.0,24.7,17.78,0,No,No,No,No,NA
1288,24.1,30.6,50.7,1.21,127,Yes,Yes,Yes,Yes,1458
1289,25.9,36.0,36.9,0.68,0,No,No,No,No,NA
1290,28.7,26.2,37.6,0.31,0,No,No,Yes,No,NA
1291,26.8,34.8,67.0,1.3,0,No,No,Yes,No,NA
1292,42.8,10.7,30.1,0.46,746,No,No,Yes,Yes,1023
1293,33.9,10.1,47.4,0.21,192,Yes,Yes,Yes,Yes,5281
1294,19.3,70.0,38.7,5.09,0,No,No,No,No,NA
1295,30.8,34.1,56.5,1.08,0,No,No,Yes,No,NA
1296,10.4,79.4,12.6,21.02,0,No,No,No,No,NA
1297,28.7,44.2,23.7,5.6,200,No,No,Yes,Yes,1353
1298,33.4,27.4,22.4,1.1,322,No,No,Yes,Yes,502
1299,34.0,32.0,65.7,1.68,0,No,No,No,No,NA
1300,35.7,12.7,56.3,0.27,383,Yes,Yes,Yes,Yes,7838
1301,24.9,29.0,29.6,3.69,10,No,No,Yes,Yes,878
1302,26.7,33.6,50.5,0.48,0,No,Yes,Yes,No,NA
1303,27.5,35.6,50.5,0.76,0,No,No,No,No,NA
1304,37.1,24.1,87.0,0.93,42,No,No,Yes,Yes,7411
1305,34.2,20.6,44.1,0.16,777,No,No,Yes,Yes,1609
1306,24.7,38.6,48.2,4.41,0,No,No,No,No,NA
1307,18.1,78.0,22.2,5.24,0,No,No,No,No,NA
1308,40.8,19.6,100.9,0.82,138,No,Yes,Yes,Yes,4756
1309,35.0,10.5,73.6,0.18,76,No,No,Yes,Yes,5815
1310,9.1,82.5,22.7,14.92,0,No,No,No,No,NA
1311,38.8,14.5,75.3,0.44,1548,No,No,Yes,Yes,871
1312,36.0,12.3,59.0,0.34,459,No,No,Yes,Yes,3836
1313,19.7,58.9,23.5,6.32,0,No,No,No,No,NA
1314,35.0,30.9,40.5,1.7,126,No,No,Yes,Yes,1484
1315,25.8,39.4,58.1,0.97,0,No,No,No,No,NA
1316,21.9,61.5,27.3,24.94,0,No,No,No,No,NA
1317,6.4,72.9,18.8,27.87,0,No,No,No,No,NA
1318,30.0,33.2,39.9,0.2,0,No,No,Yes,No,NA
1319,29.2,35.6,35.9,0.83,969,No,No,Yes,Yes,634
1320,22.6,77.8,17.5,2.09,0,No,No,No,No,NA
1321,22.3,28.3,30.6,0.21,0,No,No,No,No,NA
1322,26.1,34.0,44.3,1.62,145,No,Yes,Yes,Yes,45
1323,41.8,18.3,67.8,0.24,18,No,No,Yes,Yes,3509
1324,21.0,38.3,21.2,7.13,0,No,No,No,No,NA
1325,10.2,90.6,18.2,27.81,0,No,No,No,No,NA
1326,18.1,22.3,43.8,0.19,87,No,Yes,Yes,Yes,60
1327,25.1,41.3,24.7,2.97,0,No,No,Yes,No,NA
1328,12.4,79.0,23.7,22.43,0,No,No,No,No,NA
1329,30.9,28.1,58.2,2.3,0,No,Yes,Yes,No,NA
1330,18.9,21.4,60.5,2.67,0,No,No,No,No,NA
1331,23.2,27.0,53.9,2.54,706,No,Yes,Yes,Yes,1591
1332,32.3,35.3,28.5,2.38,11,No,Yes,Yes,Yes,662
1333,15.4,60.7,12.2,12.69,0,No,No,Yes,No,NA
1334,20.6,28.3,51.8,2.72,298,Yes,Yes,Yes,Yes,1724
1335,24.9,45.9,48.4,5.77,0,No,Yes,Yes,No,NA
1336,12.7,93.5,17.2,26.03,0,No,No,No,No,NA
1337,14.1,76.9,15.3,16.38,0,No,No,No,No,NA
1338,35.7,18.0,72.9,0.74,547,No,No,Yes,Yes,4634
1339,13.4,72.1,20.2,34.0,0,No,No,No,No,NA
1340,42.9,26.4,106.0,0.52,477,Yes,Yes,Yes,Yes,6745
1341,15.5,68.7,24.8,3.68,0,No,No,No,No,NA
1342,41.2,20.2,87.3,0.68,2467,Yes,Yes,Yes,Yes,5820
1343,24.1,41.9,38.0,0.21,0,No,No,No,No,NA
1344,31.0,24.1,64.0,1.68,161,No,No,Yes,Yes,3643
1345,21.5,37.4,16.7,6.63,0,No,No,No,No,NA
1346,34.3,37.2,21.1,0.01,15,No,Yes,Yes,Yes,37
1347,35.9,28.8,109.8,0.68,3329,No,No,Yes,Yes,4972
1348,13.1,81.4,20.1,21.84,0,No,No,No,No,NA
1349,18.3,74.2,17.5,16.19,0,No,No,No,No,NA
1350,29.6,33.8,65.5,1.75,0,No,No,No,No,NA
1351,29.9,21.4,48.5,0.68,11,No,Yes,Yes,Yes,72
1352,32.5,33.0,37.5,1.95,0,No,Yes,Yes,No,NA
1353,18.5,84.5,31.5,3.41,0,No,No,No,No,NA
1354,32.8,39.1,27.2,0.28,0,Yes,Yes,Yes,No,NA
1355,23.8,59.3,14.2,18.7,0,No,No,No,No,NA
1356,23.5,30.2,56.8,1.12,0,No,No,No,No,NA
1357,36.7,26.8,91.1,0.44,1133,Yes,Yes,Yes,Yes,4804
1358,26.0,36.9,18.3,0.89,0,No,No,No,No,NA
1359,29.0,35.1,37.1,0.98,825,Yes,Yes,Yes,Yes,377
1360,25.4,34.5,50.4,1.67,0,No,Yes,Yes,No,NA
1361,11.2,87.0,15.3,35.08,0,No,No,Yes,No,NA
1362,12.4,81.2,30.7,4.67,0,No,No,No,No,NA
1363,33.5,16.4,66.0,1.81,1195,No,No,Yes,Yes,2337
1364,44.2,12.3,33.8,0.0,66,Yes,Yes,Yes,Yes,627
1365,41.2,19.9,55.9,0.45,1396,No,No,Yes,Yes,625
1366,26.5,49.8,35.6,1.17,225,No,No,Yes,Yes,136
1367,10.1,74.5,9.9,39.83,0,No,No,No,No,NA
1368,24.2,45.0,27.2,0.03,124,No,Yes,Yes,Yes,901
1369,41.8,13.9,54.6,0.83,1448,No,Yes,Yes,Yes,1303
1370,28.2,50.8,20.6,1.18,0,No,No,No,No,NA
1371,39.5,17.4,65.9,1.55,1009,No,Yes,Yes,Yes,756
1372,27.2,39.4,29.6,2.97,43,No,No,Yes,Yes,793
1373,18.8,60.0,18.9,7.89,72,No,No,Yes,Yes,49
1374,27.7,30.8,33.7,2.07,32,No,No,Yes,Yes,971
1375,16.2,63.0,29.3,7.19,0,No,No,No,No,NA
1376,30.8,20.9,88.7,0.88,2104,Yes,Yes,Yes,Yes,1391
1377,28.7,28.8,55.2,1.64,0,No,No,No,No,NA
1378,23.4,43.3,35.2,2.24,0,No,No,No,No,NA
1379,42.6,21.1,95.5,0.54,448,No,No,Yes,Yes,547
1380,23.1,71.6,11.6,2.12,0,No,No,No,No,NA
1381,43.2,12.4,47.1,0.48,355,No,No,Yes,Yes,5360
1382,31.7,15.6,61.2,1.16,1218,No,No,Yes,Yes,1707
1383,39.2,32.9,41.5,0.67,667,Yes,Yes,Yes,Yes,1810
1384,16.6,61.9,8.1,4.96,0,No,No,No,No,NA
1385,29.9,44.0,30.8,2.94,190,No,No,Yes,Yes,739
1386,29.8,42.3,33.6,2.8,0,No,Yes,Yes,No,NA
1387,22.1,72.5,10.8,6.69,0,No,No,No,No,NA
1388,33.1,23.4,50.0,0.63,212,No,No,Yes,Yes,1442
1389,28.3,31.7,61.0,1.78,0,No,No,No,No,NA
1390,20.5,40.7,32.4,3.59,0,No,Yes,Yes,No,NA
1391,25.0,33.7,46.6,0.76,0,No,Yes,Yes,No,NA
1392,22.2,45.6,16.6,6.37,53,No,No,Yes,Yes,10
1393,39.2,22.8,48.6,1.57,1037,No,No,Yes,Yes,5996
1394,22.4,41.4,55.1,0.71,0,No,No,No,No,NA
1395,39.1,27.5,56.2,0.68,458,No,Yes,Yes,Yes,6417
1396,44.5,17.3,52.8,0.06,655,No,No,Yes,Yes,1061
1397,18.2,61.1,6.0,18.6,0,No,No,No,No,NA
1398,39.7,16.2,35.8,0.26,834,No,No,Yes,Yes,330
1399,18.9,72.7,26.6,17.81,0,No,No,No,No,NA
1400,24.8,65.4,18.4,6.87,0,No,No,No,No,NA
1401,36.5,24.5,76.8,1.31,56,No,Yes,Yes,Yes,4271
1402,28.0,53.3,38.2,1.23,0,No,Yes,Yes,No,NA
1403,12.4,76.7,35.7,11.55,0,No,No,No,No,NA
1404,44.5,21.4,46.7,0.14,408,No,No,Yes,Yes,3561
1405,24.3,51.5,15.5,4.92,18,No,Yes,Yes,Yes,795
1406,13.1,77.5,31.3,12.47,0,No,No,No,No,NA
1407,13.8,76.8,36.3,3.74,0,No,No,No,No,NA
1408,28.0,44.6,20.0,3.7,0,No,No,No,No,NA
1409,38.5,21.3,33.8,0.28,0,Yes,Yes,Yes,No,NA
1410,25.2,39.9,60.6,0.97,0,No,No,No,No,NA
1411,25.9,23.6,39.7,1.95,461,No,Yes,Yes,Yes,893
1412,32.2,29.2,72.6,0.96,324,No,No,Yes,Yes,4472
1413,17.8,56.8,25.9,3.32,0,No,No,No,No,NA
1414,25.7,29.6,46.6,0.88,0,No,No,No,No,NA
1415,32.9,38.5,26.0,1.99,0,No,No,No,No,NA
1416,18.7,68.3,39.0,4.98,0,No,No,No,No,NA
1417,41.5,10.2,91.7,0.73,0,No,Yes,Yes,No,NA
1418,28.6,30.0,34.2,1.53,77,No,No,Yes,Yes,498
1419,23.7,33.9,31.3,1.4,0,Yes,Yes,Yes,No,NA
1420,15.5,62.0,9.9,2.07,0,No,No,No,No,NA
1421,28.6,19.3,74.1,0.21,234,No,Yes,Yes,Yes,3853
1422,27.2,33.1,25.7,0.63,52,Yes,Yes,Yes,Yes,1224
1423,30.8,19.4,96.8,0.27,722,No,Yes,Yes,Yes,1514
1424,45.0,13.1,44.6,0.24,750,No,Yes,Yes,Yes,2408
1425,28.9,37.8,22.7,4.82,36,No,Yes,Yes,Yes,422
1426,37.3,25.4,85.0,0.51,154,No,No,Yes,Yes,4479
1427,10.8,79.3,13.1,33.4,0,No,No,No,No,NA
1428,22.0,57.6,10.6,13.16,0,No,No,No,No,NA
1429,27.0,47.4,29.5,4.02,0,No,No,No,No,NA
1430,27.8,24.8,34.0,3.22,0,No,No,No,No,NA
1431,24.4,30.5,33.1,1.85,0,No,No,Yes,No,NA
1432,18.2,83.1,16.0,18.28,0,No,No,No,No,NA
1433,35.6,18.9,65.5,0.53,2085,Yes,Yes,Yes,Yes,2355
1434,31.0,32.3,69.6,1.68,1013,Yes,Yes,Yes,Yes,3025
1435,22.3,75.5,28.8,4.6,0,No,No,No,No,NA
1436,18.7,73.5,27.5,14.6,0,No,No,No,No,NA
1437,25.4,38.8,31.6,0.69,72,No,Yes,Yes,Yes,284
1438,26.3,31.5,49.3,2.67,0,No,No,No,No,NA
1439,19.5,26.3,40.6,2.84,555,Yes,Yes,Yes,Yes,250
1440,38.5,24.7,60.9,0.25,1397,No,Yes,Yes,Yes,3189
1441,13.5,70.4,16.8,20.14,0,No,No,No,No,NA
1442,23.5,61.1,13.0,19.96,0,No,No,No,No,NA
1443,19.7,74.7,28.7,10.29,0,No,No,No,No,NA
1444,29.9,26.7,44.7,1.66,140,Yes,Yes,Yes,Yes,1332
1445,18.3,71.8,9.7,18.27,0,No,No,No,No,NA
1446,16.2,63.4,34.5,11.26,0,No,No,No,No,NA
1447,37.6,25.2,44.4,0.33,726,No,No,Yes,Yes,1482
1448,29.5,44.6,48.5,0.86,132,No,Yes,Yes,Yes,2248
1449,32.7,20.2,64.0,1.51,0,No,No,No,No,NA
1450,26.8,36.3,43.0,0.72,0,No,Yes,Yes,No,NA
1451,38.5,29.3,81.5,0.47,76,No,Yes,Yes,Yes,9654
1452,35.0,17.2,30.1,0.29,37,Yes,Yes,Yes,Yes,1053
1453,37.5,13.9,72.6,0.45,282,No,No,Yes,Yes,5061
1454,12.3,82.8,20.9,39.59,0,No,No,No,No,NA
1455,21.8,68.8,13.0,8.93,0,No,No,No,No,NA
1456,9.7,90.5,24.5,24.24,0,No,No,No,No,NA
1457,23.7,50.2,28.0,7.4,0,No,No,No,No,NA
1458,31.8,29.7,65.1,0.87,0,No,Yes,Yes,No,NA
1459,21.6,41.0,21.4,3.61,0,No,No,No,No,NA
1460,20.3,41.4,48.5,1.28,581,No,Yes,Yes,Yes,201
1461,15.8,84.9,25.9,21.03,0,No,No,No,No,NA
1462,29.1,38.6,33.8,2.61,0,No,No,No,No,NA
1463,35.0,17.7,106.0,0.98,274,No,Yes,Yes,Yes,561
1464,19.9,82.0,19.1,8.5,0,No,No,No,No,NA
1465,28.6,31.4,64.4,1.24,649,No,Yes,Yes,Yes,451
1466,8.3,81.9,5.8,28.67,0,No,No,No,No,NA
1467,30.5,36.5,60.8,1.6,462,No,Yes,Yes,Yes,1183
1468,15.6,77.6,8.7,22.73,0,No,No,No,No,NA
1469,25.0,49.1,29.7,7.91,0,No,No,No,No,NA
1470,17.4,62.5,26.7,13.88,0,No,No,No,No,NA
1471,38.9,14.4,87.1,0.61,661,No,Yes,Yes,Yes,1899
1472,26.0,44.2,42.5,2.79,0,No,No,No,No,NA
1473,30.6,36.8,46.4,0.54,0,No,No,No,No,NA
1474,32.9,31.7,24.1,0.39,0,No,No,Yes,No,NA
1475,20.9,77.9,37.6,14.83,0,No,No,No,No,NA
1476,11.4,90.6,20.5,15.85,0,No,No,No,No,NA
1477,12.5,83.9,20.9,10.83,0,No,Yes,Yes,No,NA
1478,22.4,52.2,29.9,6.43,0,No,No,Yes,No,NA
1479,13.8,82.7,22.2,23.62,0,No,No,No,No,NA
1480,21.6,63.1,22.7,18.77,83,No,Yes,Yes,Yes,228
1481,34.8,20.1,56.7,0.1,927,No,No,Yes,Yes,3823
1482,19.7,72.9,17.6,18.72,0,No,Yes,Yes,No,NA
1483,40.8,13.6,82.5,0.07,617,Yes,Yes,Yes,Yes,11058
1484,38.2,12.5,89.1,0.4,438,No,No,Yes,Yes,6630
1485,37.3,18.1,54.4,1.09,539,No,No,Yes,Yes,2187
1486,23.4,27.9,26.6,0.65,0,No,No,Yes,No,NA
1487,33.3,38.8,44.3,0.91,207,Yes,Yes,Yes,Yes,1393
1488,36.1,18.2,80.6,0.01,604,No,No,Yes,Yes,5726
1489,35.0,11.1,52.6,0.38,192,No,Yes,Yes,Yes,808
1490,29.2,40.4,44.2,0.36,0,No,Yes,Yes,No,NA
1491,37.9,17.2,70.2,0.45,223,No,No,Yes,Yes,7192
1492,24.5,76.3,18.9,14.47,0,No,No,No,No,NA
1493,27.2,37.3,38.8,1.88,0,No,No,No,No,NA
1494,19.6,28.7,60.1,0.82,0,No,No,No,No,NA
1495,20.3,35.8,45.2,1.46,0,No,No,No,No,NA
1496,33.5,27.0,33.2,0.45,237,Yes,Yes,Yes,Yes,21
1497,32.9,31.6,69.7,0.83,951,No,No,Yes,Yes,354
1498,32.4,33.1,41.0,0.39,0,Yes,Yes,Yes,No,NA
1499,27.7,37.4,55.2,2.68,32,No,No,Yes,Yes,4278
1500,34.9,12.4,56.7,0.74,161,No,No,Yes,Yes,2637
1501,8.1,88.3,20.5,11.29,0,No,No,No,No,NA
1502,17.4,77.5,10.5,18.06,0,No,No,No,No,NA
1503,6.9,81.9,15.0,32.75,0,No,No,No,No,NA
1504,32.1,28.9,26.6,2.95,0,No,No,No,No,NA
1505,23.1,46.1,26.7,5.28,0,No,No,No,No,NA
1506,24.8,25.4,40.8,0.03,0,No,No,No,No,NA
1507,28.1,15.2,70.7,0.6,0,No,No,No,No,NA
1508,15.5,79.8,26.8,5.55,0,No,No,No,No,NA
1509,34.8,20.1,53.6,0.26,766,No,Yes,Yes,Yes,3722
1510,38.3,28.6,70.3,1.86,498,No,Yes,Yes,Yes,187
1511,42.2,9.7,55.6,0.32,449,No,Yes,Yes,Yes,106
1512,30.9,28.2,33.3,1.64,37,No,Yes,Yes,Yes,111
1513,29.2,29.8,64.1,1.21,0,No,No,Yes,No,NA
1514,14.9,76.0,39.5,12.96,0,No,No,No,No,NA
1515,26.3,46.5,27.4,2.16,0,No,No,No,No,NA
1516,30.0,12.5,100.8,0.18,1269,No,Yes,Yes,Yes,106
1517,27.9,39.2,51.6,3.22,0,No,No,No,No,NA
1518,28.2,30.0,57.2,0.76,0,No,No,Yes,No,NA
1519,30.0,20.9,60.9,0.6,261,No,Yes,Yes,Yes,219
1520,29.2,43.0,34.9,0.14,0,No,No,Yes,No,NA
1521,31.0,39.7,26.1,1.16,20,No,Yes,Yes,Yes,1243
1522,23.8,37.1,39.3,2.2,0,No,Yes,Yes,No,NA
1523,27.3,20.1,38.5,0.26,129,Yes,Yes,Yes,Yes,72
1524,18.5,82.4,29.6,23.09,0,No,No,No,No,NA
1525,18.4,30.0,47.2,1.94,658,No,No,Yes,Yes,468
1526,26.2,39.9,56.3,1.13,0,No,Yes,Yes,No,NA
1527,8.8,88.4,21.8,22.5,0,No,No,No,No,NA
1528,30.2,31.6,53.6,0.37,0,No,No,Yes,No,NA
1529,34.9,20.7,71.7,1.34,79,Yes,Yes,Yes,Yes,3737
1530,14.8,72.8,25.7,22.02,0,No,No,No,No,NA
1531,26.3,27.2,42.3,1.02,0,No,No,No,No,NA
1532,28.0,43.1,41.7,1.99,90,Yes,Yes,Yes,Yes,1152
1533,15.7,79.9,11.1,3.85,0,No,Yes,Yes,No,NA
1534,37.2,12.9,31.6,0.03,498,No,No,Yes,Yes,1071
1535,30.1,18.1,71.7,0.36,255,No,Yes,Yes,Yes,3978
1536,31.9,26.2,82.3,0.9,561,No,No,Yes,Yes,6862
1537,24.3,53.3,35.0,3.88,0,No,No,No,No,NA
1538,28.9,32.5,26.3,2.2,150,No,Yes,Yes,Yes,1297
1539,15.2,77.8,23.4,17.75,0,No,No,No,No,NA
1540,22.4,71.7,12.7,15.61,0,No,No,No,No,NA
1541,27.4,38.2,52.1,0.81,0,No,Yes,Yes,No,NA
1542,17.3,63.3,36.7,16.44,0,No,No,No,No,NA
1543,44.0,11.2,73.0,0.19,2860,Yes,Yes,Yes,Yes,6482
1544,35.8,17.7,58.2,0.29,285,No,No,Yes,Yes,541
1545,28.9,51.1,40.2,4.08,0,No,No,No,No,NA
1546,28.5,32.1,48.3,3.54,0,No,Yes,Yes,No,NA
1547,17.0,56.2,29.1,11.72,0,No,No,No,No,NA
1548,39.8,9.1,35.7,0.38,0,No,No,Yes,No,NA
1549,26.9,24.4,25.3,0.72,90,No,No,Yes,Yes,480
1550,40.1,29.1,68.9,0.91,117,Yes,Yes,Yes,Yes,690
1551,15.4,78.5,27.9,10.89,0,No,No,No,No,NA
1552,31.3,39.7,24.4,1.02,0,No,No,No,No,NA
1553,41.8,11.0,78.8,0.59,797,No,Yes,Yes,Yes,5482
1554,18.5,61.5,23.2,14.52,0,No,No,No,No,NA
1555,21.2,38.2,41.5,2.98,672,No,No,Yes,Yes,1104
1556,37.3,29.3,66.1,1.8,275,No,No,Yes,Yes,977
1557,15.2,56.7,9.1,3.09,0,No,No,No,No,NA
1558,20.9,22.2,62.7,2.93,0,No,No,No,No,NA
1559,35.1,10.1,31.3,0.32,116,No,No,Yes,Yes,2164
1560,24.1,50.6,41.6,5.6,0,No,No,No,No,NA
1561,27.8,46.3,25.7,1.6,84,No,Yes,Yes,Yes,1099
1562,27.7,31.1,50.4,0.77,0,Yes,Yes,Yes,No,NA
1563,32.9,21.4,66.7,0.85,410,No,Yes,Yes,Yes,513
1564,19.3,84.2,36.0,22.75,0,No,No,No,No,NA
1565,34.8,9.6,83.1,0.25,1209,No,No,Yes,Yes,6127
1566,27.0,32.4,20.8,0.41,40,No,No,Yes,Yes,1481
1567,32.7,14.1,58.6,0.29,399,No,No,Yes,Yes,4359
1568,10.0,75.2,12.7,12.08,0,No,No,No,No,NA
1569,27.7,32.1,39.0,3.49,248,No,Yes,Yes,Yes,760
1570,36.8,19.5,55.5,1.0,85,No,No,Yes,Yes,2030
1571,21.8,77.2,17.2,12.57,0,No,No,No,No,NA
1572,29.7,35.7,48.5,1.77,0,No,No,No,No,NA
1573,28.2,28.3,50.6,0.3,0,No,Yes,Yes,No,NA
1574,28.6,37.4,45.9,0.07,53,No,No,Yes,Yes,1502
1575,40.8,21.0,105.9,0.7,1669,No,Yes,Yes,Yes,182
1576,24.3,26.0,36.7,1.11,0,No,No,Yes,No,NA
1577,38.6,17.2,67.4,0.08,632,No,Yes,Yes,Yes,1936
1578,29.8,36.8,47.9,0.59,0,No,Yes,Yes,No,NA
1579,22.9,31.4,38.0,0.07,25,No,No,Yes,Yes,2022
1580,15.3,93.0,16.3,36.47,0,No,No,No,No,NA
1581,26.9,45.0,32.4,7.81,0,No,No,Yes,No,NA
1582,22.5,38.1,37.6,1.51,0,No,No,No,No,NA
1583,18.8,80.5,35.0,9.72,0,No,No,No,No,NA
1584,12.7,74.0,22.4,3.4,0,No,No,No,No,NA
1585,35.7,19.7,59.3,0.24,1002,Yes,Yes,Yes,Yes,1005
1586,16.4,64.3,15.6,18.08,0,No,No,No,No,NA
1587,36.2,19.3,46.0,0.02,665,No,No,Yes,Yes,905
1588,28.3,24.0,64.7,2.71,645,No,Yes,Yes,Yes,2264
1589,39.8,30.8,55.0,0.06,671,No,Yes,Yes,Yes,719
1590,29.5,45.4,19.6,3.88,0,No,No,No,No,NA
1591,36.3,25.0,72.0,1.85,392,No,No,Yes,Yes,5416
1592,18.6,28.1,63.2,1.61,0,No,No,No,No,NA
1593,9.9,92.6,10.4,24.61,0,No,No,No,No,NA
1594,14.6,82.4,6.5,16.97,0,No,No,No,No,NA
1595,17.7,77.6,12.1,24.03,0,No,No,No,No,NA
1596,31.0,25.4,24.6,2.15,374,No,Yes,Yes,Yes,1378
1597,20.8,51.0,26.0,0.97,0,No,No,Yes,No,NA
1598,27.0,30.5,27.7,2.75,0,No,No,Yes,No,NA
1599,29.1,19.8,76.3,0.43,853,No,Yes,Yes,Yes,1126
1600,18.7,37.2,59.8,2.48,110,Yes,Yes,Yes,Yes,903
1601,25.8,27.9,34.7,0.32,0,No,No,No,No,NA
1602,20.0,82.9,25.8,19.84,69,No,No,Yes,Yes,10
1603,23.4,52.5,49.6,1.34,707,No,No,Yes,Yes,49
1604,30.0,52.4,33.2,4.2,0,No,Yes,Yes,No,NA
1605,23.3,59.7,9.2,9.71,0,No,No,Yes,No,NA
1606,12.1,81.5,19.2,17.07,0,No,No,No,No,NA
1607,20.4,78.9,7.2,13.95,0,No,No,No,No,NA
1608,29.9,38.4,46.8,1.39,0,No,No,No,No,NA
1609,31.9,21.8,41.7,0.05,0,No,Yes,Yes,No,NA
1610,29.6,35.8,30.7,6.06,0,No,No,No,No,NA
1611,16.9,76.2,27.1,17.08,0,No,No,No,No,NA
1612,14.5,74.7,16.1,3.12,0,No,No,No,No,NA
1613,39.8,34.0,58.9,1.73,54,No,No,Yes,Yes,2162
1614,17.1,72.0,34.1,10.18,0,No,No,No,No,NA
1615,27.8,50.1,22.0,3.05,0,No,No,No,No,NA
1616,30.9,21.7,52.2,0.82,468,No,No,Yes,Yes,335
1617,29.6,24.9,29.2,0.22,52,No,Yes,Yes,Yes,1692
1618,17.2,73.0,9.1,13.11,0,No,No,No,No,NA
1619,19.1,21.9,49.3,2.52,568,Yes,Yes,Yes,Yes,264
1620,37.7,15.1,72.3,0.01,292,No,Yes,Yes,Yes,692
1621,39.3,23.1,61.3,0.16,1456,No,No,Yes,Yes,757
1622,33.3,21.3,67.9,0.36,0,Yes,Yes,Yes,No,NA
1623,25.9,39.3,54.0,0.72,0,No,No,No,No,NA
1624,33.3,26.1,20.5,1.35,198,Yes,Yes,Yes,Yes,849
1625,42.4,9.1,68.9,0.06,840,No,Yes,Yes,Yes,1624
1626,35.2,14.6,69.7,0.46,1129,No,Yes,Yes,Yes,812
1627,17.7,59.9,15.3,6.87,0,No,No,No,No,NA
1628,16.2,80.8,15.6,22.31,0,No,No,No,No,NA
1629,26.6,20.8,45.9,3.81,517,Yes,Yes,Yes,Yes,1206
1630,12.7,78.8,35.4,14.75,0,No,No,No,No,NA
1631,20.6,77.1,28.7,3.78,0,No,No,Yes,No,NA
1632,28.5,20.8,21.8,1.83,60,No,No,Yes,Yes,782
1633,37.0,13.6,68.4,0.43,165,No,No,Yes,Yes,2684
1634,19.5,76.3,26.7,7.57,0,No,No,No,No,NA
1635,24.2,37.5,28.1,7.13,265,No,No,Yes,Yes,527
1636,30.5,26.5,55.9,0.0,36,No,Yes,Yes,Yes,1404
1637,21.1,34.4,40.0,0.98,0,No,No,Yes,No,NA
1638,39.4,25.3,78.0,0.26,198,No,No,Yes,Yes,6879
1639,37.8,11.6,31.0,0.17,527,No,Yes,Yes,Yes,621
1640,16.0,85.4,7.7,35.41,0,No,No,No,No,NA
1641,40.4,11.2,91.1,0.81,748,No,Yes,Yes,Yes,8357
1642,42.7,9.5,88.8,0.05,1106,Yes,Yes,Yes,Yes,315
1643,43.0,14.5,86.6,0.45,38,No,Yes,Yes,Yes,4458
1644,34.1,19.6,33.8,0.11,6,No,Yes,Yes,Yes,1180
1645,18.9,80.0,16.9,19.38,9,No,Yes,Yes,Yes,112
1646,30.5,33.9,52.4,2.38,39,Yes,Yes,Yes,Yes,514
1647,19.5,35.5,48.2,1.69,0,No,No,No,No,NA
1648,9.0,86.3,18.6,34.85,0,No,No,No,No,NA
1649,34.3,13.6,92.0,0.9,159,No,No,Yes,Yes,11648
1650,19.9,62.7,35.0,6.74,0,No,No,No,No,NA
1651,17.9,61.5,39.0,4.61,0,No,No,No,No,NA
1652,29.7,42.8,32.7,2.52,321,Yes,Yes,Yes,Yes,316
1653,39.0,24.7,53.8,0.39,83,No,Yes,Yes,Yes,3161
1654,15.7,88.2,5.7,37.42,0,No,No,No,No,NA
1655,17.4,76.8,19.5,22.41,0,No,No,No,No,NA
1656,26.7,43.3,53.8,0.42,0,No,No,No,No,NA
1657,22.7,55.7,27.6,11.11,0,No,No,No,No,NA
1658,18.1,62.5,22.8,9.16,0,No,No,No,No,NA
1659,34.9,29.7,33.2,0.12,0,No,No,No,No,NA
1660,30.7,32.6,28.9,1.07,0,Yes,Yes,Yes,No,NA
1661,15.5,78.9,19.9,18.64,0,No,No,No,No,NA
1662,42.2,28.7,100.6,0.36,0,No,No,Yes,No,NA
1663,39.3,26.9,89.8,0.88,81,Yes,Yes,Yes,Yes,11003
1664,35.1,18.5,91.0,0.48,541,No,No,Yes,Yes,1025
1665,29.4,27.3,49.4,3.53,730,No,No,Yes,Yes,1052
1666,28.1,32.8,58.8,1.42,153,Yes,Yes,Yes,Yes,2951
1667,31.5,24.2,47.9,0.32,720,No,No,Yes,Yes,1639
1668,19.5,66.0,14.7,2.04,0,No,No,No,No,NA
1669,37.8,22.0,102.2,0.74,1929,No,Yes,Yes,Yes,2466
1670,30.7,33.6,26.8,0.1,77,No,Yes,Yes,Yes,520
1671,40.0,32.4,66.2,1.38,531,No,No,Yes,Yes,3352
1672,28.7,39.1,43.2,7.77,0,No,No,No,No,NA
1673,20.6,40.1,45.3,7.18,0,No,No,No,No,NA
1674,44.7,21.5,44.5,0.12,23,No,No,Yes,Yes,2734
1675,21.1,23.1,29.0,0.11,84,No,Yes,Yes,Yes,196
1676,29.8,18.7,69.5,0.38,548,No,Yes,Yes,Yes,2728
1677,40.7,25.4,92.3,0.02,17,No,No,Yes,Yes,8071
1678,22.6,25.9,54.4,2.13,0,No,No,No,No,NA
1679,26.7,31.7,35.7,3.57,329,No,No,Yes,Yes,1268
1680,31.6,26.3,87.8,0.67,21,No,No,Yes,Yes,5244
1681,20.6,30.3,63.3,3.19,220,No,Yes,Yes,Yes,2266
1682,14.4,75.9,23.3,39.76,0,No,No,No,No,NA
1683,15.1,63.3,8.4,19.25,0,No,No,No,No,NA
1684,28.6,40.8,30.3,1.89,550,No,Yes,Yes,Yes,1337
1685,5.7,79.2,7.1,27.24,0,No,No,No,No,NA
1686,26.9,39.6,34.4,0.31,0,Yes,Yes,Yes,No,NA
1687,15.0,79.7,17.8,10.58,0,No,No,No,No,NA
1688,39.9,22.1,88.4,0.4,398,No,Yes,Yes,Yes,8295
1689,30.0,35.0,29.8,0.59,0,Yes,Yes,Yes,No,NA
1690,24.6,23.3,37.1,2.41,0,No,Yes,Yes,No,NA
1691,19.2,29.5,39.6,0.3,0,No,No,No,No,NA
1692,15.6,64.4,29.7,5.18,0,No,No,No,No,NA
1693,32.7,15.8,40.1,1.41,198,No,No,Yes,Yes,156
1694,23.2,40.3,25.1,7.71,116,Yes,Yes,Yes,Yes,795
1695,29.1,36.3,37.2,2.46,443,No,Yes,Yes,Yes,16
1696,25.9,26.7,31.0,2.35,0,Yes,Yes,Yes,No,NA
1697,34.7,34.2,56.6,0.1,688,No,No,Yes,Yes,2346
1698,26.4,27.5,49.2,1.36,0,No,No,No,No,NA
1699,36.8,23.3,34.9,0.38,363,No,No,Yes,Yes,1128
1700,44.5,8.4,48.5,0.39,86,Yes,Yes,Yes,Yes,2690
1701,41.6,13.0,61.8,0.71,383,No,Yes,Yes,Yes,738
1702,28.6,32.8,63.8,3.04,0,No,Yes,Yes,No,NA
1703,33.8,27.0,46.4,1.89,83,No,Yes,Yes,Yes,1434
1704,26.5,39.2,30.8,0.69,134,No,No,Yes,Yes,1144
1705,32.8,20.9,25.8,1.33,0,No,No,No,No,NA
1706,28.8,31.0,42.1,1.11,21,No,No,Yes,Yes,955
1707,7.4,85.9,11.7,9.14,0,No,No,No,No,NA
1708,40.3,21.0,68.6,0.93,14,Yes,Yes,Yes,Yes,1777
1709,17.4,59.9,27.5,4.35,0,No,No,Yes,No,NA
1710,36.4,26.0,72.5,0.63,21,Yes,Yes,Yes,Yes,2896
1711,26.8,43.9,32.8,7.29,0,No,No,No,No,NA
1712,25.6,41.0,35.5,0.7,0,No,No,No,No,NA
1713,36.3,15.7,88.2,0.89,260,No,Yes,Yes,Yes,3883
1714,10.9,86.8,10.5,9.24,0,No,No,No,No,NA
1715,28.9,23.7,27.6,2.58,0,No,No,No,No,NA
1716,27.1,25.5,57.0,1.13,0,No,No,No,No,NA
1717,42.7,11.0,80.7,0.04,260,Yes,Yes,Yes,Yes,193
1718,26.2,20.2,53.2,3.14,0,No,No,No,No,NA
1719,29.5,28.4,72.6,1.02,146,No,Yes,Yes,Yes,2472
1720,32.3,20.4,50.8,0.51,0,No,No,Yes,No,NA
1721,18.9,66.7,34.6,22.45,0,No,No,No,No,NA
1722,23.0,60.7,11.3,11.88,0,No,No,No,No,NA
1723,24.8,75.6,29.7,4.43,0,No,No,No,No,NA
1724,8.5,93.1,10.5,12.57,0,No,No,No,No,NA
1725,29.6,34.0,61.5,0.97,0,Yes,Yes,Yes,No,NA
1726,25.0,40.5,48.8,6.07,0,No,No,No,No,NA
1727,6.7,94.1,6.2,10.05,0,No,No,No,No,NA
1728,30.4,44.5,52.7,2.55,0,No,No,No,No,NA
1729,24.2,39.9,59.3,0.86,132,No,Yes,Yes,Yes,799
1730,31.4,23.1,54.4,1.16,0,No,No,No,No,NA
1731,38.8,17.9,79.9,0.42,364,No,No,Yes,Yes,5291
1732,22.0,40.2,32.5,3.8,33,No,No,Yes,Yes,1032
1733,21.3,67.1,13.2,6.73,0,No,No,No,No,NA
1734,41.1,16.9,77.6,0.56,434,No,No,Yes,Yes,8308
1735,27.3,21.9,61.7,3.17,596,No,No,Yes,Yes,1130
1736,17.1,75.8,34.1,3.18,0,No,No,No,No,NA
1737,26.1,21.1,59.0,3.13,92,No,Yes,Yes,Yes,557
1738,23.1,42.0,21.6,0.57,0,No,No,Yes,No,NA
1739,35.1,29.3,47.1,1.39,0,No,No,No,No,NA
1740,18.9,39.8,41.8,2.61,157,No,No,Yes,Yes,645
1741,36.1,12.7,86.2,0.81,2816,No,No,Yes,Yes,5701
1742,16.4,58.0,27.8,8.49,0,No,No,No,No,NA
1743,21.0,60.8,26.6,5.42,0,No,No,No,No,NA
1744,26.0,38.2,38.5,1.59,0,No,No,Yes,No,NA
1745,20.3,62.2,19.4,7.37,0,No,No,No,No,NA
1746,34.4,32.6,42.4,1.7,487,Yes,Yes,Yes,Yes,1871
1747,21.9,25.6,42.3,2.33,0,No,No,No,No,NA
1748,6.1,78.5,6.1,29.58,0,No,No,No,No,NA
1749,21.7,64.9,34.3,13.75,0,No,No,No,No,NA
1750,34.2,32.6,40.4,1.38,0,No,No,No,No,NA
1751,18.3,56.9,24.0,7.45,0,No,No,No,No,NA
1752,24.0,54.8,35.3,3.93,63,No,Yes,Yes,Yes,589
1753,27.4,32.1,31.7,1.7,0,No,No,Yes,No,NA
1754,27.4,42.1,22.3,0.92,0,No,No,No,No,NA
1755,25.8,41.1,24.3,2.31,0,No,Yes,Yes,No,NA
1756,24.9,22.6,31.4,2.56,0,No,No,No,No,NA
1757,40.7,17.7,58.3,0.25,583,Yes,Yes,Yes,Yes,5110
1758,32.0,31.3,54.8,0.98,0,No,No,No,No,NA
1759,11.0,88.4,24.0,27.64,0,No,No,No,No,NA
1760,29.0,32.4,58.4,0.16,0,Yes,Yes,Yes,No,NA
1761,38.1,29.5,79.1,1.85,756,Yes,Yes,Yes,Yes,3821
1762,25.2,52.3,47.1,1.41,102,No,Yes,Yes,Yes,987
1763,27.2,43.0,58.4,2.9,1087,No,No,Yes,Yes,1750
1764,33.4,22.5,56.9,0.28,93,No,No,Yes,Yes,1523
1765,39.7,19.9,106.5,0.49,824,No,No,Yes,Yes,5420
1766,14.4,67.3,29.1,24.47,0,No,No,No,No,NA
1767,36.3,27.5,70.3,0.53,0,No,No,No,No,NA
1768,21.0,23.6,39.2,1.85,383,No,No,Yes,Yes,2473
1769,35.9,25.5,77.1,1.76,0,Yes,Yes,Yes,No,NA
1770,25.9,47.1,22.4,3.01,254,No,Yes,Yes,Yes,100
1771,7.4,89.7,15.7,7.66,0,No,No,No,No,NA
1772,23.0,35.9,47.9,6.24,0,No,No,Yes,No,NA
1773,17.0,84.3,9.8,30.16,0,No,No,No,No,NA
1774,26.3,34.8,59.5,1.8,0,No,No,No,No,NA
1775,21.7,34.3,44.7,1.64,240,Yes,Yes,Yes,Yes,1986
1776,9.7,89.5,18.6,24.31,0,No,No,No,No,NA
1777,26.4,51.4,18.7,2.83,195,No,No,Yes,Yes,438
1778,31.5,28.2,102.2,0.75,193,Yes,Yes,Yes,Yes,2224
1779,27.6,27.8,56.6,0.08,60,No,No,Yes,Yes,120
1780,31.1,30.3,76.7,1.61,710,No,No,Yes,Yes,935
1781,21.2,66.1,10.7,4.48,0,No,No,No,No,NA
1782,27.8,28.9,45.9,1.32,0,No,No,No,No,NA
1783,16.7,77.5,29.3,6.11,0,No,No,No,No,NA
1784,31.7,37.4,53.8,0.65,28,No,No,Yes,Yes,3390
1785,33.4,22.6,41.2,0.2,0,No,No,No,No,NA
1786,18.3,60.8,10.5,6.99,0,No,No,No,No,NA
1787,28.3,25.9,51.0,0.22,0,Yes,Yes,Yes,No,NA
1788,13.7,81.5,11.3,36.37,0,No,No,No,No,NA
1789,29.9,40.1,44.3,7.74,0,No,No,No,No,NA
1790,27.5,26.6,52.7,2.22,0,No,No,No,No,NA
1791,29.4,31.5,53.9,0.79,47,No,Yes,Yes,Yes,2245
1792,28.0,35.8,51.3,2.45,0,No,No,No,No,NA
1793,17.2,80.7,20.8,18.04,0,No,No,No,No,NA
1794,33.7,23.7,87.9,0.3,287,Yes,Yes,Yes,Yes,1582
1795,25.1,38.8,20.2,2.87,84,No,No,Yes,Yes,331
1796,12.7,84.8,6.8,37.96,0,No,No,No,No,NA
1797,35.4,12.4,32.9,0.11,165,No,No,Yes,Yes,3343
1798,34.5,23.7,84.7,0.04,1536,Yes,Yes,Yes,Yes,722
1799,32.9,26.0,41.4,2.91,483,No,No,Yes,Yes,3067
1800,27.0,42.5,46.9,4.72,40,No,No,Yes,Yes,1335
1801,26.7,38.8,49.5,0.76,0,No,Yes,Yes,No,NA
1802,26.6,35.2,49.2,0.28,0,No,No,No,No,NA
1803,27.5,39.1,46.3,0.64,65,No,Yes,Yes,Yes,88
1804,43.7,12.3,48.5,0.29,514,No,Yes,Yes,Yes,3314
1805,32.4,25.1,51.6,1.32,21,Yes,Yes,Yes,Yes,2816
1806,37.4,20.0,53.1,0.35,195,No,Yes,Yes,Yes,6007
1807,35.4,22.5,68.1,0.47,0,No,No,Yes,No,NA
1808,27.3,38.1,20.8,1.05,356,No,Yes,Yes,Yes,1020
1809,36.4,13.0,68.4,0.43,1208,No,No,Yes,Yes,2212
1810,26.0,37.2,33.2,3.47,0,No,Yes,Yes,No,NA
1811,26.2,42.1,44.0,2.49,795,No,Yes,Yes,Yes,1712
1812,11.7,93.8,13.1,13.01,0,No,No,No,No,NA
1813,25.6,26.9,65.0,0.28,0,No,No,Yes,No,NA
1814,19.4,71.7,29.0,19.99,0,No,No,No,No,NA
1815,21.2,47.4,44.5,4.86,533,Yes,Yes,Yes,Yes,507
1816,37.0,21.1,64.0,0.8,1222,No,Yes,Yes,Yes,6941
1817,23.2,37.5,48.0,2.01,0,No,No,Yes,No,NA
1818,12.9,80.0,11.3,13.36,0,No,No,No,No,NA
1819,40.1,27.7,78.2,0.29,73,No,Yes,Yes,Yes,1239
1820,13.8,73.0,18.6,15.92,0,No,No,No,No,NA
1821,27.6,29.8,38.4,0.82,0,No,Yes,Yes,No,NA
1822,34.6,22.0,52.3,0.41,725,No,No,Yes,Yes,476
1823,23.2,37.7,36.8,2.95,0,No,Yes,Yes,No,NA
1824,21.6,70.7,21.1,15.59,0,No,No,No,No,NA
1825,30.9,26.9,50.8,2.36,0,No,No,No,No,NA
1826,40.9,19.2,35.1,0.21,353,Yes,Yes,Yes,Yes,1366
1827,33.6,11.9,62.0,0.48,1055,No,No,Yes,Yes,4043
1828,30.2,33.4,36.6,2.27,103,No,No,Yes,Yes,128
1829,26.7,46.4,24.5,2.49,0,No,No,No,No,NA
1830,14.8,76.1,31.5,12.95,0,No,No,No,No,NA
1831,33.8,17.5,53.0,0.32,290,No,Yes,Yes,Yes,251
1832,28.5,46.7,37.1,2.67,14,No,No,Yes,Yes,232
1833,36.2,22.3,88.3,0.78,1024,No,No,Yes,Yes,6023
1834,28.8,15.7,61.2,0.3,0,No,No,No,No,NA
1835,18.0,60.0,28.4,19.6,0,No,No,Yes,No,NA
1836,24.4,61.5,10.9,3.31,0,No,No,No,No,NA
1837,40.3,20.8,58.3,0.75,1225,Yes,Yes,Yes,Yes,522
1838,24.0,33.7,20.7,1.79,0,No,No,No,No,NA
1839,36.7,10.2,63.4,0.05,1595,No,Yes,Yes,Yes,1137
1840,29.0,35.2,30.2,4.8,0,No,Yes,Yes,No,NA
1841,36.2,15.2,86.0,0.44,126,No,Yes,Yes,Yes,9387
1842,28.3,24.1,37.3,0.23,1003,Yes,Yes,Yes,Yes,580
1843,33.5,25.5,63.2,1.03,1084,No,Yes,Yes,Yes,809
1844,39.8,24.6,41.6,1.14,479,Yes,Yes,Yes,Yes,2470
1845,34.2,33.7,26.2,0.88,378,Yes,Yes,Yes,Yes,268
1846,30.3,43.8,24.0,1.95,461,No,No,Yes,Yes,1822
1847,30.6,13.1,65.1,0.2,205,No,No,Yes,Yes,5325
1848,37.6,9.5,64.3,0.13,1734,No,Yes,Yes,Yes,1461
1849,25.3,43.2,29.6,4.36,0,No,No,No,No,NA
1850,28.9,35.7,34.9,0.05,0,No,Yes,Yes,No,NA
1851,22.5,35.9,32.3,3.58,0,No,Yes,Yes,No,NA
1852,27.2,20.9,48.9,1.94,0,Yes,Yes,Yes,No,NA
1853,34.5,33.6,77.9,0.52,499,No,No,Yes,Yes,1889
1854,27.9,32.9,59.0,0.52,0,No,No,No,No,NA
1855,22.3,45.4,30.5,2.85,0,No,No,Yes,No,NA
1856,23.7,56.6,6.1,13.51,0,No,No,No,No,NA
1857,14.7,86.3,5.0,19.97,0,No,No,No,No,NA
1858,22.9,33.7,23.3,1.46,133,No,Yes,Yes,Yes,1083
1859,20.9,37.7,39.7,3.77,0,No,No,No,No,NA
1860,18.2,79.5,17.3,10.33,0,No,No,No,No,NA
1861,33.0,15.3,52.2,0.12,586,Yes,Yes,Yes,Yes,1350
1862,17.8,79.0,8.5,7.91,0,No,No,No,No,NA
1863,19.9,79.8,21.6,9.7,0,No,No,No,No,NA
1864,20.0,81.0,20.2,18.71,0,No,No,No,No,NA
1865,6.9,78.7,8.9,21.29,0,No,No,No,No,NA
1866,28.7,29.8,65.3,1.91,1357,No,No,Yes,Yes,4992
1867,27.1,33.9,54.3,1.0,0,No,No,No,No,NA
1868,29.3,37.8,33.7,5.43,0,No,No,No,No,NA
1869,38.4,18.6,62.7,0.79,329,No,No,Yes,Yes,954
1870,19.7,35.0,58.7,0.58,0,No,No,No,No,NA
1871,25.2,22.1,45.1,0.83,0,No,No,No,No,NA
1872,32.9,32.3,53.9,1.0,153,No,Yes,Yes,Yes,1955
1873,23.5,25.2,54.7,2.15,0,No,No,No,No,NA
1874,25.9,38.9,49.6,1.48,0,No,Yes,Yes,No,NA
1875,28.6,25.4,52.4,0.87,1094,No,No,Yes,Yes,3404
1876,19.2,38.4,61.2,1.46,0,No,No,No,No,NA
1877,19.2,74.7,39.6,3.33,0,No,No,No,No,NA
1878,31.8,30.0,20.9,1.28,356,Yes,Yes,Yes,Yes,335
1879,26.6,35.5,27.0,2.84,51,No,Yes,Yes,Yes,217
1880,27.4,51.6,40.2,2.56,0,No,No,No,No,NA
1881,22.6,42.6,16.8,1.72,58,No,Yes,Yes,Yes,524
1882,29.1,45.0,43.7,1.86,0,No,No,Yes,No,NA
1883,32.7,32.1,35.3,0.9,145,No,Yes,Yes,Yes,1646
1884,40.5,10.6,50.4,0.07,349,Yes,Yes,Yes,Yes,919
1885,6.2,83.3,6.4,32.88,0,No,No,No,No,NA
1886,17.5,66.3,34.8,6.15,0,No,No,No,No,NA
1887,39.1,25.7,77.3,0.8,80,Yes,Yes,Yes,Yes,852
1888,21.4,38.9,42.6,5.04,0,No,No,No,No,NA
1889,34.4,38.8,46.8,1.28,0,No,No,No,No,NA
1890,32.5,36.1,62.8,1.93,0,No,Yes,Yes,No,NA
1891,23.8,43.7,27.4,7.51,116,No,Yes,Yes,Yes,985
1892,15.1,80.2,10.7,38.33,0,No,No,No,No,NA
1893,35.7,29.3,72.7,1.81,1402,No,Yes,Yes,Yes,86
1894,34.1,33.3,23.0,1.67,0,Yes,Yes,Yes,No,NA
1895,27.9,36.4,45.0,3.29,0,No,No,No,No,NA
1896,21.9,36.0,56.7,1.53,408,Yes,Yes,Yes,Yes,434
1897,43.6,19.5,75.5,0.13,1277,No,No,Yes,Yes,8211
1898,31.9,35.1,50.8,0.22,0,No,Yes,Yes,No,NA
1899,28.9,33.4,26.3,1.53,0,No,Yes,Yes,No,NA
1900,23.8,78.7,24.1,5.43,0,No,No,No,No,NA
1901,7.6,83.3,20.0,22.77,0,No,No,No,No,NA
1902,44.3,14.6,77.6,0.15,0,No,Yes,Yes,No,NA
1903,16.1,70.4,14.3,24.07,0,No,No,No,No,NA
1904,14.5,66.8,11.6,11.25,0,No,No,No,No,NA
1905,27.9,42.3,37.6,4.77,0,No,Yes,Yes,No,NA
1906,27.3,36.6,30.6,0.78,115,No,No,Yes,Yes,654
1907,32.2,41.0,25.1,0.03,0,No,No,No,No,NA
1908,13.2,77.8,22.3,18.98,0,No,No,No,No,NA
1909,28.7,23.9,43.4,1.58,124,Yes,Yes,Yes,Yes,1865
1910,26.8,34.9,69.2,0.5,0,No,No,No,No,NA
1911,34.8,14.0,68.7,0.01,844,No,Yes,Yes,Yes,3802
1912,7.3,91.9,14.6,38.13,0,No,No,No,No,NA
1913,23.5,57.8,24.0,18.11,0,No,No,No,No,NA
1914,25.4,44.3,55.5,1.57,0,Yes,Yes,Yes,No,NA
1915,16.4,78.2,11.7,2.94,0,No,No,No,No,NA
1916,24.5,42.4,57.8,0.31,363,No,No,Yes,Yes,1364
1917,31.2,16.3,68.3,0.86,13,No,Yes,Yes,Yes,1833
1918,29.6,51.8,42.7,3.19,0,No,No,Yes,No,NA
1919,22.3,53.2,30.5,5.26,0,No,No,No,No,NA
1920,10.8,82.8,17.7,9.04,0,No,No,No,No,NA
1921,26.4,38.8,24.6,1.82,62,No,No,Yes,Yes,195
1922,17.7,77.1,25.4,17.61,0,Yes,Yes,Yes,No,NA
1923,34.5,28.9,53.4,0.25,769,No,No,Yes,Yes,1719
1924,20.5,42.6,33.8,4.26,157,No,Yes,Yes,Yes,219
1925,6.1,84.5,11.2,7.86,0,No,No,No,No,NA
1926,44.6,13.4,39.5,0.06,1040,No,Yes,Yes,Yes,4077
1927,28.9,31.1,56.9,1.12,684,No,No,Yes,Yes,730
1928,21.7,34.2,64.1,1.92,134,No,Yes,Yes,Yes,1262
1929,23.9,76.1,18.2,14.32,0,No,No,No,No,NA
1930,36.4,16.3,53.7,1.74,2033,No,Yes,Yes,Yes,2564
1931,27.2,36.2,29.9,2.7,0,No,Yes,Yes,No,NA
1932,39.6,25.0,68.4,0.87,874,No,Yes,Yes,Yes,1398
1933,17.2,80.9,31.8,19.07,0,No,No,No,No,NA
1934,25.0,43.4,24.9,4.45,0,No,Yes,Yes,No,NA
1935,15.5,72.6,25.1,22.97,0,No,No,No,No,NA
1936,29.1,32.9,61.8,3.15,0,Yes,Yes,Yes,No,NA
1937,25.6,30.2,31.7,0.33,25,Yes,Yes,Yes,Yes,362
1938,31.0,15.2,44.5,1.2,0,No,No,Yes,Yes,347
1939,28.6,36.1,25.0,0.21,145,No,No,Yes,Yes,636
1940,20.4,75.1,11.6,4.84,0,Yes,Yes,Yes,No,NA
1941,25.4,23.3,61.8,1.46,0,No,Yes,Yes,No,NA
1942,43.5,13.8,86.7,0.15,726,No,Yes,Yes,Yes,4372
1943,23.2,27.9,25.3,3.06,0,No,Yes,Yes,No,NA
1944,17.3,83.1,11.4,8.92,0,No,No,No,No,NA
1945,26.2,45.9,27.1,1.73,30,Yes,Yes,Yes,Yes,81
1946,37.2,18.9,57.6,1.55,429,No,No,Yes,Yes,3767
1947,31.9,41.0,42.1,0.61,0,No,No,No,No,NA
1948,22.9,48.2,16.7,5.27,48,No,Yes,Yes,Yes,367
1949,33.1,15.8,85.9,0.59,2787,No,No,Yes,Yes,8452
1950,17.8,63.7,6.0,12.55,0,No,No,No,No,NA
1951,20.0,70.6,33.7,10.38,0,No,No,No,No,NA
1952,34.0,27.7,51.5,0.97,682,No,No,Yes,Yes,1500
1953,23.1,61.8,20.8,7.95,0,No,No,No,No,NA
1954,23.0,36.5,21.7,4.32,19,No,No,Yes,Yes,318
1955,15.0,71.7,15.8,24.72,0,No,No,No,No,NA
1956,39.3,23.1,76.8,0.34,1805,No,No,Yes,Yes,3895
1957,27.5,39.4,31.6,5.21,0,No,Yes,Yes,No,NA
1958,36.3,15.9,51.4,0.06,853,Yes,Yes,Yes,Yes,350
1959,20.2,35.0,35.2,5.7,0,No,No,No,No,NA
1960,35.4,20.7,68.2,0.85,16,No,Yes,Yes,Yes,874
1961,33.7,19.8,67.3,1.5,0,No,No,Yes,No,NA
1962,9.6,91.6,6.1,8.27,0,No,No,No,No,NA
1963,27.1,37.6,27.7,2.09,0,No,No,No,No,NA
1964,32.4,16.0,95.2,0.97,0,No,No,Yes,No,NA
1965,38.7,12.4,77.4,0.27,107,No,No,Yes,Yes,2952
1966,23.4,79.2,7.2,3.16,0,Yes,Yes,Yes,No,NA
1967,33.1,21.5,42.1,0.26,1025,No,No,Yes,Yes,825
1968,14.0,76.5,14.4,23.06,0,No,No,No,No,NA
1969,17.3,90.5,13.2,31.73,0,No,No,No,No,NA
1970,39.9,14.9,83.1,0.27,1824,No,Yes,Yes,Yes,8523
1971,26.1,26.5,37.6,2.37,0,Yes,Yes,Yes,No,NA
1972,33.7,29.9,66.7,0.77,63,Yes,Yes,Yes,Yes,1833
1973,38.4,29.7,60.7,1.82,78,No,Yes,Yes,Yes,770
1974,28.8,22.4,65.2,0.14,0,No,No,No,No,NA
1975,27.1,29.0,56.4,1.34,0,No,Yes,Yes,No,NA
1976,34.3,17.2,97.3,0.1,0,Yes,Yes,Yes,No,NA
1977,30.0,38.9,34.9,2.08,0,No,No,Yes,No,NA
1978,27.2,24.5,69.7,1.29,0,No,No,Yes,No,NA
1979,17.0,82.4,20.4,21.25,0,No,No,No,No,NA
1980,20.2,68.3,28.4,22.03,0,No,No,No,No,NA
1981,34.7,30.9,50.8,1.37,0,No,No,No,No,NA
1982,24.1,65.3,25.9,11.79,0,No,No,No,No,NA
1983,12.7,69.0,15.3,13.67,0,No,No,No,No,NA
1984,40.1,20.3,36.9,0.02,1026,No,No,Yes,Yes,313
1985,15.8,83.0,25.0,20.24,0,No,No,No,No,NA
1986,18.3,60.0,25.7,12.16,0,No,No,No,No,NA
1987,29.7,28.2,57.0,0.71,353,No,Yes,Yes,Yes,1551
1988,29.0,33.0,25.9,1.88,74,No,Yes,Yes,Yes,1405
1989,31.8,27.7,59.1,1.9,547,No,No,Yes,Yes,1522
1990,8.9,80.8,23.7,18.92,0,No,No,No,No,NA
1991,23.3,46.2,44.1,3.89,0,No,Yes,Yes,No,NA
1992,22.5,72.6,22.1,3.48,0,No,No,No,No,NA
1993,30.7,25.7,68.7,0.15,540,No,No,Yes,Yes,5988
1994,21.6,71.4,28.8,6.82,0,No,No,No,No,NA
1995,18.8,82.7,25.3,7.71,0,No,No,Yes,No,NA
1996,21.4,36.1,22.7,6.59,0,No,No,No,No,NA
1997,25.8,27.4,34.9,1.3,94,Yes,Yes,Yes,Yes,456
1998,20.3,63.6,12.4,17.64,0,No,No,No,No,NA
1999,13.8,93.4,23.1,16.52,0,No,No,No,No,NA
2000,24.6,28.7,25.7,2.91,326,Yes,Yes,Yes,Yes,428
2001,23.2,40.6,28.2,1.78,0,Yes,Yes,Yes,No,NA
2002,26.9,24.3,39.6,3.76,0,No,No,No,No,NA
2003,24.7,27.5,46.7,1.25,0,No,Yes,Yes,No,NA
2004,44.6,10.3,88.9,0.15,368,No,Yes,Yes,Yes,7381
2005,29.2,49.8,26.0,7.22,0,No,Yes,Yes,No,NA
2006,38.8,26.0,73.4,0.94,1284,No,Yes,Yes,Yes,4462
2007,24.8,42.8,49.6,2.24,0,No,No,No,No,NA
2008,27.7,52.7,25.7,5.02,0,No,No,No,No,NA
2009,23.0,43.7,45.3,4.5,0,No,No,No,No,NA
2010,15.2,91.5,7.9,30.33,0,No,No,No,No,NA
2011,42.8,14.7,99.9,0.74,1873,No,Yes,Yes,Yes,5727
2012,30.1,27.5,74.1,1.39,0,Yes,Yes,Yes,No,NA
2013,16.8,73.8,8.5,3.6,0,No,No,No,No,NA
2014,31.8,38.6,24.1,0.85,0,No,No,No,No,NA
2015,22.9,40.6,24.3,0.1,0,No,Yes,Yes,No,NA
2016,13.4,85.9,15.1,29.48,0,No,No,No,No,NA
2017,27.8,44.8,29.3,2.61,113,No,No,Yes,Yes,1522
2018,23.7,23.4,56.2,2.57,0,No,Yes,Yes,No,NA
2019,34.3,12.5,92.9,0.65,1007,No,No,Yes,Yes,2576
2020,34.8,27.6,52.9,0.63,804,No,No,Yes,Yes,694
2021,24.0,42.0,23.4,2.86,0,No,Yes,Yes,No,NA
2022,32.4,39.6,22.1,0.02,197,No,No,Yes,Yes,530
2023,25.6,20.4,61.9,0.67,0,No,No,No,No,NA
2024,30.6,25.5,101.1,0.19,274,No,No,Yes,Yes,156
2025,19.7,79.6,17.5,9.82,0,No,No,No,No,NA
2026,17.1,77.2,33.8,13.92,0,No,No,No,No,NA
2027,30.1,12.0,84.1,0.24,1706,No,Yes,Yes,Yes,1940
2028,24.0,77.6,13.8,8.04,0,No,No,No,No,NA
2029,24.2,56.9,8.4,13.01,0,No,No,No,No,NA
2030,22.1,54.4,33.4,7.3,0,No,Yes,Yes,No,NA
2031,31.3,28.2,41.8,0.47,318,No,Yes,Yes,Yes,412
2032,12.2,75.5,20.2,17.8,0,No,No,No,No,NA
2033,26.4,38.7,34.1,2.62,170,No,No,Yes,Yes,1199
2034,41.4,24.6,77.6,0.11,2974,No,No,Yes,Yes,4281
2035,13.6,82.4,18.9,34.95,0,No,No,No,No,NA
2036,26.2,34.9,29.6,1.21,210,No,Yes,Yes,Yes,452
2037,17.3,90.9,5.5,35.05,0,No,No,No,No,NA
2038,29.1,44.7,29.9,1.26,0,No,Yes,Yes,No,NA
2039,15.7,90.7,24.3,11.77,0,No,No,No,No,NA
2040,20.9,49.5,20.0,1.85,0,No,No,No,No,NA
2041,33.7,22.2,46.8,0.01,796,No,Yes,Yes,Yes,211
2042,32.1,23.6,64.9,0.98,0,No,Yes,Yes,No,NA
2043,31.9,27.8,56.0,0.6,89,No,Yes,Yes,Yes,780
2044,22.2,32.5,45.9,2.05,0,Yes,Yes,Yes,No,NA
2045,26.8,30.6,21.9,1.74,283,No,Yes,Yes,Yes,159
2046,26.8,43.8,56.5,1.97,0,No,No,No,No,NA
2047,30.7,25.1,35.3,0.17,114,Yes,Yes,Yes,Yes,1155
2048,23.5,42.5,26.9,4.38,0,No,No,No,No,NA
2049,41.4,29.5,51.4,0.63,1256,No,Yes,Yes,Yes,1311
2050,21.7,44.5,32.1,2.27,0,No,No,No,No,NA
2051,36.4,16.2,52.7,0.35,95,No,Yes,Yes,Yes,1542
2052,18.3,75.8,19.6,12.3,0,No,No,No,No,NA
2053,32.0,22.8,40.2,0.27,0,No,No,No,No,NA
2054,28.1,42.3,23.7,7.66,0,No,No,No,No,NA
2055,35.4,22.3,70.2,2.0,941,No,No,Yes,Yes,3090
2056,33.1,28.3,46.0,0.38,859,No,Yes,Yes,Yes,857
2057,28.8,27.4,47.6,0.12,743,Yes,Yes,Yes,Yes,1661
2058,29.4,27.6,57.4,2.9,0,No,No,Yes,No,NA
2059,24.8,24.9,56.8,3.35,0,No,No,No,No,NA
2060,19.9,77.9,5.5,9.81,0,No,No,No,No,NA
2061,6.0,79.2,22.1,23.61,0,No,No,Yes,No,NA
2062,32.9,38.8,33.3,1.3,0,No,Yes,Yes,No,NA
2063,26.8,54.8,35.1,6.26,0,No,No,No,No,NA
2064,25.8,33.5,27.2,2.24,0,Yes,Yes,Yes,No,NA
2065,22.7,63.1,20.9,8.42,0,No,No,No,No,NA
2066,32.1,21.3,41.5,1.96,0,No,No,No,No,NA
2067,26.5,37.1,51.3,2.96,973,No,No,Yes,Yes,877
2068,14.4,77.6,7.0,15.11,0,No,No,No,No,NA
2069,18.0,73.0,21.6,4.91,0,No,No,No,No,NA
2070,25.8,36.8,44.2,1.31,0,No,No,No,No,NA
2071,28.2,27.3,55.1,2.43,0,No,No,No,No,NA
2072,20.3,40.1,42.1,5.91,0,No,No,No,No,NA
2073,29.1,29.0,51.3,0.93,86,No,No,Yes,Yes,1228
2074,14.3,71.6,24.0,22.68,0,No,No,No,No,NA
2075,36.9,26.0,60.4,0.98,250,Yes,Yes,Yes,Yes,2657
2076,34.6,18.1,90.9,0.12,2002,Yes,Yes,Yes,Yes,2565
2077,36.7,34.2,49.7,0.65,350,No,No,Yes,Yes,1360
2078,16.1,61.4,25.7,16.31,0,No,No,No,No,NA
2079,29.4,34.6,47.5,0.85,0,No,No,No,No,NA
2080,20.5,59.5,21.6,16.76,0,No,No,No,No,NA
2081,17.5,64.3,16.8,14.0,0,No,No,No,No,NA
2082,43.7,18.1,67.5,0.31,219,No,Yes,Yes,Yes,5753
2083,24.1,37.1,46.7,2.68,0,No,No,No,No,NA
2084,30.0,29.8,49.2,0.66,134,No,No,Yes,Yes,507
2085,14.5,73.6,15.8,11.04,0,No,No,No,No,NA
2086,32.8,29.3,84.6,0.55,377,No,Yes,Yes,Yes,5082
2087,33.3,26.6,89.7,0.1,970,No,No,Yes,Yes,489
2088,39.9,32.0,43.5,1.1,334,No,Yes,Yes,Yes,433
2089,25.1,42.1,20.1,3.73,0,No,No,Yes,No,NA
2090,7.5,73.9,10.0,22.73,0,No,No,No,No,NA
2091,41.2,23.9,84.9,0.57,2673,No,No,Yes,Yes,5102
2092,27.1,21.6,35.7,0.22,0,No,No,No,No,NA
2093,30.0,27.8,58.1,0.93,270,No,Yes,Yes,Yes,1305
2094,12.9,82.4,19.2,21.65,0,No,No,No,No,NA
2095,20.8,39.0,40.0,2.64,24,No,Yes,Yes,Yes,889
2096,12.7,76.7,33.1,21.85,0,No,No,No,No,NA
2097,14.4,70.3,29.3,5.29,0,No,No,No,No,NA
2098,33.9,23.4,27.8,0.92,0,No,No,No,No,NA
2099,26.2,20.2,40.9,0.26,0,No,No,No,No,NA
2100,14.7,69.2,24.1,6.49,0,No,No,No,No,NA
2101,25.8,28.4,54.4,3.58,0,Yes,Yes,Yes,No,NA
2102,21.5,55.7,29.7,2.33,0,No,No,No,No,NA
2103,34.0,17.7,55.2,0.4,1394,No,Yes,Yes,Yes,276
2104,29.5,24.4,41.4,2.31,298,Yes,Yes,Yes,Yes,3114
2105,16.8,81.7,18.8,8.93,0,No,No,No,No,NA
2106,23.8,31.5,47.4,3.36,0,No,No,Yes,No,NA
2107,36.8,28.0,75.1,0.02,0,No,No,No,No,NA
2108,28.4,38.7,26.3,3.16,0,No,No,No,No,NA
2109,20.4,76.2,16.0,15.02,0,No,No,No,No,NA
2110,15.2,72.0,29.7,17.11,0,No,No,No,No,NA
2111,24.4,51.5,43.4,4.17,0,No,No,No,No,NA
2112,23.2,61.8,15.5,8.67,0,No,No,No,No,NA
2113,21.3,60.1,19.2,8.01,0,No,No,No,No,NA
2114,27.2,40.0,15.6,1.33,0,No,No,No,No,NA
2115,27.9,35.8,36.3,1.96,132,No,No,Yes,Yes,262
2116,26.2,41.8,19.7,6.81,0,No,No,No,No,NA
2117,38.9,23.7,39.7,0.17,146,No,Yes,Yes,Yes,1561
2118,26.0,32.1,27.9,1.24,0,No,No,No,No,NA
2119,22.5,73.4,20.5,13.12,0,No,No,No,No,NA
2120,28.6,44.4,18.0,5.23,0,No,No,No,No,NA
2121,19.9,39.6,27.8,2.91,0,No,No,No,No,NA
2122,37.0,19.1,65.6,0.11,298,No,Yes,Yes,Yes,5096
2123,30.4,32.2,22.6,1.17,0,Yes,Yes,Yes,No,NA
2124,22.3,65.1,6.3,11.64,0,No,No,No,No,NA
2125,25.9,34.1,34.0,1.46,0,No,No,No,No,NA
2126,41.8,18.1,82.0,0.33,493,No,No,Yes,Yes,7605
2127,32.9,22.2,60.2,1.28,24,No,Yes,Yes,Yes,333
2128,18.9,34.0,31.0,3.93,0,No,No,No,No,NA
2129,42.7,26.3,89.7,0.04,697,No,No,Yes,Yes,6579
2130,38.1,21.1,58.3,0.11,98,No,No,Yes,Yes,3005
2131,30.7,10.4,86.4,0.35,1238,No,No,Yes,Yes,1268
2132,20.5,71.0,17.2,10.98,0,No,No,No,No,NA
2133,34.5,25.5,71.2,0.4,1033,Yes,Yes,Yes,Yes,2138
2134,38.7,20.2,59.3,0.55,1538,Yes,Yes,Yes,Yes,5787
2135,19.4,84.3,10.8,15.96,0,No,No,No,No,NA
2136,41.2,18.0,55.5,0.01,1060,No,Yes,Yes,Yes,2494
2137,21.5,34.5,51.8,1.18,28,Yes,Yes,Yes,Yes,15
2138,32.2,25.7,38.3,1.51,0,No,Yes,Yes,No,NA
2139,5.5,85.8,21.2,38.18,0,No,No,No,No,NA
2140,25.2,21.3,51.1,0.43,49,Yes,Yes,Yes,Yes,2210
2141,39.0,13.6,51.0,0.18,53,No,Yes,Yes,Yes,6078
2142,22.7,41.8,51.3,0.57,0,No,No,No,No,NA
2143,30.2,17.3,67.6,0.95,1365,No,No,Yes,Yes,4678
2144,34.5,31.3,60.9,1.19,52,No,Yes,Yes,Yes,2875
2145,26.4,29.7,20.7,1.95,112,Yes,Yes,Yes,Yes,925
2146,22.8,37.9,46.7,1.42,0,No,No,No,No,NA
2147,27.4,29.2,63.8,1.34,0,Yes,Yes,Yes,No,NA
2148,16.5,58.2,17.1,7.59,0,No,No,No,No,NA
2149,33.6,18.6,42.5,1.91,641,No,No,Yes,Yes,912
2150,28.8,34.9,28.6,2.99,77,No,Yes,Yes,Yes,719
2151,29.7,39.3,57.8,2.65,0,No,No,No,No,NA
2152,27.0,38.7,36.8,1.75,0,No,Yes,Yes,No,NA
2153,19.4,35.5,35.5,0.15,0,Yes,Yes,Yes,No,NA
2154,17.2,90.0,8.7,39.26,0,No,No,No,No,NA
2155,22.1,35.0,47.4,3.09,129,No,No,Yes,Yes,637
2156,30.4,30.5,51.1,0.72,0,No,No,No,No,NA
2157,19.6,58.1,9.8,3.45,0,No,No,No,No,NA
2158,32.1,34.2,53.5,1.79,336,No,Yes,Yes,Yes,1432
2159,26.9,45.4,18.1,4.53,0,Yes,Yes,Yes,No,NA
2160,24.4,47.7,21.8,5.25,0,No,No,No,No,NA
2161,31.5,32.9,52.3,0.05,418,No,Yes,Yes,Yes,3086
2162,18.1,72.4,16.6,12.27,0,No,No,No,No,NA
2163,38.7,21.4,53.2,0.34,81,No,No,Yes,Yes,942
2164,18.0,73.1,18.9,9.65,111,No,Yes,Yes,Yes,144
2165,17.8,66.0,8.0,12.76,0,No,No,No,No,NA
2166,23.3,34.4,42.1,3.2,0,No,No,No,No,NA
2167,43.4,13.5,57.1,0.44,1394,No,Yes,Yes,Yes,3419
2168,31.3,44.1,23.1,0.64,0,No,No,Yes,No,NA
2169,20.6,43.4,42.9,6.63,0,No,Yes,Yes,No,NA
2170,38.8,28.2,105.9,0.31,232,No,Yes,Yes,Yes,1133
2171,15.9,74.3,18.3,17.44,0,No,No,No,No,NA
2172,29.6,51.4,45.0,7.56,0,Yes,Yes,Yes,No,NA
2173,26.8,40.5,38.4,0.45,0,No,No,No,No,NA
2174,22.3,28.3,34.7,0.85,58,No,No,Yes,Yes,673
2175,26.0,35.9,42.9,1.87,0,No,No,No,No,NA
2176,37.5,28.1,54.6,1.82,948,No,Yes,Yes,Yes,1348
2177,35.7,18.1,77.3,0.7,0,No,No,No,No,NA
2178,34.1,16.7,67.0,0.17,12,No,No,Yes,Yes,2182
2179,25.7,39.5,43.5,3.58,0,Yes,Yes,Yes,No,NA
2180,34.6,13.3,104.3,0.18,174,No,Yes,Yes,Yes,1794
2181,32.4,13.8,45.1,0.03,199,No,Yes,Yes,Yes,375
2182,30.2,32.8,56.7,1.78,0,No,Yes,Yes,No,NA
2183,23.7,71.6,12.1,10.48,0,No,No,No,No,NA
2184,30.5,13.0,87.4,0.09,1348,Yes,Yes,Yes,Yes,3377
2185,30.2,27.6,27.7,1.67,0,No,No,No,No,NA
2186,34.0,13.1,65.4,0.79,0,No,No,No,No,NA
2187,14.2,69.2,12.2,23.97,0,No,No,No,No,NA
2188,35.6,10.3,37.9,0.29,945,No,No,Yes,Yes,2115
2189,25.0,27.1,28.3,0.65,0,No,No,Yes,No,NA
2190,15.5,69.6,6.2,11.43,0,No,No,No,No,NA
2191,29.0,47.1,25.0,2.82,0,No,No,Yes,No,NA
2192,16.6,61.9,6.7,17.13,0,No,No,Yes,No,NA
2193,24.5,35.2,36.4,3.57,0,No,No,Yes,Yes,979
2194,24.9,37.3,42.8,1.06,106,No,Yes,Yes,Yes,769
2195,24.0,53.3,25.9,0.72,0,No,No,No,No,NA
2196,18.1,31.8,59.3,1.66,0,No,No,Yes,No,NA
2197,22.7,37.1,46.4,3.1,378,No,No,Yes,Yes,242
2198,36.3,20.3,96.1,0.11,0,Yes,Yes,Yes,No,NA
2199,29.8,40.6,44.2,7.87,0,No,No,No,No,NA
2200,24.3,29.9,44.9,2.57,0,No,No,No,No,NA
2201,26.8,44.5,53.5,0.48,47,No,No,Yes,Yes,63
2202,32.4,9.7,68.4,0.19,914,No,No,Yes,Yes,5797
2203,44.7,23.1,34.7,0.31,1252,No,Yes,Yes,Yes,379
2204,28.5,27.0,41.0,0.75,261,No,Yes,Yes,Yes,2073
2205,35.0,16.1,61.1,0.25,211,Yes,Yes,Yes,Yes,2210
2206,40.4,16.9,100.8,0.03,31,Yes,Yes,Yes,Yes,1868
2207,23.5,60.3,19.6,14.89,0,No,No,No,No,NA
2208,30.8,24.4,80.4,0.32,325,No,Yes,Yes,Yes,2638
2209,28.3,44.6,29.4,1.75,186,No,No,Yes,Yes,1466
2210,21.7,76.0,15.6,7.93,0,No,No,No,No,NA
2211,18.1,24.1,53.9,1.85,0,No,No,No,No,NA
2212,25.8,24.7,55.2,1.28,60,Yes,Yes,Yes,Yes,586
2213,21.1,21.4,56.5,3.26,75,No,Yes,Yes,Yes,1600
2214,7.9,84.3,8.5,22.58,0,No,No,No,No,NA
2215,42.9,23.3,93.3,0.25,797,No,No,Yes,Yes,2837
2216,19.8,61.3,16.5,8.43,0,No,No,No,No,NA
2217,10.3,74.7,15.3,12.36,0,No,No,No,No,NA
2218,29.9,38.2,38.5,3.58,0,No,No,No,No,NA
2219,12.1,62.4,32.4,23.63,0,No,No,No,No,NA
2220,28.6,34.9,47.2,1.21,414,No,No,Yes,Yes,1810
2221,12.6,76.7,9.1,28.9,0,No,No,No,No,NA
2222,28.7,38.5,61.4,2.31,32,No,No,Yes,Yes,3101
2223,20.5,53.3,40.8,6.83,526,Yes,Yes,Yes,Yes,798
2224,30.1,24.1,62.0,0.14,362,Yes,Yes,Yes,Yes,287
2225,26.8,20.2,28.2,1.5,0,No,No,No,No,NA
2226,36.7,17.9,78.6,0.09,225,No,No,Yes,Yes,1349
2227,18.0,65.6,22.4,6.72,0,No,No,No,No,NA
2228,17.7,81.0,22.2,32.63,0,No,No,No,No,NA
2229,8.6,73.3,10.1,39.1,0,No,No,No,No,NA
2230,42.9,21.9,104.4,0.94,1189,Yes,Yes,Yes,Yes,4555
2231,18.5,72.3,18.8,10.32,0,No,No,No,No,NA
2232,32.4,15.6,95.5,0.81,2331,No,No,Yes,Yes,7918
2233,21.4,20.4,34.1,2.64,0,No,No,No,No,NA
2234,19.3,33.9,48.2,3.45,256,No,Yes,Yes,Yes,1402
2235,23.1,28.5,33.2,1.09,0,No,No,No,No,NA
2236,23.2,35.6,28.5,0.5,0,No,No,No,No,NA
2237,34.7,20.8,50.2,1.93,512,Yes,Yes,Yes,Yes,2293
2238,20.2,47.7,29.1,4.7,198,No,No,Yes,Yes,10
2239,14.6,91.1,16.4,24.51,0,No,No,No,No,NA
2240,30.5,33.7,37.6,1.61,152,No,Yes,Yes,Yes,1435
2241,36.2,13.0,83.5,0.23,972,Yes,Yes,Yes,Yes,7382
2242,27.3,25.6,43.1,2.86,1241,No,No,Yes,Yes,641
2243,22.7,20.7,36.1,0.87,42,No,Yes,Yes,Yes,140
2244,32.8,22.3,83.0,0.43,949,No,No,Yes,Yes,3431
2245,25.7,43.3,42.9,7.61,0,No,No,Yes,No,NA
2246,39.8,27.6,105.3,0.96,402,No,No,Yes,Yes,2098
2247,25.4,30.4,44.0,0.95,0,No,No,No,No,NA
2248,7.3,84.0,15.7,37.85,0,No,No,No,No,NA
2249,29.5,15.5,42.0,0.08,82,No,Yes,Yes,Yes,2493
2250,35.4,20.3,76.8,0.22,234,No,Yes,Yes,Yes,3349
2251,22.3,76.3,26.9,14.34,0,No,No,No,No,NA
2252,41.2,21.1,69.6,0.94,1291,Yes,Yes,Yes,Yes,3232
2253,39.5,17.1,97.4,0.51,1280,No,Yes,Yes,Yes,2493
2254,33.7,30.6,68.2,1.78,0,No,No,No,No,NA
2255,22.3,40.9,41.8,5.6,0,No,No,No,No,NA
2256,23.7,56.6,6.0,9.42,0,No,No,No,No,NA
2257,39.8,27.4,61.0,1.6,1487,No,No,Yes,Yes,88
2258,24.1,38.3,35.2,5.53,0,No,No,Yes,No,NA
2259,8.0,70.7,23.4,36.2,0,No,No,No,No,NA
2260,20.8,73.8,14.7,19.49,0,No,No,No,No,NA
2261,26.8,35.7,26.9,0.87,0,No,No,No,No,NA
2262,22.7,76.6,25.2,3.41,0,No,No,No,No,NA
2263,23.9,31.5,64.1,3.87,15,Yes,Yes,Yes,Yes,1195
2264,26.0,39.9,40.7,1.32,55,Yes,Yes,Yes,Yes,470
2265,25.5,42.8,46.7,1.43,0,No,No,Yes,No,NA
2266,9.8,71.0,10.5,17.47,0,No,No,No,No,NA
2267,20.4,61.6,23.9,15.19,0,No,Yes,Yes,No,NA
2268,36.8,24.2,41.7,1.1,0,No,No,Yes,No,NA
2269,38.6,19.3,32.1,0.21,221,No,Yes,Yes,Yes,1319
2270,37.1,18.5,74.7,0.48,520,Yes,Yes,Yes,Yes,8248
2271,29.4,41.8,43.4,6.47,274,No,Yes,Yes,Yes,767
2272,32.9,15.7,98.4,1.0,139,No,Yes,Yes,Yes,356
2273,19.7,36.3,40.6,3.65,0,No,Yes,Yes,No,NA
2274,30.3,29.6,46.1,0.8,562,No,Yes,Yes,Yes,3126
2275,40.1,23.9,45.1,0.18,47,No,No,Yes,Yes,1412
2276,42.7,23.9,89.2,0.13,1254,No,No,Yes,Yes,10510
2277,38.5,29.5,62.1,1.02,33,No,Yes,Yes,Yes,3976
2278,32.7,35.5,27.4,1.61,123,No,Yes,Yes,Yes,1316
2279,20.6,32.3,32.6,1.52,0,No,No,No,No,NA
2280,6.4,85.2,11.3,31.34,0,No,Yes,Yes,No,NA
2281,39.7,24.5,35.9,0.39,422,No,No,Yes,Yes,367
2282,32.1,39.3,39.9,1.56,101,No,Yes,Yes,Yes,929
2283,42.8,21.3,83.0,0.27,1604,No,No,Yes,Yes,6316
2284,16.4,86.0,20.6,39.34,0,No,No,No,No,NA
2285,20.4,38.9,41.5,3.06,454,No,Yes,Yes,Yes,783
2286,24.1,60.7,23.0,2.86,0,No,No,No,No,NA
2287,25.5,32.5,41.8,0.52,661,No,Yes,Yes,Yes,742
2288,40.6,13.5,104.7,0.68,618,No,Yes,Yes,Yes,1369
2289,34.8,33.2,72.9,1.6,1086,No,No,Yes,Yes,1183
2290,16.6,74.0,28.1,15.72,0,No,No,No,No,NA
2291,30.6,21.7,58.8,0.36,0,No,No,No,No,NA
2292,25.4,43.5,29.5,6.34,122,No,No,Yes,Yes,59
2293,38.8,10.9,38.3,0.13,248,No,Yes,Yes,Yes,1888
2294,22.5,42.2,59.7,0.83,22,Yes,Yes,Yes,Yes,1461
2295,29.0,37.3,55.2,1.83,0,Yes,Yes,Yes,No,NA
2296,20.5,72.6,21.4,12.21,0,No,No,No,No,NA
2297,27.5,43.2,34.5,7.64,0,No,No,No,No,NA
2298,30.3,18.2,55.4,0.16,877,No,Yes,Yes,Yes,4088
2299,15.7,62.7,6.2,10.86,0,No,No,No,No,NA
2300,23.7,64.0,17.6,17.01,0,No,No,No,No,NA
2301,20.4,57.2,6.2,3.07,0,No,No,No,No,NA
2302,12.0,71.9,19.7,17.59,0,No,No,No,No,NA
2303,24.4,51.4,31.4,3.32,174,No,Yes,Yes,Yes,658
2304,21.4,69.8,23.4,24.2,0,No,No,No,No,NA
2305,24.7,31.1,36.1,3.76,35,No,Yes,Yes,Yes,277
2306,8.7,71.5,17.9,7.28,0,No,No,No,No,NA
2307,39.0,15.3,61.9,0.85,2023,No,No,Yes,Yes,1186
2308,28.5,35.4,32.6,0.48,303,No,No,Yes,Yes,1062
2309,31.7,28.8,30.8,0.38,197,No,Yes,Yes,Yes,583
2310,36.9,13.5,90.4,0.18,2369,No,Yes,Yes,Yes,13163
2311,24.0,33.2,46.2,2.96,0,No,No,No,No,NA
2312,36.2,24.2,84.6,0.34,544,No,No,Yes,Yes,4857
2313,34.1,22.3,65.0,1.74,806,No,No,Yes,Yes,2589
2314,17.5,94.6,11.1,28.79,0,No,No,No,No,NA
2315,28.1,21.8,27.4,3.82,304,No,Yes,Yes,Yes,238
2316,26.3,29.1,57.6,0.09,24,No,Yes,Yes,Yes,1271
2317,37.9,33.4,53.9,0.3,0,No,Yes,Yes,No,NA
2318,27.6,28.1,47.3,1.2,670,No,No,Yes,Yes,421
2319,32.9,22.6,103.4,0.91,3522,No,Yes,Yes,Yes,6326
2320,33.2,14.8,69.5,0.48,100,Yes,Yes,Yes,Yes,5568
2321,16.6,62.3,24.9,8.54,41,Yes,Yes,Yes,Yes,268
2322,33.1,18.7,66.4,0.04,249,Yes,Yes,Yes,Yes,4872
2323,21.8,27.1,43.9,3.66,104,Yes,Yes,Yes,Yes,695
2324,39.1,20.8,47.5,1.39,1113,No,No,Yes,Yes,2076
2325,23.5,58.7,8.0,11.55,0,No,No,No,No,NA
2326,35.5,31.5,65.3,0.2,0,No,No,No,No,NA
2327,30.7,13.4,78.7,0.05,618,No,No,Yes,Yes,1388
2328,25.6,39.5,45.8,0.5,0,No,No,No,No,NA
2329,30.6,26.0,71.7,1.08,1251,No,Yes,Yes,Yes,1185
2330,12.2,94.6,11.5,5.59,0,No,No,No,No,NA
2331,35.4,8.2,60.3,0.24,374,No,Yes,Yes,Yes,3292
2332,26.2,44.3,30.7,7.62,0,No,No,Yes,No,NA
2333,18.3,78.9,12.3,14.36,0,No,No,No,No,NA
2334,38.6,15.9,106.7,0.63,266,No,Yes,Yes,Yes,3103
2335,24.5,32.1,47.2,3.32,0,No,No,Yes,No,NA
2336,35.3,28.5,40.3,0.71,0,No,No,No,No,NA
2337,23.4,35.4,19.4,4.76,1,No,Yes,Yes,Yes,214
2338,35.9,14.6,77.3,0.07,772,No,Yes,Yes,Yes,8265
2339,30.5,41.8,40.3,0.19,746,No,Yes,Yes,Yes,933
2340,34.0,13.5,73.1,0.18,114,No,Yes,Yes,Yes,1284
2341,29.5,22.4,47.0,1.55,1234,No,Yes,Yes,Yes,3327
2342,22.0,68.2,16.5,6.53,0,No,Yes,Yes,No,NA
2343,14.0,67.8,33.1,19.29,0,No,No,No,No,NA
2344,27.9,34.0,21.8,0.0,234,No,Yes,Yes,Yes,1021
2345,33.9,21.2,43.9,0.71,858,No,Yes,Yes,Yes,1122
2346,21.8,37.1,63.0,1.13,170,No,No,Yes,Yes,224
2347,29.1,42.4,40.4,2.86,345,No,Yes,Yes,Yes,2018
2348,14.4,77.5,34.2,11.23,0,No,No,No,No,NA
2349,26.3,26.2,51.9,1.31,491,No,Yes,Yes,Yes,2422
2350,17.5,67.9,17.0,6.27,6,Yes,Yes,Yes,Yes,119
2351,32.6,36.1,20.3,0.99,0,No,Yes,Yes,No,NA
2352,28.8,21.7,30.9,0.47,223,No,Yes,Yes,Yes,1077
2353,26.9,51.2,43.0,7.65,187,No,Yes,Yes,Yes,1018
2354,17.7,65.8,26.5,13.72,0,No,Yes,Yes,No,NA
2355,24.7,49.3,31.9,6.71,0,No,No,No,No,NA
2356,26.8,25.2,43.7,0.56,371,No,No,Yes,Yes,1442
2357,18.1,63.5,14.8,4.64,0,No,No,No,No,NA
2358,16.6,78.9,28.2,4.74,0,No,No,No,No,NA
2359,28.9,35.3,57.1,1.43,316,No,No,Yes,Yes,2129
2360,10.4,90.5,18.9,8.58,0,No,No,No,No,NA
2361,14.5,88.4,11.6,31.12,0,No,No,No,No,NA
2362,14.3,70.7,25.6,21.84,0,No,No,Yes,No,NA
2363,27.3,50.0,33.6,0.54,0,No,No,No,No,NA
2364,16.9,71.3,24.0,14.87,0,No,No,No,No,NA
2365,16.7,76.3,28.5,16.77,0,No,No,Yes,No,NA
2366,16.6,77.9,22.8,24.69,0,No,No,No,No,NA
2367,13.0,77.0,17.2,9.98,0,No,No,No,No,NA
2368,37.3,16.0,56.5,0.44,430,No,Yes,Yes,Yes,4210
2369,26.5,24.8,62.2,1.77,0,No,No,Yes,No,NA
2370,37.8,23.0,48.2,1.15,0,No,No,No,No,NA
2371,27.0,31.3,31.6,0.17,116,No,Yes,Yes,Yes,2413
2372,22.4,63.0,7.3,16.73,0,No,No,No,No,NA
2373,23.4,25.1,39.5,2.18,0,No,No,No,No,NA
2374,18.7,74.3,37.7,15.98,0,No,No,No,No,NA
2375,26.6,44.8,34.4,2.29,0,No,No,No,No,NA
2376,38.8,14.3,52.4,0.45,26,No,No,Yes,Yes,4324
2377,41.0,14.7,59.2,0.71,1610,No,Yes,Yes,Yes,7604
2378,38.7,24.9,105.0,0.12,560,No,Yes,Yes,Yes,2099
2379,14.3,82.5,24.3,15.12,0,No,No,No,No,NA
2380,25.3,31.8,42.5,1.99,0,No,No,Yes,No,NA
2381,16.4,58.4,26.4,8.31,0,No,No,No,No,NA
2382,20.1,63.8,21.0,15.72,0,No,No,No,No,NA
2383,29.9,31.8,22.7,1.1,175,No,Yes,Yes,Yes,1372
2384,36.2,17.3,39.7,0.26,1287,Yes,Yes,Yes,Yes,4870
2385,30.2,23.3,33.6,0.33,469,Yes,Yes,Yes,Yes,493
2386,39.1,17.1,40.1,0.14,364,No,No,Yes,Yes,291
2387,22.7,27.4,34.4,0.35,0,No,No,Yes,No,NA
2388,18.9,70.9,24.8,5.69,0,No,No,No,No,NA
2389,34.5,29.2,52.6,0.43,0,No,No,Yes,No,NA
2390,12.4,74.7,5.8,17.88,0,No,No,No,No,NA
2391,37.3,27.3,45.6,1.89,0,No,No,No,No,NA
2392,11.9,76.4,16.6,27.57,0,No,No,No,No,NA
2393,28.0,15.7,71.4,1.37,1228,No,Yes,Yes,Yes,3219
2394,28.7,42.0,59.9,0.99,137,No,Yes,Yes,Yes,1723
2395,18.4,22.5,38.0,1.74,0,No,No,No,No,NA
2396,19.0,57.5,23.3,19.24,0,No,No,No,No,NA
2397,18.9,37.0,54.7,3.81,92,No,No,Yes,Yes,716
2398,26.2,20.5,55.0,0.61,0,No,Yes,Yes,No,NA
2399,30.4,15.9,58.8,0.69,577,No,No,Yes,Yes,521
2400,20.9,78.7,24.6,12.56,0,No,No,No,No,NA
2401,12.6,87.5,14.5,17.74,0,No,No,No,No,NA
2402,17.4,74.0,21.7,28.92,0,No,No,No,No,NA
2403,40.4,10.6,105.3,0.7,2284,No,Yes,Yes,Yes,7969
2404,44.6,12.0,40.3,0.35,120,No,Yes,Yes,Yes,3896
2405,23.8,36.2,29.3,1.2,0,No,No,No,No,NA
2406,32.7,22.5,68.9,1.94,228,No,No,Yes,Yes,5169
2407,41.0,10.1,66.7,0.61,130,No,No,Yes,Yes,5293
2408,20.4,35.3,25.2,2.51,0,No,No,No,No,NA
2409,17.3,74.9,28.1,7.37,0,No,No,No,No,NA
2410,12.4,79.5,28.9,20.52,0,No,No,No,No,NA
2411,34.3,12.9,77.0,0.55,61,No,Yes,Yes,Yes,136
2412,40.3,12.8,66.9,0.38,1332,No,Yes,Yes,Yes,10383
2413,17.5,67.2,6.0,18.78,0,No,No,Yes,Yes,53
2414,14.2,71.6,16.3,21.32,0,No,No,No,No,NA
2415,21.5,64.3,20.4,9.28,0,No,No,No,No,NA
2416,17.6,71.8,12.1,27.8,0,No,No,No,No,NA
2417,19.8,30.2,28.1,2.7,0,No,No,No,No,NA
2418,32.9,13.9,54.2,0.37,152,Yes,Yes,Yes,Yes,5236
2419,38.3,14.9,77.9,0.47,39,No,Yes,Yes,Yes,3675
2420,38.5,22.6,38.9,0.31,710,Yes,Yes,Yes,Yes,2890
2421,32.0,11.1,56.0,0.56,584,No,No,Yes,Yes,4939
2422,21.0,73.4,19.7,17.64,0,No,No,No,No,NA
2423,20.6,72.1,19.7,24.31,0,No,No,No,No,NA
2424,38.2,22.9,30.7,0.17,170,No,Yes,Yes,Yes,1879
2425,10.7,89.9,13.1,37.66,0,No,No,No,No,NA
2426,30.2,28.2,68.5,1.87,580,Yes,Yes,Yes,Yes,3012
2427,23.8,60.2,11.7,15.23,0,No,No,No,No,NA
2428,27.5,43.6,35.2,4.01,0,No,No,No,No,NA
2429,16.1,76.7,13.4,12.93,0,No,No,No,No,NA
2430,15.7,65.2,21.2,15.39,0,No,No,No,No,NA
2431,18.0,70.3,35.9,24.74,0,No,No,No,No,NA
2432,17.9,93.9,16.5,39.7,0,No,No,No,No,NA
2433,17.1,79.4,24.8,21.75,0,No,No,No,No,NA
2434,38.4,22.3,66.3,0.01,21,No,No,Yes,Yes,1501
2435,25.4,30.6,58.1,1.76,50,Yes,Yes,Yes,Yes,1457
2436,29.5,23.6,63.7,1.2,1874,Yes,Yes,Yes,Yes,2455
2437,31.6,39.4,37.1,1.47,0,No,Yes,Yes,No,NA
2438,34.5,29.2,71.5,0.19,157,No,No,Yes,Yes,3270
2439,20.0,41.2,34.9,2.14,98,No,No,Yes,Yes,771
2440,37.8,9.4,47.1,0.4,232,No,Yes,Yes,Yes,4812
2441,36.0,13.4,37.3,0.17,0,No,No,Yes,No,NA
2442,39.1,8.3,51.7,0.37,0,No,No,Yes,No,NA
2443,42.5,28.2,92.2,0.92,2442,No,No,Yes,Yes,1864
2444,40.8,21.5,52.9,0.71,1221,No,Yes,Yes,Yes,548
2445,16.4,75.3,26.0,3.78,0,No,No,No,No,NA
2446,31.5,38.5,58.3,0.82,4,No,No,Yes,Yes,403
2447,29.1,47.6,38.1,7.1,0,No,No,No,No,NA
2448,33.7,28.5,36.9,1.84,0,No,No,No,No,NA
2449,25.9,34.9,64.1,0.0,547,No,Yes,Yes,Yes,2549
2450,27.9,53.5,29.9,3.29,0,No,No,No,No,NA
2451,22.2,42.9,44.0,2.6,0,No,Yes,Yes,No,NA
2452,32.2,31.3,72.3,1.22,1103,No,Yes,Yes,Yes,4341
2453,18.4,79.6,28.0,14.84,0,No,No,No,No,NA
2454,33.6,18.6,62.8,0.68,1354,No,No,Yes,Yes,2324
2455,17.0,64.6,5.3,18.7,0,No,No,No,No,NA
2456,19.3,79.1,8.1,12.4,0,No,No,No,No,NA
2457,18.9,75.1,21.1,14.24,0,No,No,No,No,NA
2458,31.5,16.4,66.2,0.46,0,No,No,Yes,No,NA
2459,40.7,22.4,60.8,0.37,0,No,No,No,No,NA
2460,8.3,90.6,14.2,19.39,0,No,No,No,No,NA
2461,31.0,26.8,102.1,0.58,239,No,No,Yes,Yes,5579
2462,36.6,16.6,69.4,0.33,164,No,Yes,Yes,Yes,4297
2463,31.5,26.2,54.1,1.63,0,No,No,No,No,NA
2464,31.7,31.0,26.9,2.48,10,No,No,Yes,Yes,1181
2465,21.8,77.8,8.0,8.38,0,No,No,No,No,NA
2466,32.4,39.7,51.8,1.04,0,No,No,No,No,NA
2467,14.3,77.3,33.8,3.98,0,No,No,No,No,NA
2468,23.2,36.7,55.0,0.98,0,No,Yes,Yes,No,NA
2469,19.8,68.4,15.7,2.14,55,No,No,Yes,Yes,75
2470,39.3,20.1,75.7,0.01,1418,No,No,Yes,Yes,4734
2471,29.0,49.3,38.9,6.82,404,Yes,Yes,Yes,Yes,93
2472,9.9,93.8,24.7,5.32,0,No,No,No,No,NA
2473,5.7,91.0,23.0,5.3,0,No,No,No,No,NA
2474,38.5,31.0,44.2,0.47,861,Yes,Yes,Yes,Yes,3562
2475,27.7,21.9,59.6,1.43,0,No,Yes,Yes,No,NA
2476,31.0,26.2,35.6,0.79,0,No,No,No,No,NA
2477,29.6,30.8,28.9,2.04,285,Yes,Yes,Yes,Yes,609
2478,17.6,73.4,6.4,22.75,0,No,No,No,No,NA
2479,35.2,13.7,88.1,0.04,39,Yes,Yes,Yes,Yes,2978
2480,42.2,14.5,58.0,0.31,148,Yes,Yes,Yes,Yes,1663
2481,13.3,67.4,13.6,19.78,0,No,No,No,No,NA
2482,11.9,81.4,17.1,22.19,0,No,No,No,No,NA
2483,29.8,22.6,31.3,3.86,0,No,No,No,No,NA
2484,13.7,63.5,24.8,6.56,0,No,No,No,No,NA
2485,26.9,41.4,57.6,2.93,919,No,Yes,Yes,Yes,929
2486,37.5,19.9,44.4,0.85,314,No,Yes,Yes,Yes,1135
2487,14.6,64.1,11.6,15.42,0,No,No,No,No,NA
2488,21.3,28.6,50.8,2.29,452,Yes,Yes,Yes,Yes,2167
2489,35.5,16.8,47.3,1.48,189,No,Yes,Yes,Yes,3003
2490,12.9,93.6,17.5,9.9,0,No,No,No,No,NA
2491,41.3,21.2,32.8,0.19,436,Yes,Yes,Yes,Yes,1374
2492,9.8,71.1,10.3,27.72,0,No,No,No,No,NA
2493,35.9,21.5,76.1,0.13,0,Yes,Yes,Yes,No,NA
2494,13.0,79.3,15.8,35.18,0,No,No,No,No,NA
2495,36.1,28.2,62.4,0.3,0,No,No,No,No,NA
2496,31.4,19.6,57.0,1.55,676,No,No,Yes,Yes,3464
2497,23.4,32.5,46.0,1.93,0,No,No,No,No,NA
2498,31.5,26.5,47.3,1.72,360,No,Yes,Yes,Yes,1961
2499,28.5,36.1,52.6,2.07,0,No,Yes,Yes,No,NA
2500,33.4,30.1,24.8,1.37,16,No,No,Yes,Yes,501
2501,25.4,36.8,24.7,0.31,155,Yes,Yes,Yes,Yes,596
2502,17.7,55.4,21.0,9.63,0,No,No,No,No,NA
2503,28.7,30.2,69.7,0.88,0,No,No,No,No,NA
2504,6.1,76.4,9.4,12.29,0,No,No,No,No,NA
2505,29.2,44.4,20.1,2.57,52,Yes,Yes,Yes,Yes,1185
2506,28.5,30.1,54.5,1.4,0,No,No,No,No,NA
2507,20.6,83.1,30.4,12.29,0,No,No,No,No,NA
2508,30.6,28.2,68.5,0.56,1100,Yes,Yes,Yes,Yes,186
2509,22.4,54.5,39.1,5.33,0,No,No,No,No,NA
2510,13.9,83.3,16.0,19.64,0,Yes,Yes,Yes,No,NA
2511,6.6,73.8,15.9,13.29,0,No,No,No,No,NA
2512,18.7,64.4,31.8,4.15,0,No,No,No,No,NA
2513,27.7,36.2,33.0,2.04,146,No,No,Yes,Yes,1450
2514,29.4,37.4,40.6,0.17,478,No,No,Yes,Yes,488
2515,29.9,38.8,29.1,1.69,578,Yes,Yes,Yes,Yes,156
2516,16.9,63.6,19.9,13.45,0,No,No,No,No,NA
2517,41.8,29.7,91.3,0.56,2406,No,No,Yes,Yes,889
2518,36.8,31.5,76.1,0.99,1124,No,Yes,Yes,Yes,4270
2519,17.6,80.3,15.1,23.39,0,No,No,No,No,NA
2520,18.6,72.7,24.3,11.44,0,No,No,No,No,NA
2521,12.3,84.7,16.6,12.44,0,No,No,No,No,NA
2522,33.6,9.9,66.8,0.49,1119,No,Yes,Yes,Yes,916
2523,35.3,16.4,45.8,0.97,168,No,No,Yes,Yes,2304
2524,31.7,31.8,49.6,0.69,0,No,No,No,No,NA
2525,35.6,25.8,52.8,1.32,0,No,No,No,No,NA
2526,27.5,20.9,62.4,2.28,0,No,No,No,No,NA
2527,15.4,74.6,20.4,17.02,0,No,No,No,No,NA
2528,38.1,20.1,43.5,0.92,872,Yes,Yes,Yes,Yes,2728
2529,21.4,26.2,28.0,0.95,323,No,No,Yes,Yes,150
2530,33.4,28.6,44.3,0.66,1,No,No,Yes,Yes,1095
2531,29.9,33.3,74.3,1.2,279,No,No,Yes,Yes,4534
2532,21.8,78.0,37.3,23.37,0,No,No,No,No,NA
2533,30.3,27.1,43.8,0.01,0,No,No,Yes,No,NA
2534,6.5,90.9,23.8,5.4,0,No,No,No,No,NA
2535,15.7,65.0,26.5,11.38,0,No,No,No,No,NA
2536,21.1,68.7,15.9,15.24,0,No,No,No,No,NA
2537,26.2,29.2,58.6,1.29,0,No,No,Yes,No,NA
2538,35.8,16.2,70.4,0.46,157,No,No,Yes,Yes,765
2539,11.1,75.5,14.2,18.67,0,No,No,No,No,NA
2540,27.3,30.2,47.3,0.83,0,No,No,No,No,NA
2541,27.9,32.4,54.1,1.44,322,No,No,Yes,Yes,1264
2542,23.9,35.8,34.2,4.96,0,No,No,Yes,No,NA
2543,42.5,12.7,58.6,0.1,117,No,No,Yes,Yes,5282
2544,13.9,94.2,13.1,16.76,0,No,No,No,No,NA
2545,32.6,20.5,84.6,0.62,1332,Yes,Yes,Yes,Yes,4335
2546,22.1,27.3,59.3,1.65,0,No,No,No,No,NA
2547,22.7,79.0,7.7,10.06,0,No,No,No,No,NA
2548,38.8,33.0,66.2,1.45,987,No,Yes,Yes,Yes,641
2549,20.7,26.9,51.5,1.7,0,No,No,No,No,NA
2550,31.6,35.5,20.5,0.12,0,No,No,Yes,No,NA
2551,40.9,23.4,32.2,0.0,734,No,Yes,Yes,Yes,1993
2552,40.9,20.3,83.2,0.95,1641,No,No,Yes,Yes,4633
2553,19.6,78.7,33.3,20.09,0,No,No,No,No,NA
2554,28.6,27.1,55.0,0.8,186,No,Yes,Yes,Yes,128
2555,25.2,34.0,40.8,0.23,0,No,No,No,No,NA
2556,18.0,71.4,26.2,9.34,0,No,No,No,No,NA
2557,20.2,83.3,32.7,3.05,0,No,No,No,No,NA
2558,14.4,84.7,13.4,22.33,0,No,No,No,No,NA
2559,21.4,60.7,12.4,17.67,0,No,No,No,No,NA
2560,29.1,45.5,45.9,3.01,484,Yes,Yes,Yes,Yes,131
2561,24.8,58.4,24.7,6.18,0,No,No,No,No,NA
2562,36.0,26.7,96.0,0.45,1035,No,No,Yes,Yes,11543
2563,27.3,45.5,28.0,6.68,0,No,No,No,No,NA
2564,20.7,31.2,47.3,3.82,0,No,No,No,No,NA
2565,20.9,45.5,23.9,5.71,228,Yes,Yes,Yes,Yes,727
2566,19.3,73.2,13.8,16.49,0,No,No,No,No,NA
2567,18.5,38.1,45.0,0.61,0,No,No,No,No,NA
2568,27.4,39.6,19.2,1.77,0,No,No,No,No,NA
2569,36.5,22.3,55.0,0.38,67,No,Yes,Yes,Yes,1276
2570,20.9,83.2,38.0,9.86,0,No,No,No,No,NA
2571,30.6,22.2,42.5,1.95,0,No,Yes,Yes,No,NA
2572,39.9,11.3,71.5,0.43,1907,No,Yes,Yes,Yes,2636
2573,32.3,32.1,41.6,0.59,485,No,Yes,Yes,Yes,249
2574,37.2,27.6,50.0,0.71,633,Yes,Yes,Yes,Yes,352
2575,37.9,28.1,79.2,1.42,1370,No,No,Yes,Yes,1452
2576,39.0,14.4,68.9,0.04,88,No,Yes,Yes,Yes,2301
2577,35.0,36.2,41.5,0.51,0,No,Yes,Yes,Yes,173
2578,12.1,75.3,23.6,19.59,0,No,No,No,No,NA
2579,27.0,53.1,26.9,6.41,0,No,No,No,No,NA
2580,19.2,66.5,37.8,3.93,0,No,No,No,No,NA
2581,12.7,76.7,10.2,6.48,0,No,No,No,No,NA
2582,27.4,22.6,50.0,0.63,0,No,No,Yes,No,NA
2583,29.0,52.5,31.8,7.66,150,Yes,Yes,Yes,Yes,1451
2584,36.1,16.7,79.4,1.95,150,No,No,Yes,Yes,3500
2585,38.5,15.5,65.5,0.2,701,No,No,Yes,Yes,126
2586,13.0,90.1,21.4,13.36,0,No,No,No,No,NA
2587,33.2,23.2,76.6,1.56,327,Yes,Yes,Yes,Yes,3943
2588,15.4,71.9,34.5,4.42,0,No,No,No,No,NA
2589,37.1,22.6,87.9,0.07,2848,No,Yes,Yes,Yes,4027
2590,27.8,41.8,32.0,2.0,0,No,No,No,No,NA
2591,12.2,80.7,22.4,14.44,0,No,No,No,No,NA
2592,20.8,27.1,35.0,1.44,0,No,No,No,No,NA
2593,16.2,77.2,28.5,8.88,0,No,No,No,No,NA
2594,9.9,76.3,13.4,32.19,0,No,No,No,No,NA
2595,26.2,31.3,31.8,1.39,365,Yes,Yes,Yes,Yes,740
2596,34.2,11.2,33.8,0.49,34,No,No,Yes,Yes,1662
2597,15.0,71.1,12.9,14.78,0,No,No,No,No,NA
2598,22.3,42.2,18.5,1.79,0,Yes,Yes,Yes,No,NA
2599,33.7,25.9,51.3,0.84,0,No,No,Yes,No,NA
2600,32.5,18.1,84.2,0.05,761,No,No,Yes,Yes,4817
2601,30.7,22.1,74.8,0.98,824,No,No,Yes,Yes,3035
2602,21.1,53.6,25.9,2.8,0,No,No,No,No,NA
2603,37.1,22.7,31.3,0.26,19,No,No,Yes,Yes,1635
2604,28.8,39.8,56.0,0.76,23,Yes,Yes,Yes,Yes,1339
2605,27.2,22.0,63.2,1.07,0,No,Yes,Yes,No,NA
2606,14.7,64.7,14.4,24.85,0,No,No,No,No,NA
2607,30.8,43.2,40.3,2.45,0,No,No,Yes,No,NA
2608,16.5,62.4,39.5,17.01,0,No,No,No,No,NA
2609,44.6,19.9,31.0,0.24,1300,No,No,Yes,Yes,2181
2610,31.0,22.3,64.5,1.23,181,Yes,Yes,Yes,Yes,531
2611,21.2,75.6,9.0,3.32,0,No,No,No,No,NA
2612,37.6,20.6,36.4,0.06,187,No,No,Yes,Yes,681
2613,25.7,22.3,52.3,1.91,0,No,No,No,No,NA
2614,38.8,18.4,83.7,0.44,47,Yes,Yes,Yes,Yes,2784
2615,33.1,19.0,61.0,0.01,155,Yes,Yes,Yes,Yes,5957
2616,19.7,74.5,17.8,18.94,0,No,No,No,No,NA
2617,34.1,12.2,62.6,0.47,296,No,Yes,Yes,Yes,4079
2618,26.0,33.8,35.0,0.72,170,Yes,Yes,Yes,Yes,371
2619,15.0,77.0,6.4,23.65,0,No,No,No,No,NA
2620,29.7,20.0,64.8,1.12,1253,No,No,Yes,Yes,1335
2621,43.5,21.2,57.1,0.16,1106,No,No,Yes,Yes,730
2622,18.5,37.1,53.0,0.24,42,Yes,Yes,Yes,Yes,320
2623,29.1,38.9,20.7,0.36,75,No,No,Yes,Yes,963
2624,28.9,39.0,48.3,3.03,0,No,No,No,No,NA
2625,15.7,72.7,37.7,9.05,0,No,No,No,No,NA
2626,17.1,63.7,23.5,9.84,0,No,No,No,No,NA
2627,33.4,21.8,51.0,1.44,1269,No,No,Yes,Yes,443
2628,34.4,27.8,90.1,0.09,0,No,Yes,Yes,No,NA
2629,27.7,31.9,64.5,1.75,0,No,No,No,No,NA
2630,40.0,33.7,44.1,0.09,58,No,No,Yes,Yes,462
2631,20.9,52.9,25.4,4.26,0,No,No,No,No,NA
2632,36.6,11.0,81.2,0.15,86,No,Yes,Yes,Yes,2650
2633,22.6,33.3,42.5,0.68,269,No,No,Yes,Yes,747
2634,35.5,22.3,105.7,0.35,2776,No,Yes,Yes,Yes,2990
2635,41.7,18.7,72.4,0.2,3050,No,No,Yes,Yes,8340
2636,34.5,19.6,108.1,0.5,20,No,Yes,Yes,Yes,2387
2637,13.0,77.1,19.3,15.22,0,No,No,No,No,NA
2638,12.9,65.5,31.0,6.0,0,No,No,No,No,NA
2639,32.5,38.4,33.4,2.19,207,No,Yes,Yes,Yes,667
2640,15.0,89.0,19.1,29.07,0,No,No,No,No,NA
2641,17.2,60.9,29.9,18.45,0,No,No,No,No,NA
2642,21.4,70.4,8.1,3.51,0,No,No,No,No,NA
2643,27.9,35.0,37.7,0.65,0,Yes,Yes,Yes,No,NA
2644,8.9,92.0,6.8,34.78,0,No,No,No,No,NA
2645,15.6,70.1,8.3,12.38,0,No,No,No,No,NA
2646,39.2,17.8,85.0,0.9,530,Yes,Yes,Yes,Yes,6889
2647,39.9,21.8,105.2,0.77,3588,No,Yes,Yes,Yes,2680
2648,41.7,20.9,102.6,0.02,0,Yes,Yes,Yes,No,NA
2649,17.3,75.1,15.4,17.14,0,No,No,No,No,NA
2650,13.5,88.7,9.8,39.17,0,No,No,No,No,NA
2651,23.2,35.6,29.8,7.19,177,No,Yes,Yes,Yes,1248
2652,21.1,61.3,20.2,8.44,0,No,No,No,No,NA
2653,39.8,21.2,77.4,1.16,468,No,No,Yes,Yes,7942
2654,27.4,45.6,49.5,2.93,496,No,No,Yes,Yes,1583
2655,9.2,81.4,12.9,19.23,0,No,No,No,No,NA
2656,25.3,33.1,50.9,2.27,315,No,No,Yes,Yes,57
2657,36.1,20.8,39.3,0.28,455,No,Yes,Yes,Yes,813
2658,26.4,24.4,35.0,3.46,0,No,No,No,No,NA
2659,39.7,24.8,73.7,0.64,2340,No,No,Yes,Yes,2196
2660,31.7,44.5,55.3,2.3,0,No,No,No,No,NA
2661,12.8,84.7,24.9,18.96,0,No,No,No,No,NA
2662,19.7,65.8,28.3,15.13,0,No,No,No,No,NA
2663,21.3,42.3,19.6,1.81,0,No,No,No,No,NA
2664,39.3,13.2,59.6,0.45,116,No,No,Yes,Yes,2236
2665,30.8,31.0,55.1,1.66,0,Yes,Yes,Yes,No,NA
2666,7.0,92.2,15.6,6.27,0,No,No,No,No,NA
2667,24.4,53.1,39.1,5.24,0,No,No,No,No,NA
2668,34.6,23.2,43.0,1.09,0,Yes,Yes,Yes,No,NA
2669,30.9,24.2,79.7,0.1,18,No,No,Yes,Yes,430
2670,7.4,77.3,5.3,34.73,0,No,No,No,No,NA
2671,24.3,62.5,12.2,7.47,10,No,Yes,Yes,Yes,404
2672,31.1,32.8,56.2,1.35,0,No,No,No,No,NA
2673,21.5,36.7,21.6,5.68,0,No,No,Yes,No,NA
2674,6.4,70.4,24.8,38.63,0,No,No,No,No,NA
2675,25.0,22.2,31.8,1.63,0,No,No,No,No,NA
2676,34.9,25.2,94.3,0.59,304,Yes,Yes,Yes,Yes,3784
2677,36.4,14.1,88.8,0.16,125,No,Yes,Yes,Yes,3974
2678,29.8,43.0,25.2,0.67,8,No,No,Yes,Yes,201
2679,37.9,21.9,65.2,0.28,1002,No,No,Yes,Yes,438
2680,7.4,86.0,10.6,20.61,0,No,No,No,No,NA
2681,25.1,45.2,25.6,6.49,0,No,No,No,No,NA
2682,14.1,87.8,14.2,18.05,0,No,No,No,No,NA
2683,19.2,34.3,25.5,0.57,0,No,No,No,No,NA
2684,17.9,79.4,8.3,17.86,0,No,No,No,No,NA
2685,13.5,65.0,15.3,21.8,0,No,No,No,No,NA
2686,17.9,58.4,18.2,17.06,0,No,No,No,No,NA
2687,19.9,22.6,47.4,0.02,0,No,No,No,No,NA
2688,23.7,44.8,58.8,2.52,14,Yes,Yes,Yes,Yes,1281
2689,41.8,12.9,51.8,0.06,18,No,No,Yes,Yes,1307
2690,31.8,22.6,43.8,1.85,17,No,No,Yes,Yes,3591
2691,5.8,78.8,19.2,20.31,0,No,No,No,No,NA
2692,33.7,25.9,71.5,1.92,400,No,Yes,Yes,Yes,1125
2693,13.6,82.6,17.7,23.31,0,No,No,No,No,NA
2694,7.3,80.1,22.9,10.37,0,No,No,No,No,NA
2695,16.9,64.8,28.9,14.87,0,No,No,No,No,NA
2696,23.2,61.9,14.6,8.81,0,No,No,No,No,NA
2697,13.8,81.8,12.6,8.92,0,No,No,No,No,NA
2698,16.4,85.8,7.3,37.49,0,No,No,No,No,NA
2699,21.1,84.9,36.7,12.26,0,No,No,No,No,NA
2700,34.4,24.6,39.2,0.09,675,No,No,Yes,Yes,696
2701,16.9,56.5,25.0,15.8,167,No,No,Yes,Yes,223
2702,12.7,87.7,17.2,39.24,0,No,No,No,No,NA
2703,28.6,51.7,23.2,6.35,0,No,No,No,No,NA
2704,29.9,19.9,69.4,1.03,192,No,No,Yes,Yes,2241
2705,34.1,19.4,51.9,0.61,223,Yes,Yes,Yes,Yes,786
2706,21.5,59.0,17.2,14.73,0,No,No,No,No,NA
2707,27.8,34.1,36.6,0.65,20,No,Yes,Yes,Yes,142
2708,6.9,78.3,20.5,17.91,0,No,No,No,No,NA
2709,38.0,23.1,48.0,1.9,32,No,No,Yes,Yes,1125
2710,13.1,64.2,30.4,7.47,0,No,No,No,No,NA
2711,23.1,39.7,33.6,1.26,0,No,Yes,Yes,No,NA
2712,21.1,57.9,15.3,13.43,0,No,No,No,No,NA
2713,35.4,14.0,46.6,0.17,235,Yes,Yes,Yes,Yes,259
2714,38.7,21.3,77.4,1.09,821,No,Yes,Yes,Yes,794
2715,38.5,10.4,70.2,0.86,312,No,Yes,Yes,Yes,7734
2716,29.5,34.2,45.3,0.63,483,No,No,Yes,Yes,695
2717,9.8,70.3,14.0,38.17,0,No,No,No,No,NA
2718,43.6,14.0,76.7,0.44,373,No,Yes,Yes,Yes,2020
2719,28.1,34.3,28.0,0.54,375,No,No,Yes,Yes,793
2720,27.5,44.3,56.3,0.63,0,No,Yes,Yes,No,NA
2721,24.2,46.9,39.7,2.18,136,No,Yes,Yes,Yes,322
2722,32.0,43.0,49.3,0.29,0,No,No,No,No,NA
2723,27.7,41.3,31.0,1.38,0,No,No,No,No,NA
2724,29.6,23.5,48.2,1.42,0,No,No,No,No,NA
2725,39.1,23.3,48.3,0.26,490,No,No,Yes,Yes,1090
2726,35.6,22.2,103.2,0.83,1913,No,Yes,Yes,Yes,5396
2727,38.8,10.2,96.2,0.79,865,Yes,Yes,Yes,Yes,10140
2728,33.6,28.1,57.6,0.37,212,No,Yes,Yes,Yes,2525
2729,11.0,93.8,6.8,33.22,0,No,No,No,No,NA
2730,18.3,78.9,30.3,23.53,0,No,No,No,No,NA
2731,20.3,64.2,29.0,9.61,19,Yes,Yes,Yes,Yes,505
2732,32.6,31.6,62.7,0.17,156,No,No,Yes,Yes,1566
2733,27.5,36.5,24.7,4.43,0,No,No,No,No,NA
2734,20.9,42.7,36.4,4.59,21,No,No,Yes,Yes,262
2735,19.2,21.6,59.7,1.62,0,No,No,No,No,NA
2736,37.6,27.0,45.5,0.98,0,No,No,No,No,NA
2737,19.5,33.2,28.8,2.73,248,No,No,Yes,Yes,459
2738,27.0,35.6,16.9,0.85,0,No,No,No,No,NA
2739,34.2,25.7,37.6,0.17,0,No,No,No,No,NA
2740,28.1,54.0,20.7,4.11,190,No,Yes,Yes,Yes,336
2741,27.1,51.3,21.5,5.26,0,No,No,No,No,NA
2742,36.8,33.5,78.0,1.98,1054,Yes,Yes,Yes,Yes,604
2743,40.3,18.1,64.7,0.21,108,No,No,Yes,Yes,1151
2744,23.7,33.8,47.4,1.81,310,No,No,Yes,Yes,116
2745,27.7,45.9,31.5,4.38,217,Yes,Yes,Yes,Yes,932
2746,32.0,18.5,78.1,1.0,1889,No,Yes,Yes,Yes,4459
2747,23.9,30.6,47.6,3.47,0,No,No,No,No,NA
2748,30.6,17.2,77.5,0.33,1200,No,Yes,Yes,Yes,45
2749,17.9,66.2,11.8,5.95,0,No,No,No,No,NA
2750,15.4,77.2,11.2,6.76,0,No,No,No,No,NA
2751,39.6,28.7,66.0,0.0,95,Yes,Yes,Yes,Yes,6207
2752,20.7,65.9,13.9,20.99,0,No,No,No,No,NA
2753,37.4,33.2,61.2,0.15,0,Yes,Yes,Yes,No,NA
2754,28.7,25.8,33.9,0.01,0,No,Yes,Yes,No,NA
2755,24.2,21.3,58.9,0.93,0,No,No,No,No,NA
2756,32.1,41.9,45.6,0.58,0,No,No,No,No,NA
2757,26.3,29.1,65.7,0.99,362,No,No,Yes,Yes,1679
2758,28.6,35.8,28.9,3.49,0,No,No,No,No,NA
2759,38.6,16.7,56.4,0.23,437,No,Yes,Yes,Yes,2607
2760,20.6,78.3,15.5,16.49,0,No,No,No,No,NA
2761,28.9,28.2,46.4,3.37,723,Yes,Yes,Yes,Yes,2012
2762,29.1,32.4,56.0,3.06,0,No,No,Yes,No,NA
2763,28.1,41.7,37.8,5.06,0,No,No,No,No,NA
2764,13.7,71.1,14.7,39.34,0,No,No,No,No,NA
2765,26.9,31.1,54.3,3.72,260,No,No,Yes,Yes,851
2766,21.0,70.0,28.0,5.04,0,No,No,No,No,NA
2767,24.5,32.6,30.1,2.43,9,Yes,Yes,Yes,Yes,20
2768,12.5,73.0,20.8,16.62,0,No,No,No,No,NA
2769,39.5,14.1,63.6,0.1,965,No,No,Yes,Yes,4528
2770,20.4,51.3,38.0,6.52,7,No,Yes,Yes,Yes,12
2771,14.1,80.7,24.8,18.54,0,No,No,No,No,NA
2772,10.2,72.0,5.2,35.41,0,No,No,No,No,NA
2773,20.7,34.5,53.4,3.28,412,No,Yes,Yes,Yes,685
2774,41.4,24.5,43.8,0.3,178,No,Yes,Yes,Yes,2069
2775,23.8,33.9,35.1,2.55,116,Yes,Yes,Yes,Yes,1586
2776,38.5,12.0,33.8,0.2,262,Yes,Yes,Yes,Yes,177
2777,12.4,60.3,31.1,17.76,0,No,No,No,No,NA
2778,27.7,44.0,32.3,7.54,0,No,Yes,Yes,No,NA
2779,27.8,37.2,61.3,0.05,21,Yes,Yes,Yes,Yes,1902
2780,27.6,37.5,64.0,0.71,0,No,Yes,Yes,No,NA
2781,37.3,11.9,76.3,0.21,99,No,No,Yes,Yes,2187
2782,6.6,76.1,8.1,9.53,0,No,No,No,No,NA
2783,39.7,31.4,59.0,1.77,1075,No,Yes,Yes,Yes,6439
2784,24.3,25.8,34.0,1.45,135,No,Yes,Yes,Yes,1328
2785,14.3,82.1,15.3,11.13,0,No,No,No,No,NA
2786,20.6,79.7,27.8,17.78,0,No,No,No,No,NA
2787,22.8,66.7,27.2,6.28,0,No,No,No,No,NA
2788,17.5,71.5,27.6,8.85,0,No,No,No,No,NA
2789,24.0,22.8,39.6,2.77,0,No,No,No,No,NA
2790,40.9,20.8,82.1,0.15,107,Yes,Yes,Yes,Yes,6594
2791,15.5,79.6,11.4,34.54,0,No,No,No,No,NA
2792,41.7,23.8,66.5,0.17,0,No,Yes,Yes,No,NA
2793,26.1,40.3,22.5,2.29,0,No,No,No,No,NA
2794,22.4,69.6,21.6,7.23,0,No,No,No,No,NA
2795,37.2,23.1,61.2,0.74,1339,No,No,Yes,Yes,1129
2796,32.7,38.4,34.5,0.09,229,No,Yes,Yes,Yes,1446
2797,23.8,36.8,62.3,3.01,0,No,No,Yes,No,NA
2798,15.6,80.7,8.5,22.14,0,No,No,No,No,NA
2799,26.3,24.4,56.8,0.11,866,No,No,Yes,Yes,3461
2800,21.6,41.8,38.1,5.33,0,Yes,Yes,Yes,No,NA
2801,31.6,30.1,73.0,1.31,219,No,Yes,Yes,Yes,471
2802,23.0,20.7,62.8,2.11,0,No,No,Yes,No,NA
2803,37.8,28.6,46.2,0.4,0,No,No,Yes,No,NA
2804,40.0,29.0,78.4,0.77,1246,Yes,Yes,Yes,Yes,3427
2805,34.7,19.3,42.8,0.42,970,No,Yes,Yes,Yes,866
2806,30.8,28.7,72.0,0.1,999,No,No,Yes,Yes,3778
2807,32.6,42.9,35.3,2.8,0,No,No,No,No,NA
2808,36.7,22.6,96.2,0.99,607,Yes,Yes,Yes,Yes,3958
2809,38.4,18.3,105.2,0.89,527,No,No,Yes,Yes,1568
2810,33.9,25.5,35.9,0.27,423,No,Yes,Yes,Yes,349
2811,22.1,66.5,7.5,6.37,0,No,No,No,No,NA
2812,29.7,33.2,62.8,1.09,0,No,No,Yes,No,NA
2813,35.4,20.6,59.1,0.72,0,No,No,Yes,No,NA
2814,20.3,48.9,41.7,3.68,0,No,No,No,No,NA
2815,23.9,43.3,40.3,0.68,0,No,No,No,No,NA
2816,16.8,66.3,18.8,17.62,0,No,No,No,No,NA
2817,29.1,29.5,22.4,1.85,367,No,No,Yes,Yes,753
2818,29.6,21.1,43.1,1.77,0,No,No,No,No,NA
2819,33.3,33.6,76.1,1.16,1617,No,Yes,Yes,Yes,2759
2820,28.4,47.4,15.2,2.31,84,No,Yes,Yes,Yes,133
2821,44.7,24.1,71.3,0.08,3315,No,Yes,Yes,Yes,3134
2822,28.2,18.1,51.6,0.37,0,No,No,Yes,No,NA
2823,11.8,85.5,16.4,22.77,0,No,No,No,No,NA
2824,22.9,65.3,26.3,12.9,0,No,Yes,Yes,No,NA
2825,22.3,29.7,40.3,0.42,0,No,No,No,No,NA
2826,15.8,77.8,26.7,4.1,0,No,No,No,No,NA
2827,32.7,28.0,22.1,0.69,0,No,No,No,No,NA
2828,30.5,29.4,47.1,0.14,0,No,No,Yes,No,NA
2829,20.7,43.8,49.6,6.42,45,No,No,Yes,Yes,835
2830,30.7,29.6,47.1,0.88,314,No,Yes,Yes,Yes,2483
2831,28.3,43.1,24.1,1.3,0,No,No,No,No,NA
2832,19.5,58.8,29.5,11.02,0,No,No,No,No,NA
2833,30.5,42.6,44.0,0.48,0,No,No,Yes,No,NA
2834,13.7,80.5,23.9,24.01,0,No,No,No,No,NA
2835,27.8,27.6,29.4,1.39,0,Yes,Yes,Yes,No,NA
2836,22.1,53.4,30.5,2.18,0,No,No,Yes,No,NA
2837,14.1,71.9,29.8,13.71,0,No,No,No,No,NA
2838,22.0,38.1,25.8,0.19,0,No,No,No,No,NA
2839,34.9,18.8,75.5,0.76,645,No,No,Yes,Yes,4699
2840,13.4,71.3,22.0,7.55,0,No,No,No,No,NA
2841,6.3,89.1,13.4,27.15,0,No,No,No,No,NA
2842,34.7,31.0,50.9,1.39,281,No,No,Yes,Yes,2264
2843,15.5,67.4,38.4,4.97,0,No,No,No,No,NA
2844,28.7,16.2,68.3,0.69,226,No,No,Yes,Yes,4267
2845,23.5,64.5,25.2,16.78,0,No,No,No,No,NA
2846,26.3,38.2,27.8,0.38,26,No,Yes,Yes,Yes,148
2847,21.3,45.2,18.6,7.01,315,No,Yes,Yes,Yes,877
2848,27.0,30.1,42.0,0.2,0,No,Yes,Yes,No,NA
2849,41.6,19.7,62.0,0.89,2,No,Yes,Yes,Yes,2403
2850,12.9,63.1,16.0,24.1,0,No,No,No,No,NA
2851,22.1,44.3,48.0,2.18,0,No,Yes,Yes,No,NA
2852,36.2,27.9,59.8,0.28,0,No,No,Yes,No,NA
2853,27.2,50.2,20.8,1.41,0,No,No,Yes,No,NA
2854,13.0,83.2,10.9,32.05,0,No,No,No,No,NA
2855,20.0,72.4,15.7,16.6,0,No,No,Yes,No,NA
2856,28.2,33.7,73.8,1.76,181,No,Yes,Yes,Yes,3534
2857,28.4,16.9,78.4,1.22,1879,Yes,Yes,Yes,Yes,2121
2858,16.6,78.6,16.3,19.02,0,No,No,No,No,NA
2859,28.1,37.1,19.3,2.76,0,No,No,No,No,NA
2860,25.2,37.8,35.5,5.44,37,Yes,Yes,Yes,Yes,368
2861,27.4,32.3,38.7,1.06,0,No,No,No,No,NA
2862,30.6,23.8,94.8,0.63,228,No,No,Yes,Yes,2588
2863,28.9,21.8,58.7,1.19,174,No,No,Yes,Yes,1432
2864,26.9,25.4,20.3,1.76,105,No,Yes,Yes,Yes,519
2865,34.3,27.5,62.6,0.2,0,No,No,Yes,No,NA
2866,17.2,93.5,13.9,6.1,0,No,No,No,No,NA
2867,13.9,85.0,24.5,7.1,0,No,No,No,No,NA
2868,38.9,21.7,43.1,0.44,153,Yes,Yes,Yes,Yes,3257
2869,26.7,45.2,37.3,5.17,0,No,No,No,No,NA
2870,37.2,23.1,74.7,0.16,846,Yes,Yes,Yes,Yes,1120
2871,29.9,40.4,25.4,4.84,17,No,Yes,Yes,Yes,1441
2872,22.9,21.3,43.4,3.87,45,Yes,Yes,Yes,Yes,1544
2873,37.8,15.8,78.3,1.06,357,No,Yes,Yes,Yes,1008
2874,20.9,63.3,15.3,11.0,0,No,No,No,No,NA
2875,20.3,76.1,29.9,2.43,0,No,No,No,No,NA
2876,22.6,29.5,59.8,0.54,0,No,No,No,No,NA
2877,26.2,39.9,23.3,2.56,258,No,No,Yes,Yes,313
2878,35.0,22.1,65.2,0.3,533,No,Yes,Yes,Yes,2110
2879,21.1,56.2,15.6,3.2,0,No,No,No,No,NA
2880,17.0,73.3,22.8,18.69,0,No,No,No,No,NA
2881,25.3,34.1,51.2,2.49,0,No,No,No,No,NA
2882,5.7,79.6,9.1,38.4,0,No,No,No,No,NA
2883,16.8,65.4,22.4,19.96,0,No,No,No,No,NA
2884,19.9,39.8,58.4,2.75,0,Yes,Yes,Yes,No,NA
2885,35.4,14.1,34.0,0.12,0,Yes,Yes,Yes,No,NA
2886,28.6,28.3,57.0,3.23,0,No,Yes,Yes,No,NA
2887,31.9,34.9,64.9,0.85,574,Yes,Yes,Yes,Yes,131
2888,34.6,20.8,49.4,0.31,84,No,Yes,Yes,Yes,1578
2889,37.5,18.0,54.8,0.54,150,No,Yes,Yes,Yes,3105
2890,20.2,63.0,14.8,12.28,0,No,No,No,No,NA
2891,22.3,38.2,31.3,1.94,0,No,No,No,No,NA
2892,12.8,66.0,33.5,17.04,0,No,No,No,No,NA
2893,27.8,22.0,42.4,0.16,0,No,No,No,No,NA
2894,10.3,84.0,17.0,36.13,0,No,No,No,No,NA
2895,38.9,30.9,60.3,1.17,0,Yes,Yes,Yes,No,NA
2896,31.0,24.6,39.9,1.13,506,Yes,Yes,Yes,Yes,1901
2897,20.8,54.2,30.5,1.76,138,No,Yes,Yes,Yes,321
2898,18.0,93.2,6.4,37.24,0,No,No,No,No,NA
2899,21.0,64.0,27.3,15.14,0,No,No,No,No,NA
2900,18.4,81.5,21.6,5.0,0,No,No,No,No,NA
2901,29.6,39.8,22.2,7.16,0,No,No,No,No,NA
2902,32.3,13.0,50.7,0.5,124,No,No,Yes,Yes,2193
2903,32.4,12.2,58.1,0.33,707,No,Yes,Yes,Yes,972
2904,8.9,86.1,6.6,14.32,0,No,No,No,No,NA
2905,23.7,22.0,50.9,0.39,0,No,No,No,No,NA
2906,29.6,37.2,59.7,2.32,0,No,No,No,No,NA
2907,41.6,9.2,62.3,0.04,579,No,No,Yes,Yes,4934
2908,42.6,10.5,98.7,0.69,126,Yes,Yes,Yes,Yes,5860
2909,28.7,24.9,50.9,0.6,1377,No,No,Yes,Yes,1606
2910,26.1,37.7,29.7,3.93,0,No,No,No,No,NA
2911,23.4,25.4,61.0,1.5,353,No,Yes,Yes,Yes,1050
2912,32.0,34.4,51.5,0.64,743,No,No,Yes,Yes,227
2913,34.6,25.0,61.5,1.56,0,No,Yes,Yes,No,NA
2914,34.6,21.1,55.7,1.74,0,No,No,Yes,No,NA
2915,13.1,76.0,20.7,15.01,0,No,No,No,No,NA
2916,33.0,23.0,70.3,0.03,70,No,Yes,Yes,Yes,259
2917,18.4,68.9,12.4,8.41,0,No,No,No,No,NA
2918,36.3,23.8,99.2,0.02,2171,No,Yes,Yes,Yes,2826
2919,28.0,40.2,34.1,2.68,213,Yes,Yes,Yes,Yes,144
2920,36.3,28.1,70.4,0.8,84,Yes,Yes,Yes,Yes,2221
2921,22.5,63.4,18.9,15.73,0,No,No,No,No,NA
2922,8.2,82.9,7.4,10.15,0,No,No,No,No,NA
2923,31.4,11.3,75.9,0.85,157,No,No,Yes,Yes,5549
2924,9.4,93.2,7.8,7.1,0,No,No,No,No,NA
2925,19.4,29.3,25.2,0.41,46,No,No,Yes,Yes,243
2926,30.8,34.6,21.1,2.54,59,No,No,Yes,Yes,1612
2927,31.6,24.8,24.4,1.26,16,Yes,Yes,Yes,Yes,14
2928,41.6,19.7,59.6,0.29,2238,No,No,Yes,Yes,4955
2929,27.4,36.9,51.2,2.08,0,Yes,Yes,Yes,No,NA
2930,30.8,26.1,65.0,0.48,531,Yes,Yes,Yes,Yes,1160
2931,36.2,18.8,37.9,0.19,221,No,Yes,Yes,Yes,2852
2932,31.9,37.6,40.3,2.65,210,No,No,Yes,Yes,251
2933,25.5,38.6,31.6,6.99,0,No,Yes,Yes,No,NA
2934,27.5,21.6,59.3,1.84,780,No,Yes,Yes,Yes,5916
2935,17.4,69.1,8.0,15.68,0,No,No,No,No,NA
2936,32.1,27.0,101.2,0.67,2042,No,Yes,Yes,Yes,1620
2937,25.0,64.6,29.4,19.68,0,No,No,No,No,NA
2938,25.2,53.9,40.7,0.68,548,Yes,Yes,Yes,Yes,1135
2939,26.6,31.3,31.4,0.74,33,No,Yes,Yes,Yes,309
2940,34.9,23.7,27.2,1.37,545,No,Yes,Yes,Yes,2022
2941,24.7,26.7,50.5,0.39,0,No,No,No,No,NA
2942,28.9,20.0,66.8,0.65,95,No,Yes,Yes,Yes,2179
2943,42.1,10.7,42.1,0.37,195,No,Yes,Yes,Yes,421
2944,25.2,26.7,57.3,1.8,0,No,No,No,No,NA
2945,28.5,40.8,35.8,0.6,27,No,Yes,Yes,Yes,303
2946,18.0,67.5,12.7,5.94,0,No,No,No,No,NA
2947,36.0,22.5,43.9,0.35,353,No,Yes,Yes,Yes,2278
2948,34.8,17.3,93.2,0.62,3057,No,No,Yes,Yes,4051
2949,19.5,57.5,25.7,17.47,0,No,No,No,No,NA
2950,21.2,35.2,38.6,3.9,0,No,Yes,Yes,No,NA
2951,33.3,26.7,50.8,0.41,0,No,No,Yes,No,NA
2952,22.9,67.7,16.0,16.12,0,No,No,No,No,NA
2953,21.3,72.6,17.7,17.25,0,No,No,No,No,NA
2954,44.8,12.9,38.3,0.29,13,No,No,Yes,Yes,1942
2955,25.4,34.3,51.6,0.23,0,No,No,No,No,NA
2956,8.2,91.2,15.5,7.24,0,No,No,No,No,NA
2957,5.8,92.2,12.6,29.1,0,No,No,No,No,NA
2958,28.3,18.2,79.1,1.5,1339,Yes,Yes,Yes,Yes,1980
2959,26.2,36.6,27.3,1.56,120,No,No,Yes,Yes,256
2960,7.4,72.4,11.9,18.95,0,No,No,No,No,NA
2961,15.9,73.4,10.1,15.97,0,No,No,No,No,NA
2962,28.3,43.2,43.3,1.51,0,No,No,No,No,NA
2963,32.8,34.6,45.2,1.88,0,No,No,No,No,NA
2964,30.3,31.3,40.0,0.46,667,No,Yes,Yes,Yes,2212
2965,35.7,16.3,82.3,0.05,2737,No,No,Yes,Yes,602
2966,19.1,79.7,28.2,2.8,0,No,No,No,No,NA
2967,24.5,28.2,52.2,3.08,0,No,No,No,No,NA
2968,21.9,67.6,14.9,4.47,0,No,No,No,No,NA
2969,25.1,30.4,38.6,2.21,61,No,No,Yes,Yes,732
2970,33.6,14.3,86.0,0.41,426,Yes,Yes,Yes,Yes,2322
2971,29.9,34.8,41.9,0.14,559,No,Yes,Yes,Yes,2142
2972,22.9,35.3,24.4,1.55,105,No,Yes,Yes,Yes,155
2973,23.0,41.9,19.6,4.31,0,No,No,No,No,NA
2974,16.0,79.9,18.3,9.8,0,No,No,No,No,NA
2975,19.4,61.2,22.0,23.56,0,No,No,No,No,NA
2976,27.4,21.9,62.6,0.22,0,No,No,No,No,NA
2977,25.9,34.4,27.0,0.75,0,No,No,No,No,NA
2978,18.4,70.0,20.2,11.65,0,No,No,No,No,NA
2979,23.2,42.4,24.5,2.09,432,No,No,Yes,Yes,228
2980,30.9,28.1,68.1,0.16,2236,No,Yes,Yes,Yes,1620
2981,34.5,33.5,53.9,0.14,386,No,Yes,Yes,Yes,2527
2982,22.3,25.9,34.1,2.95,10,Yes,Yes,Yes,Yes,151
2983,20.0,59.3,13.5,14.8,0,No,No,No,No,NA
2984,17.1,84.2,15.3,19.22,0,No,No,No,No,NA
2985,38.3,12.6,108.7,0.95,0,No,No,No,No,NA
2986,8.2,85.4,17.9,16.83,0,No,No,No,No,NA
2987,36.3,10.2,74.9,0.45,751,No,No,Yes,Yes,11071
2988,29.0,26.1,40.8,1.54,0,No,No,Yes,No,NA
2989,34.7,29.6,51.4,0.17,0,No,Yes,Yes,No,NA
2990,11.0,71.0,15.2,12.83,0,No,No,No,No,NA
2991,14.9,79.7,15.0,4.54,0,No,No,No,No,NA
2992,24.7,40.5,39.4,0.58,0,No,No,No,No,NA
2993,34.6,12.1,79.4,0.34,86,No,No,Yes,Yes,2689
2994,33.7,27.2,50.6,0.89,439,No,Yes,Yes,Yes,531
2995,24.9,41.3,43.8,0.88,74,Yes,Yes,Yes,Yes,911
2996,24.2,38.8,16.7,3.33,0,No,Yes,Yes,No,NA
2997,10.8,77.3,22.0,31.92,0,No,No,No,No,NA
2998,27.4,29.4,33.2,0.37,62,No,Yes,Yes,Yes,651
2999,32.9,32.2,28.0,0.48,74,No,Yes,Yes,Yes,716
3000,39.7,10.4,53.0,0.18,235,No,No,Yes,Yes,2001
3001,17.3,74.6,15.7,16.77,0,No,No,No,No,NA
3002,28.1,42.2,37.3,6.66,0,No,No,No,No,NA
3003,43.6,22.4,46.1,0.47,867,No,No,Yes,Yes,2418
3004,13.2,86.6,14.2,5.17,0,No,No,No,No,NA
3005,21.9,41.7,39.9,4.58,0,No,No,No,No,NA
3006,22.8,44.6,55.2,0.13,0,No,No,No,No,NA
3007,34.3,17.1,52.6,0.49,465,No,Yes,Yes,Yes,505
3008,32.5,20.4,50.6,1.79,0,No,Yes,Yes,No,NA
3009,24.4,58.6,16.5,13.26,0,No,No,No,No,NA
3010,19.1,83.8,27.0,12.87,0,No,No,No,No,NA
3011,28.9,38.8,59.0,1.54,0,No,Yes,Yes,No,NA
3012,32.1,22.3,101.9,0.13,3,No,No,Yes,Yes,650
3013,23.8,50.4,48.1,7.5,0,No,No,No,No,NA
3014,23.1,41.4,43.8,7.19,0,No,No,No,No,NA
3015,35.4,22.9,106.8,0.24,386,No,No,Yes,Yes,4283
3016,38.2,34.9,50.1,0.47,13,No,Yes,Yes,Yes,1904
3017,17.5,59.1,13.6,13.16,0,No,No,No,No,NA
3018,38.4,17.8,34.9,0.29,33,No,No,Yes,Yes,1059
3019,44.3,8.2,87.0,0.37,2950,No,No,Yes,Yes,1452
3020,23.6,27.1,50.4,2.64,0,No,No,No,No,NA
3021,28.7,42.3,59.9,1.66,207,Yes,Yes,Yes,Yes,167
3022,29.6,23.1,33.6,1.88,3,No,No,Yes,Yes,128
3023,18.2,79.9,24.0,3.56,0,No,No,No,No,NA
3024,28.8,22.1,76.9,1.35,236,No,Yes,Yes,Yes,2158
3025,34.9,30.5,54.7,1.29,0,No,No,No,No,NA
3026,9.1,84.9,23.4,9.54,0,No,No,No,No,NA
3027,20.5,36.1,58.7,0.94,0,No,No,No,No,NA
3028,25.0,43.4,41.8,1.84,438,No,Yes,Yes,Yes,234
3029,12.4,73.0,12.2,18.38,12,No,Yes,Yes,Yes,153
3030,41.3,22.2,50.5,0.13,125,No,No,Yes,Yes,1907
3031,23.8,47.3,32.5,2.48,158,No,No,Yes,Yes,875
3032,29.9,34.1,55.8,1.82,0,No,No,No,No,NA
3033,16.5,58.8,13.5,13.59,0,No,No,Yes,No,NA
3034,39.6,31.6,44.5,1.93,419,No,No,Yes,Yes,333
3035,39.9,11.4,54.1,0.63,335,No,No,Yes,Yes,3624
3036,34.8,29.4,72.9,0.03,728,No,Yes,Yes,Yes,1218
3037,21.6,35.5,18.1,5.16,0,No,No,No,No,NA
3038,36.5,13.3,33.4,0.3,0,No,Yes,Yes,No,NA
3039,25.5,36.4,23.5,1.54,0,No,Yes,Yes,No,NA
3040,25.8,51.3,46.9,3.58,0,No,Yes,Yes,No,NA
3041,41.3,12.5,32.9,0.03,653,No,No,Yes,Yes,2163
3042,22.1,35.3,33.1,2.81,0,No,No,No,No,NA
3043,23.2,31.8,52.6,3.48,0,No,No,No,No,NA
3044,31.1,11.9,95.2,0.03,1855,No,Yes,Yes,Yes,2670
3045,32.2,43.2,57.8,0.34,0,No,No,No,No,NA
3046,32.7,9.5,56.7,0.02,705,No,No,Yes,Yes,5164
3047,23.6,47.2,44.4,5.99,0,No,No,No,No,NA
3048,13.7,84.0,6.4,8.77,0,No,No,No,No,NA
3049,28.1,24.0,59.0,0.56,103,No,Yes,Yes,Yes,4193
3050,42.2,20.6,88.0,0.61,363,No,No,Yes,Yes,2345
3051,20.8,76.0,39.7,4.88,0,No,No,No,No,NA
3052,41.9,17.5,75.5,0.18,720,No,Yes,Yes,Yes,5290
3053,36.6,13.2,81.5,0.06,751,No,No,Yes,Yes,5005
3054,36.0,17.0,53.5,1.74,222,No,No,Yes,Yes,1402
3055,38.2,23.3,51.1,0.49,60,Yes,Yes,Yes,Yes,3213
3056,41.1,17.6,88.7,0.98,514,No,Yes,Yes,Yes,10877
3057,8.4,94.0,8.2,6.45,0,No,No,No,No,NA
3058,38.3,26.3,72.6,0.43,4,No,No,Yes,Yes,6784
3059,42.9,18.4,79.7,0.52,239,No,No,Yes,Yes,3845
3060,32.0,33.7,33.4,0.9,55,Yes,Yes,Yes,Yes,1245
3061,29.2,33.0,53.1,3.3,148,No,No,Yes,Yes,837
3062,20.3,27.7,50.1,3.4,300,No,No,Yes,Yes,2680
3063,22.6,36.1,44.3,0.94,0,No,No,Yes,No,NA
3064,29.4,30.0,79.3,0.97,0,No,No,No,No,NA
3065,36.4,32.4,63.0,1.94,1245,No,Yes,Yes,Yes,4364
3066,15.6,93.4,23.6,28.64,0,No,No,No,No,NA
3067,12.9,78.4,21.3,34.24,0,No,No,No,No,NA
3068,17.9,94.8,21.1,9.6,0,No,No,No,No,NA
3069,10.4,87.0,8.7,11.3,0,No,No,No,No,NA
3070,25.4,42.0,22.8,2.88,0,No,No,No,No,NA
3071,41.6,21.4,58.7,0.72,9,No,No,Yes,Yes,6499
3072,24.9,38.2,54.0,2.99,489,Yes,Yes,Yes,Yes,3136
3073,33.3,16.7,88.2,0.17,2058,No,No,Yes,Yes,6555
3074,28.9,43.5,28.3,1.35,0,No,No,No,No,NA
3075,17.1,66.8,13.6,5.97,15,No,Yes,Yes,Yes,100
3076,13.0,72.6,34.4,13.64,0,No,No,Yes,No,NA
3077,24.3,44.2,54.2,0.94,0,No,No,No,No,NA
3078,37.8,31.9,47.5,0.88,781,No,No,Yes,Yes,3666
3079,32.0,33.4,41.2,2.07,0,No,No,No,No,NA
3080,29.3,40.7,33.5,5.56,0,No,No,No,No,NA
3081,35.5,20.0,66.2,1.1,2110,No,Yes,Yes,Yes,3206
3082,29.1,21.5,31.4,1.44,0,No,No,No,No,NA
3083,21.2,75.1,20.9,5.75,0,No,No,No,No,NA
3084,41.4,18.9,65.4,0.31,116,No,Yes,Yes,Yes,889
3085,34.7,23.2,63.2,0.37,492,No,No,Yes,Yes,915
3086,27.2,34.8,63.4,0.18,0,No,Yes,Yes,No,NA
3087,19.2,66.6,12.6,7.25,14,Yes,Yes,Yes,Yes,51
3088,32.7,21.5,69.3,0.47,93,Yes,Yes,Yes,Yes,1848
3089,26.2,39.2,43.1,3.72,0,No,Yes,Yes,No,NA
3090,34.9,23.6,67.8,0.05,321,No,No,Yes,Yes,7380
3091,37.0,19.5,92.5,0.22,1935,No,Yes,Yes,Yes,473
3092,15.5,80.7,19.3,18.51,0,No,No,No,No,NA
3093,23.7,68.3,5.0,15.91,32,No,No,Yes,Yes,24
3094,23.0,37.9,29.0,1.68,0,No,Yes,Yes,No,NA
3095,16.1,89.7,15.4,36.53,0,No,No,No,No,NA
3096,15.5,69.3,16.2,13.3,18,No,No,Yes,Yes,10
3097,16.3,77.7,28.0,6.03,0,No,No,No,No,NA
3098,25.4,24.9,64.7,1.56,318,No,Yes,Yes,Yes,1379
3099,35.1,22.6,78.7,0.05,0,No,No,Yes,No,NA
3100,15.0,77.4,29.6,4.82,0,No,No,No,No,NA
3101,42.8,10.4,49.6,0.12,1418,Yes,Yes,Yes,Yes,3633
3102,43.2,9.8,83.5,0.44,1048,Yes,Yes,Yes,Yes,5936
3103,26.9,24.7,60.4,1.26,324,No,No,Yes,Yes,1777
3104,7.4,78.4,20.5,17.4,0,No,No,No,No,NA
3105,32.2,27.3,57.6,0.88,0,Yes,Yes,Yes,No,NA
3106,30.6,20.9,103.2,0.06,1021,No,Yes,Yes,Yes,2587
3107,24.8,36.3,23.9,0.06,51,No,No,Yes,Yes,58
3108,20.1,72.9,19.4,22.64,0,No,No,No,No,NA
3109,23.7,63.9,18.4,16.09,0,No,No,No,No,NA
3110,35.1,27.3,73.3,0.94,1262,No,Yes,Yes,Yes,2333
3111,40.4,29.1,106.3,0.64,81,No,No,Yes,Yes,11638
3112,15.2,74.8,11.6,16.96,0,No,No,No,No,NA
3113,16.9,70.1,23.2,39.1,0,No,No,No,No,NA
3114,19.3,75.7,37.0,19.28,0,Yes,Yes,Yes,No,NA
3115,38.0,30.6,41.6,1.47,0,Yes,Yes,Yes,No,NA
3116,20.5,70.3,10.8,16.15,0,No,No,No,No,NA
3117,36.8,15.7,58.9,0.09,1233,No,No,Yes,Yes,852
3118,29.3,25.2,22.6,1.93,0,No,No,No,No,NA
3119,30.0,20.1,63.9,0.81,1202,Yes,Yes,Yes,Yes,882
3120,15.6,65.8,22.1,19.04,2,No,Yes,Yes,Yes,55
3121,16.6,64.8,12.3,8.1,0,No,No,No,No,NA
3122,16.5,67.1,29.8,7.1,0,No,No,No,No,NA
3123,19.4,77.8,21.8,12.83,0,No,No,No,No,NA
3124,22.8,42.9,27.8,0.42,0,No,No,Yes,No,NA
3125,15.3,90.5,13.2,30.09,0,No,No,No,No,NA
3126,43.7,16.2,47.5,0.26,420,No,Yes,Yes,Yes,240
3127,39.5,29.2,54.3,0.21,104,No,No,Yes,Yes,1378
3128,35.7,10.6,60.2,0.4,430,Yes,Yes,Yes,Yes,2735
3129,22.2,37.4,53.4,0.22,0,No,No,No,No,NA
3130,33.6,11.1,61.6,0.15,485,No,No,Yes,Yes,1064
3131,14.7,81.2,27.4,22.39,0,No,No,No,No,NA
3132,32.9,29.6,55.5,0.93,706,No,Yes,Yes,Yes,2327
3133,18.8,33.0,43.5,2.62,0,No,No,No,No,NA
3134,33.2,21.1,95.8,0.94,258,Yes,Yes,Yes,Yes,4131
3135,24.7,32.0,57.7,3.95,61,No,No,Yes,Yes,2311
3136,17.2,76.9,22.5,13.54,0,No,No,No,No,NA
3137,15.9,63.9,10.2,17.64,0,No,No,No,No,NA
3138,21.4,39.7,30.8,2.62,149,No,No,Yes,Yes,1469
3139,23.1,50.4,35.5,7.74,0,No,No,No,No,NA
3140,36.2,10.1,67.4,0.62,0,No,No,No,No,NA
3141,22.1,67.0,5.7,11.29,0,No,No,No,No,NA
3142,42.5,26.5,109.6,0.53,1541,No,No,Yes,Yes,13981
3143,35.8,19.3,36.4,0.07,302,No,Yes,Yes,Yes,1890
3144,15.9,67.0,26.4,2.99,0,No,No,No,No,NA
3145,20.6,79.3,10.3,21.54,0,No,No,No,No,NA
3146,41.1,25.2,104.1,0.53,0,No,No,No,No,NA
3147,18.4,66.2,29.4,9.04,0,Yes,Yes,Yes,No,NA
3148,40.0,18.8,67.7,0.31,200,No,No,Yes,Yes,7226
3149,15.3,77.9,29.7,7.31,0,No,No,No,No,NA
3150,21.5,35.5,59.7,3.86,521,No,Yes,Yes,Yes,218
3151,38.7,22.2,57.5,0.43,4,No,Yes,Yes,Yes,3003
3152,39.5,18.8,83.2,0.21,2017,No,No,Yes,Yes,7217
3153,31.1,25.3,40.6,0.25,1159,Yes,Yes,Yes,Yes,3891
3154,34.4,11.2,32.2,0.11,671,No,No,Yes,Yes,551
3155,30.1,27.3,67.4,0.22,0,No,No,No,No,NA
3156,24.7,33.3,61.8,0.72,0,No,No,No,No,NA
3157,34.9,30.8,50.3,1.62,94,No,Yes,Yes,Yes,1947
3158,25.6,38.5,43.6,1.0,0,No,Yes,Yes,No,NA
3159,25.6,34.3,56.8,1.73,138,No,Yes,Yes,Yes,254
3160,23.3,24.5,56.7,3.41,384,No,No,Yes,Yes,3020
3161,29.7,29.3,57.8,0.84,0,No,No,No,No,NA
3162,24.2,39.1,43.4,7.6,17,Yes,Yes,Yes,Yes,846
3163,22.7,30.1,38.4,1.26,0,No,No,No,No,NA
3164,25.3,37.3,25.2,1.22,0,No,No,Yes,No,NA
3165,32.8,37.7,57.1,0.06,9,No,Yes,Yes,Yes,184
3166,36.8,12.3,107.3,0.16,322,Yes,Yes,Yes,Yes,6518
3167,8.4,89.2,15.8,22.86,5,No,No,Yes,Yes,25
3168,25.0,25.4,34.8,0.3,71,Yes,Yes,Yes,Yes,771
3169,24.7,29.5,36.8,0.61,0,Yes,Yes,Yes,No,NA
3170,26.2,31.9,56.3,0.2,0,No,No,No,No,NA
3171,24.3,57.9,21.1,8.51,0,No,No,No,No,NA
3172,37.0,32.8,69.2,0.86,2,No,Yes,Yes,Yes,6118
3173,28.3,43.0,38.6,4.82,0,No,No,No,No,NA
3174,28.4,21.6,42.2,0.49,0,No,Yes,Yes,No,NA
3175,35.3,22.5,103.5,0.82,1672,No,No,Yes,Yes,1363
3176,12.7,85.0,33.5,18.13,0,No,No,No,No,NA
3177,29.4,38.7,38.9,0.85,256,No,Yes,Yes,Yes,546
3178,38.0,9.7,79.1,0.13,310,No,No,Yes,Yes,5201
3179,34.0,25.6,77.9,0.45,0,No,No,Yes,No,NA
3180,31.0,38.4,34.6,0.56,0,No,Yes,Yes,No,NA
3181,28.6,29.1,65.4,1.86,14,Yes,Yes,Yes,Yes,693
3182,22.5,70.7,20.7,14.12,0,No,No,No,No,NA
3183,19.7,32.9,60.7,3.9,0,No,No,No,No,NA
3184,39.8,32.8,51.0,0.44,336,No,No,Yes,Yes,2428
3185,23.9,67.4,22.3,18.67,0,No,No,No,No,NA
3186,19.3,74.0,39.7,9.91,0,No,No,No,No,NA
3187,19.6,34.2,54.5,3.15,0,No,No,No,No,NA
3188,40.3,28.0,80.4,0.72,243,Yes,Yes,Yes,Yes,97
3189,18.7,77.9,24.0,14.7,0,No,No,No,No,NA
3190,26.0,40.3,40.9,0.99,0,No,No,No,No,NA
3191,17.2,68.1,16.2,13.66,0,No,No,No,No,NA
3192,27.8,24.2,67.9,0.23,477,Yes,Yes,Yes,Yes,1300
3193,20.7,60.2,29.5,4.84,0,No,No,No,No,NA
3194,43.2,13.3,68.8,0.08,1448,No,Yes,Yes,Yes,5031
3195,15.2,63.8,17.4,19.96,0,No,No,No,No,NA
3196,13.6,60.2,24.0,10.39,0,No,No,No,No,NA
3197,30.3,43.0,43.1,2.58,0,No,No,No,No,NA
3198,37.1,15.5,33.5,0.31,60,No,Yes,Yes,Yes,1691
3199,15.9,72.6,13.0,6.16,0,No,No,No,No,NA
3200,15.4,70.7,7.0,5.68,0,No,No,No,No,NA
3201,41.4,10.9,35.0,0.39,1433,No,Yes,Yes,Yes,2123
3202,35.1,19.2,86.3,0.5,1987,No,Yes,Yes,Yes,588
3203,20.3,24.8,53.1,0.14,0,No,No,No,No,NA
3204,40.3,13.5,81.2,0.78,35,No,No,Yes,Yes,5111
3205,30.4,21.2,65.6,1.93,24,No,Yes,Yes,Yes,4140
3206,29.3,41.5,44.8,5.22,0,No,No,No,No,NA
3207,14.9,84.4,18.3,9.02,0,No,No,No,No,NA
3208,29.7,26.3,34.9,0.31,0,No,No,Yes,No,NA
3209,34.4,17.3,70.4,0.67,392,Yes,Yes,Yes,Yes,5574
3210,22.9,54.2,18.2,5.62,8,No,Yes,Yes,Yes,844
3211,30.4,26.8,75.4,0.45,1843,Yes,Yes,Yes,Yes,3326
3212,36.5,33.9,60.8,1.29,639,No,Yes,Yes,Yes,2364
3213,30.5,23.5,53.1,0.68,1533,No,Yes,Yes,Yes,1888
3214,9.2,85.4,7.8,25.05,0,No,Yes,Yes,No,NA
3215,14.1,63.0,29.4,21.95,0,No,No,No,No,NA
3216,8.6,93.7,5.1,11.41,0,No,No,No,No,NA
3217,26.9,33.1,40.0,3.2,54,No,No,Yes,Yes,243
3218,26.9,46.1,22.2,3.75,64,No,No,Yes,Yes,77
3219,28.7,21.0,30.1,1.69,0,No,No,No,No,NA
3220,13.8,77.3,14.0,24.19,0,No,No,No,No,NA
3221,29.7,45.1,20.4,0.91,0,No,No,No,No,NA
3222,37.7,20.0,35.3,0.21,620,No,Yes,Yes,Yes,3612
3223,37.2,19.9,52.5,0.23,42,No,Yes,Yes,Yes,1970
3224,29.9,34.4,41.1,1.71,285,Yes,Yes,Yes,Yes,1387
3225,33.5,26.6,84.5,0.94,1666,No,Yes,Yes,Yes,5375
3226,16.3,60.2,12.3,10.06,0,No,No,No,No,NA
3227,34.0,21.9,43.3,0.93,259,No,No,Yes,Yes,2104
3228,35.3,12.4,64.9,0.45,151,No,No,Yes,Yes,557
3229,16.3,84.0,12.6,32.77,0,No,No,No,No,NA
3230,24.3,63.6,13.9,7.57,0,No,No,No,No,NA
3231,23.6,33.2,54.2,0.5,750,No,Yes,Yes,Yes,996
3232,42.9,21.3,55.3,0.28,253,Yes,Yes,Yes,Yes,2003
3233,33.0,26.3,50.5,0.2,213,Yes,Yes,Yes,Yes,180
3234,21.9,74.1,8.7,12.52,0,No,No,No,No,NA
3235,15.6,75.3,16.4,17.27,0,No,No,No,No,NA
3236,33.7,26.3,60.3,0.96,0,No,Yes,Yes,No,NA
3237,17.4,91.2,15.9,24.51,0,No,No,No,No,NA
3238,28.1,35.9,51.6,0.61,0,No,No,No,No,NA
3239,34.4,32.0,65.3,1.44,1460,No,No,Yes,Yes,5600
3240,35.5,21.5,51.9,1.15,5,No,Yes,Yes,Yes,345
3241,12.9,95.0,11.7,8.53,0,No,No,No,No,NA
3242,14.0,79.1,29.0,9.23,0,No,No,No,No,NA
3243,43.0,21.8,35.9,0.34,552,Yes,Yes,Yes,Yes,1539
3244,24.1,39.5,44.8,3.82,140,No,No,Yes,Yes,308
3245,19.9,76.9,7.3,3.81,0,No,No,No,No,NA
3246,16.1,56.7,12.0,15.38,0,No,Yes,Yes,No,NA
3247,44.2,20.9,38.9,0.18,1619,Yes,Yes,Yes,Yes,430
3248,23.1,39.1,35.0,2.19,555,No,No,Yes,Yes,563
3249,15.0,63.2,28.2,20.2,0,No,No,No,No,NA
3250,37.9,19.4,47.7,0.63,0,No,No,No,No,NA
3251,29.1,42.0,22.2,0.75,13,No,Yes,Yes,Yes,889
3252,41.8,22.0,76.5,0.44,0,No,No,Yes,No,NA
3253,37.6,29.2,65.9,0.32,2,Yes,Yes,Yes,Yes,472
3254,37.5,22.5,41.9,1.55,169,No,No,Yes,Yes,430
3255,14.5,72.3,21.1,10.38,0,No,No,No,No,NA
3256,31.1,20.4,55.6,1.07,319,Yes,Yes,Yes,Yes,96
3257,27.7,22.8,48.4,0.99,370,No,Yes,Yes,Yes,1754
3258,41.7,23.2,61.4,0.42,507,No,No,Yes,Yes,5558
3259,38.9,28.9,75.7,0.87,197,No,No,Yes,Yes,1917
3260,11.3,83.2,5.3,22.3,0,No,No,No,No,NA
3261,38.6,20.2,51.6,0.47,650,No,No,Yes,Yes,1470
3262,20.1,36.7,34.4,2.84,0,No,No,No,No,NA
3263,27.2,21.8,44.8,1.37,0,No,No,No,No,NA
3264,20.3,30.8,46.4,3.03,0,No,No,No,No,NA
3265,20.1,76.7,34.2,19.46,50,No,Yes,Yes,Yes,10
3266,27.2,29.7,37.6,0.1,505,No,No,Yes,Yes,1214
3267,6.6,70.9,21.7,17.47,0,No,No,No,No,NA
3268,25.7,24.9,55.5,1.5,1100,No,No,Yes,Yes,1230
3269,32.2,8.1,71.5,0.21,1795,No,Yes,Yes,Yes,2562
3270,32.2,42.3,28.9,2.44,0,No,No,No,No,NA
3271,29.6,25.7,42.4,1.9,0,No,No,Yes,No,NA
3272,7.4,90.5,19.5,8.17,0,No,No,No,No,NA
3273,21.2,41.3,24.3,2.59,0,No,No,No,No,NA
3274,37.3,25.4,105.5,0.38,248,No,No,Yes,Yes,64
3275,34.3,16.0,52.7,0.9,9,Yes,Yes,Yes,Yes,2808
3276,25.5,27.8,45.1,0.57,133,No,No,Yes,Yes,426
3277,32.7,25.7,44.4,0.97,125,No,Yes,Yes,Yes,769
3278,38.8,20.1,33.3,0.48,539,No,No,Yes,Yes,2399
3279,26.4,33.5,56.6,1.08,734,Yes,Yes,Yes,Yes,1168
3280,17.7,77.4,16.2,11.71,0,No,No,No,No,NA
3281,20.7,55.9,21.9,13.05,0,No,No,No,No,NA
3282,18.6,26.8,37.8,0.93,0,No,Yes,Yes,No,NA
3283,26.9,29.6,47.4,1.39,0,No,No,Yes,No,NA
3284,29.1,28.1,64.4,1.09,410,Yes,Yes,Yes,Yes,353
3285,28.3,39.3,31.8,1.79,393,Yes,Yes,Yes,Yes,680
3286,25.2,44.5,48.2,2.72,0,No,No,No,No,NA
3287,31.1,31.1,30.2,1.14,0,Yes,Yes,Yes,No,NA
3288,29.3,39.8,52.5,1.69,0,No,No,No,No,NA
3289,38.2,16.0,75.8,0.23,283,No,Yes,Yes,Yes,3153
3290,32.6,17.1,78.7,0.07,100,No,No,Yes,Yes,914
3291,29.3,32.0,69.6,0.05,1378,No,No,Yes,Yes,1007
3292,32.1,17.3,31.5,0.43,715,No,Yes,Yes,Yes,1730
3293,21.9,58.3,18.0,8.61,34,No,No,Yes,Yes,330
3294,28.2,20.9,53.9,3.02,0,No,No,No,No,NA
3295,37.6,25.2,104.0,0.55,939,Yes,Yes,Yes,Yes,3503
3296,15.7,66.0,39.4,23.68,0,No,No,No,No,NA
3297,25.5,41.5,42.3,1.75,269,No,No,Yes,Yes,820
3298,26.1,34.7,56.4,3.49,60,No,No,Yes,Yes,495
3299,12.4,81.4,12.6,12.7,0,No,No,No,No,NA
3300,29.3,37.1,34.6,1.03,537,No,Yes,Yes,Yes,665
3301,14.9,93.9,10.3,36.13,0,No,No,No,No,NA
3302,32.2,23.8,56.8,0.95,217,Yes,Yes,Yes,Yes,417
3303,18.3,78.5,34.9,14.82,0,No,No,No,No,NA
3304,32.3,28.2,57.0,0.34,0,No,No,No,No,NA
3305,13.0,68.9,11.0,22.68,0,No,No,No,No,NA
3306,35.6,15.4,77.2,0.49,10,No,No,Yes,Yes,1879
3307,44.0,23.4,78.8,0.11,0,No,No,Yes,No,NA
3308,23.9,33.9,60.4,1.64,746,No,Yes,Yes,Yes,316
3309,29.8,34.4,79.0,0.26,310,Yes,Yes,Yes,Yes,612
3310,40.0,17.2,54.7,0.47,1008,Yes,Yes,Yes,Yes,1475
3311,28.5,31.9,68.6,1.05,989,No,Yes,Yes,Yes,3673
3312,24.0,60.6,28.9,9.02,0,No,No,No,No,NA
3313,42.6,22.3,100.4,0.69,1295,No,No,Yes,Yes,135
3314,18.1,60.6,32.3,14.37,0,No,Yes,Yes,No,NA
3315,10.2,91.1,9.2,18.47,0,No,No,No,No,NA
3316,34.7,19.9,83.2,0.25,220,Yes,Yes,Yes,Yes,4692
3317,29.1,21.9,70.3,0.95,87,No,No,Yes,Yes,2732
3318,37.7,15.4,81.0,0.82,229,No,Yes,Yes,Yes,3505
3319,17.6,66.6,5.2,5.54,0,No,No,No,No,NA
3320,17.0,62.5,23.4,14.09,0,No,No,No,No,NA
3321,28.2,39.7,57.6,2.53,124,No,No,Yes,Yes,337
3322,20.9,48.4,21.4,2.3,182,No,No,Yes,Yes,396
3323,13.2,91.9,19.4,27.96,0,No,No,No,No,NA
3324,28.6,49.3,27.0,3.41,0,No,No,No,No,NA
3325,35.0,25.7,76.6,0.04,0,No,No,Yes,No,NA
3326,15.7,74.5,24.5,23.84,0,No,No,No,No,NA
3327,8.2,80.8,11.9,14.38,0,No,No,No,No,NA
3328,18.3,61.1,24.2,4.83,0,No,No,No,No,NA
3329,39.9,31.4,74.5,0.68,33,Yes,Yes,Yes,Yes,1742
3330,41.6,14.1,30.4,0.41,517,No,Yes,Yes,Yes,969
3331,16.1,55.9,21.5,18.7,0,No,No,No,No,NA
3332,34.9,25.8,52.3,0.51,262,Yes,Yes,Yes,Yes,2712
3333,24.0,49.9,45.2,5.01,0,No,No,No,No,NA
3334,26.9,25.0,39.2,0.13,91,Yes,Yes,Yes,Yes,2717
3335,22.3,37.6,27.9,1.09,368,Yes,Yes,Yes,Yes,529
3336,22.1,35.2,49.5,1.3,0,No,Yes,Yes,No,NA
3337,26.8,28.7,57.3,1.59,945,Yes,Yes,Yes,Yes,325
3338,22.6,25.8,38.9,0.19,0,No,No,No,No,NA
3339,36.9,17.3,81.5,0.74,1268,No,No,Yes,Yes,2491
3340,25.6,26.9,47.9,1.57,0,No,No,Yes,No,NA
3341,30.9,22.1,71.7,1.89,420,No,Yes,Yes,Yes,3659
3342,35.7,28.0,53.6,1.38,4,Yes,Yes,Yes,Yes,3468
3343,12.1,72.6,21.8,11.21,0,No,No,No,No,NA
3344,17.1,59.5,14.0,15.61,0,No,No,No,No,NA
3345,37.2,19.7,62.5,0.09,1862,No,No,Yes,Yes,169
3346,17.4,77.5,22.4,3.79,0,No,No,No,No,NA
3347,28.3,37.3,63.0,1.4,0,Yes,Yes,Yes,No,NA
3348,28.7,43.5,42.2,2.19,0,No,No,No,No,NA
3349,33.2,25.2,61.9,1.96,1459,No,No,Yes,Yes,149
3350,25.3,26.1,38.8,1.76,119,No,No,Yes,Yes,577
3351,21.1,69.8,22.7,12.94,0,No,No,No,No,NA
3352,18.0,66.2,24.3,15.98,11,No,No,Yes,Yes,219
3353,37.2,14.8,41.3,0.13,781,Yes,Yes,Yes,Yes,628
3354,31.8,31.7,41.8,0.46,0,No,No,Yes,No,NA
3355,21.1,37.1,26.4,6.26,52,No,Yes,Yes,Yes,935
3356,24.4,24.1,63.4,0.12,0,No,No,No,No,NA
3357,32.2,22.3,88.0,0.38,1779,No,No,Yes,Yes,1327
3358,42.4,14.7,69.1,0.14,1319,No,No,Yes,Yes,4809
3359,35.4,23.4,108.4,0.74,103,No,No,Yes,Yes,11662
3360,31.6,27.1,77.9,1.38,433,No,No,Yes,Yes,2389
3361,39.0,16.8,50.6,0.17,83,No,No,Yes,Yes,1523
3362,31.4,25.0,32.5,2.87,0,No,No,No,No,NA
3363,7.2,82.1,23.8,16.22,0,No,No,No,No,NA
3364,18.6,55.1,17.5,12.41,0,No,Yes,Yes,No,NA
3365,37.1,21.9,72.5,0.04,249,No,No,Yes,Yes,89
3366,25.5,30.6,49.4,0.25,464,No,No,Yes,Yes,1939
3367,23.4,28.1,45.9,0.77,0,No,No,Yes,No,NA
3368,34.8,10.7,52.0,0.38,270,No,Yes,Yes,Yes,1912
3369,21.3,72.6,22.1,24.18,0,No,No,No,No,NA
3370,32.1,30.0,45.7,1.5,0,No,No,No,No,NA
3371,13.8,93.5,13.9,9.38,0,No,No,No,No,NA
3372,6.3,94.2,24.1,36.11,0,No,No,No,No,NA
3373,28.9,39.0,45.5,1.48,0,No,No,No,No,NA
3374,14.5,70.1,24.4,30.53,0,No,No,No,No,NA
3375,35.3,27.2,60.8,1.97,0,No,No,No,No,NA
3376,44.5,8.8,62.0,0.43,542,No,Yes,Yes,Yes,2596
3377,24.6,38.7,25.9,7.31,0,No,No,No,No,NA
3378,26.4,24.2,63.3,1.21,504,No,Yes,Yes,Yes,5014
3379,40.1,10.1,67.6,0.02,379,Yes,Yes,Yes,Yes,2075
3380,43.3,23.8,52.8,0.36,1077,No,Yes,Yes,Yes,6014
3381,30.2,32.7,22.3,1.24,0,No,No,No,No,NA
3382,29.0,33.8,36.8,1.09,0,No,No,No,No,NA
3383,31.4,33.8,43.7,1.3,0,No,No,Yes,No,NA
3384,23.0,42.5,20.0,2.8,14,Yes,Yes,Yes,Yes,167
3385,30.4,23.3,41.4,1.86,169,No,Yes,Yes,Yes,673
3386,24.3,21.8,57.4,3.63,93,No,No,Yes,Yes,1561
3387,18.4,37.4,46.5,0.43,0,No,No,No,No,NA
3388,15.3,68.1,6.5,13.6,0,No,No,No,No,NA
3389,40.0,15.3,41.5,1.88,139,No,Yes,Yes,Yes,2425
3390,24.6,49.1,30.2,5.9,0,No,No,No,No,NA
3391,41.4,22.5,83.3,0.07,27,Yes,Yes,Yes,Yes,449
3392,17.9,69.2,25.6,11.92,0,No,No,No,No,NA
3393,41.8,9.6,81.1,0.28,3585,Yes,Yes,Yes,Yes,2226
3394,39.8,34.4,77.7,0.75,13,Yes,Yes,Yes,Yes,3859
3395,26.3,28.4,63.6,0.94,99,Yes,Yes,Yes,Yes,2322
3396,21.0,76.6,39.8,8.61,0,Yes,Yes,Yes,No,NA
3397,39.7,16.6,80.1,0.05,1048,Yes,Yes,Yes,Yes,2593
3398,18.8,69.3,15.3,9.66,35,Yes,Yes,Yes,Yes,294
3399,22.9,35.5,43.0,4.34,0,No,No,No,No,NA
3400,37.6,23.3,47.8,0.35,658,No,Yes,Yes,Yes,1444
3401,28.9,24.5,31.4,2.37,0,No,No,Yes,No,NA
3402,30.8,26.4,58.9,0.18,193,No,Yes,Yes,Yes,516
3403,21.6,72.9,14.1,18.75,0,No,No,No,No,NA
3404,18.2,80.4,21.4,4.09,0,No,No,Yes,No,NA
3405,27.7,23.4,63.0,0.29,0,No,Yes,Yes,No,NA
3406,18.6,28.5,52.0,1.19,42,No,No,Yes,Yes,500
3407,31.0,10.5,85.4,0.14,191,No,Yes,Yes,Yes,7598
3408,43.0,26.3,93.0,0.96,76,No,Yes,Yes,Yes,5610
3409,13.9,61.8,20.0,12.27,0,No,No,No,No,NA
3410,28.3,44.2,25.2,1.31,318,No,Yes,Yes,Yes,346
3411,38.2,16.4,77.1,0.1,5,No,Yes,Yes,Yes,8084
3412,27.5,36.2,28.6,5.81,0,No,No,Yes,No,NA
3413,37.9,31.9,74.8,1.66,424,Yes,Yes,Yes,Yes,1533
3414,30.1,27.9,107.1,0.01,828,No,Yes,Yes,Yes,2286
3415,12.5,62.2,11.4,19.28,0,No,No,No,No,NA
3416,11.7,79.1,9.3,10.34,0,No,No,No,No,NA
3417,24.8,72.1,13.1,8.15,0,No,No,No,No,NA
3418,37.7,15.5,56.5,1.32,0,No,Yes,Yes,No,NA
3419,26.9,38.6,20.5,6.63,0,No,No,No,No,NA
3420,23.4,52.8,36.7,2.32,0,No,No,No,No,NA
3421,44.1,18.0,30.6,0.26,246,No,Yes,Yes,Yes,454
3422,29.4,43.6,26.6,2.83,182,No,Yes,Yes,Yes,268
3423,30.2,17.1,48.8,1.37,65,No,No,Yes,Yes,275
3424,34.3,15.8,33.0,0.06,910,No,No,Yes,Yes,561
3425,5.2,74.9,20.8,17.19,0,No,No,No,No,NA
3426,12.3,82.2,19.7,20.41,0,No,No,No,No,NA
3427,17.3,67.3,15.2,2.92,7,Yes,Yes,Yes,Yes,64
3428,23.5,40.3,42.4,1.9,0,No,No,No,No,NA
3429,31.9,23.4,45.8,1.16,383,Yes,Yes,Yes,Yes,1996
3430,18.2,63.2,35.7,3.69,0,No,No,No,No,NA
3431,32.3,27.7,32.6,1.55,0,No,No,Yes,No,NA
3432,27.0,29.8,38.5,1.35,499,No,Yes,Yes,Yes,2148
3433,32.1,21.3,84.8,0.35,62,No,No,Yes,Yes,3937
3434,23.8,35.5,59.0,2.31,0,No,No,No,No,NA
3435,37.0,20.2,30.9,0.49,64,No,Yes,Yes,Yes,727
3436,20.1,61.3,20.7,17.82,0,No,No,No,No,NA
3437,36.1,22.8,76.4,0.65,1827,No,No,Yes,Yes,3014
3438,17.8,76.9,18.8,13.69,0,No,No,Yes,No,NA
3439,20.7,23.9,30.8,3.43,0,No,No,No,No,NA
3440,22.4,51.9,28.6,4.52,0,No,No,No,No,NA
3441,21.6,56.8,9.4,2.6,0,No,No,No,No,NA
3442,36.8,18.8,49.1,0.28,244,No,Yes,Yes,Yes,1007
3443,25.8,21.9,39.2,0.27,581,Yes,Yes,Yes,Yes,1932
3444,27.8,21.2,44.0,1.42,715,No,No,Yes,Yes,804
3445,11.8,75.3,21.4,28.88,0,No,No,No,No,NA
3446,32.8,22.2,45.0,0.79,1065,No,No,Yes,Yes,1250
3447,37.9,11.7,38.4,0.22,64,No,Yes,Yes,Yes,1393
3448,17.8,73.7,33.1,16.83,1,No,Yes,Yes,Yes,161
3449,29.1,30.4,22.7,0.19,541,Yes,Yes,Yes,Yes,1919
3450,24.1,56.1,9.9,7.12,0,No,No,No,No,NA
3451,22.6,78.1,21.4,14.41,0,No,Yes,Yes,No,NA
3452,24.7,43.0,44.6,2.31,115,Yes,Yes,Yes,Yes,329
3453,39.0,25.4,48.1,1.39,75,No,No,Yes,Yes,1904
3454,15.3,88.6,19.7,24.46,0,No,No,No,No,NA
3455,15.6,68.8,39.1,24.85,0,No,No,No,No,NA
3456,20.0,55.8,20.5,7.47,0,No,Yes,Yes,No,NA
3457,38.4,25.0,73.8,0.16,929,No,Yes,Yes,Yes,1436
3458,44.1,8.7,89.7,0.2,3314,No,No,Yes,Yes,302
3459,5.6,80.1,16.9,29.43,0,No,No,No,No,NA
3460,19.6,30.5,43.9,1.57,0,No,Yes,Yes,No,NA
3461,28.4,29.5,51.8,1.35,139,No,Yes,Yes,Yes,250
3462,34.9,18.6,55.0,1.04,0,No,No,No,No,NA
3463,18.8,34.6,55.3,0.4,606,No,No,Yes,Yes,375
3464,27.7,36.8,16.1,1.97,104,No,Yes,Yes,Yes,838
3465,20.1,53.5,34.7,2.78,415,No,No,Yes,Yes,834
3466,22.2,58.3,8.8,16.2,0,No,No,No,No,NA
3467,31.9,37.7,55.4,0.88,0,No,Yes,Yes,No,NA
3468,40.9,14.1,97.2,0.51,205,Yes,Yes,Yes,Yes,1273
3469,42.5,9.9,81.2,0.18,207,No,No,Yes,Yes,10488
3470,27.4,26.7,20.3,2.13,258,No,Yes,Yes,Yes,949
3471,25.3,52.7,35.8,2.7,0,No,No,No,No,NA
3472,21.4,24.6,59.0,3.27,231,Yes,Yes,Yes,Yes,984
3473,10.2,71.5,15.4,22.32,0,No,No,No,No,NA
3474,12.7,79.7,23.9,23.61,0,No,No,No,No,NA
3475,34.3,9.1,42.0,0.47,1348,Yes,Yes,Yes,Yes,2238
3476,30.2,28.8,49.3,1.69,275,No,No,Yes,Yes,526
3477,27.0,32.7,55.4,2.99,210,No,Yes,Yes,Yes,4099
3478,39.6,15.2,55.4,1.45,0,No,Yes,Yes,No,NA
3479,31.1,27.1,25.4,0.54,0,No,No,Yes,No,NA
3480,20.9,70.7,11.3,5.89,0,No,No,No,No,NA
3481,19.7,78.2,29.9,10.63,0,No,No,No,No,NA
3482,14.7,70.0,14.0,19.34,0,No,No,No,No,NA
3483,23.2,28.8,63.0,2.59,0,No,No,No,No,NA
3484,14.7,75.8,21.9,16.6,53,No,No,Yes,Yes,286
3485,32.9,21.7,40.5,1.29,1350,No,No,Yes,Yes,813
3486,24.6,27.1,37.3,0.35,0,No,Yes,Yes,No,NA
3487,39.4,29.7,60.6,1.2,463,No,No,Yes,Yes,283
3488,20.5,40.0,38.9,5.98,30,No,No,Yes,Yes,193
3489,29.6,25.5,79.4,1.56,0,No,No,No,No,NA
3490,16.0,60.1,19.4,3.52,0,No,No,No,No,NA
3491,19.4,78.4,26.8,19.88,0,No,No,No,No,NA
3492,22.1,22.8,50.1,1.12,0,No,No,No,No,NA
3493,42.5,20.6,79.9,0.28,993,No,Yes,Yes,Yes,2360
3494,34.6,14.0,98.9,0.88,3658,No,No,Yes,Yes,6023
3495,14.2,71.6,21.7,11.91,0,No,No,No,No,NA
3496,24.9,24.1,31.4,0.45,59,Yes,Yes,Yes,Yes,1557
3497,37.4,16.6,84.0,0.46,483,Yes,Yes,Yes,Yes,3967
3498,21.8,78.2,12.2,3.28,0,No,No,No,No,NA
3499,29.4,25.5,33.7,0.51,0,No,No,No,No,NA
3500,28.7,27.4,47.1,0.61,212,No,Yes,Yes,Yes,1697
3501,43.8,16.2,57.0,0.01,198,Yes,Yes,Yes,Yes,1649
3502,42.9,13.1,87.8,0.31,76,No,Yes,Yes,Yes,1773
3503,5.4,71.8,20.4,39.21,0,No,No,No,No,NA
3504,30.5,19.2,61.4,0.87,0,Yes,Yes,Yes,No,NA
3505,25.8,39.3,42.9,2.19,0,No,No,No,No,NA
3506,27.2,45.0,29.7,1.15,0,No,No,No,No,NA
3507,29.0,23.0,27.8,0.67,0,No,No,Yes,No,NA
3508,33.1,14.1,71.3,0.38,2590,Yes,Yes,Yes,Yes,5553
3509,16.6,70.6,9.1,6.55,0,No,No,No,No,NA
3510,33.7,15.9,65.2,0.75,47,No,Yes,Yes,Yes,1862
3511,35.5,32.9,78.5,0.09,323,Yes,Yes,Yes,Yes,5518
3512,29.1,49.4,15.9,3.52,0,No,No,No,No,NA
3513,18.6,38.6,47.1,2.57,0,No,No,No,No,NA
3514,37.5,25.4,43.3,1.47,829,No,No,Yes,Yes,150
3515,29.3,41.2,41.3,6.54,0,No,No,No,No,NA
3516,16.6,78.1,14.2,6.53,0,No,No,No,No,NA
3517,20.3,43.2,42.7,6.87,0,No,No,No,No,NA
3518,34.8,39.2,35.9,1.42,608,No,No,Yes,Yes,681
3519,31.7,30.5,72.0,1.76,0,Yes,Yes,Yes,No,NA
3520,22.0,70.8,14.5,17.08,0,No,No,No,No,NA
3521,31.4,42.0,35.3,2.79,0,Yes,Yes,Yes,No,NA
3522,21.3,37.3,22.2,1.44,0,No,No,No,No,NA
3523,34.8,26.6,63.9,1.87,534,Yes,Yes,Yes,Yes,2845
3524,40.5,20.0,30.1,0.18,393,No,No,Yes,Yes,2748
3525,26.7,36.6,50.2,1.43,0,Yes,Yes,Yes,No,NA
3526,26.8,34.2,42.4,1.77,515,Yes,Yes,Yes,Yes,644
3527,15.1,73.6,19.6,3.96,0,No,No,No,No,NA
3528,20.6,43.4,26.7,2.2,0,No,No,No,No,NA
3529,34.4,24.1,53.3,0.17,29,No,No,Yes,Yes,1460
3530,35.7,25.0,59.9,0.66,966,No,Yes,Yes,Yes,3127
3531,18.7,28.0,63.7,2.18,170,Yes,Yes,Yes,Yes,19
3532,34.2,22.9,73.0,0.04,379,No,No,Yes,Yes,685
3533,33.4,23.0,83.9,0.43,2,No,No,Yes,Yes,4611
3534,21.6,43.8,46.0,5.77,0,No,No,No,No,NA
3535,39.2,28.7,94.5,0.96,2610,No,No,Yes,Yes,1143
3536,28.3,32.0,35.1,1.59,161,No,Yes,Yes,Yes,758
3537,28.7,39.8,36.4,3.67,706,No,Yes,Yes,Yes,246
3538,26.2,38.8,46.9,2.84,151,No,No,Yes,Yes,113
3539,14.4,79.0,22.5,3.45,0,No,No,No,No,NA
3540,34.3,39.4,64.3,0.06,1350,No,Yes,Yes,Yes,1450
3541,17.8,84.9,18.3,3.93,0,No,No,No,No,NA
3542,27.7,37.4,45.5,0.98,0,No,No,No,No,NA
3543,30.2,22.8,54.8,0.41,46,No,Yes,Yes,Yes,884
3544,36.4,20.2,67.1,0.3,436,No,No,Yes,Yes,1758
3545,32.9,22.9,77.4,0.77,716,No,Yes,Yes,Yes,1104
3546,17.3,91.0,15.5,6.82,0,No,No,No,No,NA
3547,19.3,60.9,22.9,5.2,0,No,No,No,No,NA
3548,13.1,64.2,15.2,6.65,0,No,No,No,No,NA
3549,19.2,60.8,23.0,19.57,0,No,No,No,No,NA
3550,28.8,29.6,21.9,1.88,157,Yes,Yes,Yes,Yes,444
3551,25.1,26.9,22.9,1.34,19,No,No,Yes,Yes,878
3552,23.5,23.2,50.1,0.41,0,No,No,No,No,NA
3553,20.9,37.3,50.8,2.57,0,No,No,Yes,No,NA
3554,20.0,60.9,21.5,4.35,0,No,No,No,No,NA
3555,30.6,20.1,87.4,0.45,1941,No,No,Yes,Yes,4898
3556,28.4,34.0,60.4,2.48,0,No,No,No,No,NA
3557,6.9,92.1,17.3,31.99,0,No,No,No,No,NA
3558,17.7,78.9,9.8,8.69,0,No,No,No,No,NA
3559,6.1,83.2,11.0,12.12,0,No,No,No,No,NA
3560,38.3,22.0,40.7,1.0,196,No,No,Yes,Yes,1616
3561,24.7,58.3,11.2,10.36,0,No,No,No,No,NA
3562,26.8,40.8,51.8,0.37,38,No,Yes,Yes,Yes,1186
3563,21.2,37.1,57.5,2.44,0,No,Yes,Yes,No,NA
3564,25.6,37.2,48.9,1.28,0,No,No,No,No,NA
3565,27.0,25.9,50.8,0.57,137,No,No,Yes,Yes,1418
3566,36.1,9.6,81.0,0.41,368,No,No,Yes,Yes,1404
3567,27.9,36.3,40.3,3.15,0,No,No,No,No,NA
3568,10.0,74.7,7.4,15.01,17,Yes,Yes,Yes,Yes,13
3569,30.2,36.0,51.0,1.88,0,No,Yes,Yes,No,NA
3570,29.0,35.7,63.2,3.07,0,No,No,No,No,NA
3571,23.3,25.5,47.7,2.34,0,No,Yes,Yes,No,NA
3572,23.1,36.2,52.5,0.58,0,No,Yes,Yes,No,NA
3573,39.6,29.4,56.7,1.52,0,No,Yes,Yes,No,NA
3574,43.6,19.9,73.1,0.47,1254,No,Yes,Yes,Yes,2212
3575,6.0,87.9,19.5,7.37,0,No,No,No,No,NA
3576,24.2,45.3,37.3,7.81,50,No,No,Yes,Yes,483
3577,35.7,10.6,104.6,0.02,148,Yes,Yes,Yes,Yes,4955
3578,26.0,42.4,22.4,5.94,124,No,No,Yes,Yes,425
3579,27.7,50.5,41.4,0.61,160,No,No,Yes,Yes,609
3580,26.5,26.0,52.8,1.03,0,No,No,No,No,NA
3581,25.5,36.0,37.2,1.28,198,Yes,Yes,Yes,Yes,1676
3582,26.7,29.5,39.8,0.6,0,No,No,No,No,NA
3583,26.0,35.7,31.7,3.2,0,No,No,No,No,NA
3584,15.3,76.9,10.6,32.3,0,No,No,No,No,NA
3585,12.3,93.6,9.3,15.18,0,No,No,No,No,NA
3586,25.7,38.2,53.5,1.68,226,No,No,Yes,Yes,1625
3587,16.3,56.9,23.5,16.86,0,No,Yes,Yes,No,NA
3588,13.9,61.2,35.1,24.79,0,No,No,No,No,NA
3589,41.7,20.0,56.7,0.21,711,Yes,Yes,Yes,Yes,3174
3590,31.5,39.4,46.9,2.75,0,No,No,Yes,No,NA
3591,23.7,75.5,23.6,17.75,0,No,No,No,No,NA
3592,17.3,70.3,11.8,7.73,0,No,No,No,No,NA
3593,35.3,8.6,49.5,0.41,179,No,No,Yes,Yes,193
3594,27.3,42.6,24.1,1.06,33,No,Yes,Yes,Yes,1467
3595,29.6,32.3,65.5,0.22,0,No,No,Yes,No,NA
3596,28.4,28.3,70.9,1.67,417,No,No,Yes,Yes,5595
3597,18.3,71.0,21.5,13.4,0,No,No,No,No,NA
3598,30.2,25.1,47.5,1.19,283,No,No,Yes,Yes,744
3599,8.8,86.5,5.0,29.68,0,No,No,No,No,NA
3600,16.8,60.4,13.1,15.42,0,No,No,Yes,No,NA
3601,32.5,20.6,94.0,0.61,1917,No,Yes,Yes,Yes,3617
3602,25.0,56.1,11.5,11.75,0,Yes,Yes,Yes,No,NA
3603,39.6,19.5,67.7,0.44,1527,No,Yes,Yes,Yes,2647
3604,24.1,29.6,28.6,2.91,0,Yes,Yes,Yes,No,NA
3605,26.4,21.4,36.2,0.17,834,No,No,Yes,Yes,878
3606,13.7,72.3,18.0,38.43,0,No,No,No,No,NA
3607,33.9,19.9,90.2,0.35,425,Yes,Yes,Yes,Yes,1626
3608,39.8,25.1,75.6,0.3,1498,No,No,Yes,Yes,4692
3609,34.5,26.4,66.2,1.34,0,No,No,Yes,No,NA
3610,35.6,19.8,62.9,0.23,0,Yes,Yes,Yes,No,NA
3611,33.8,34.8,39.2,0.5,207,No,No,Yes,Yes,979
3612,37.3,23.6,71.3,0.69,1204,No,Yes,Yes,Yes,3306
3613,16.1,75.1,24.9,13.97,0,No,No,No,No,NA
3614,22.8,48.2,31.5,5.03,0,No,No,No,No,NA
3615,17.5,88.1,18.8,39.93,0,No,No,No,No,NA
3616,34.0,32.5,70.0,1.21,0,Yes,Yes,Yes,No,NA
3617,28.2,43.7,58.8,0.74,550,No,No,Yes,Yes,29
3618,12.9,71.7,12.6,22.77,0,No,No,No,No,NA
3619,39.0,9.1,45.0,0.17,446,No,No,Yes,Yes,1604
3620,23.4,25.4,37.3,2.95,0,No,No,No,No,NA
3621,17.7,83.2,5.8,11.3,0,No,No,No,No,NA
3622,20.3,79.9,7.2,7.39,0,No,No,Yes,No,NA
3623,25.0,38.4,32.0,3.79,297,Yes,Yes,Yes,Yes,46
3624,17.2,93.9,13.1,18.42,0,No,No,No,No,NA
3625,31.2,25.5,91.6,0.21,803,No,No,Yes,Yes,1341
3626,21.1,83.3,34.5,21.1,0,No,No,No,No,NA
3627,21.3,63.8,13.5,14.88,0,No,No,No,No,NA
3628,20.1,73.5,12.1,16.9,0,No,No,No,No,NA
3629,30.8,36.7,62.7,0.05,648,Yes,Yes,Yes,Yes,842
3630,15.0,80.0,16.7,3.3,0,No,No,No,No,NA
3631,23.7,27.2,23.2,2.8,0,No,No,No,No,NA
3632,22.3,28.3,30.4,1.44,0,No,No,No,No,NA
3633,39.2,12.4,80.5,0.77,354,No,No,Yes,Yes,6149
3634,26.4,29.1,50.6,0.52,562,No,Yes,Yes,Yes,1975
3635,15.4,79.9,16.4,9.17,0,No,No,No,No,NA
3636,23.5,43.9,44.3,0.64,0,No,No,No,No,NA
3637,16.3,60.5,19.0,6.87,0,No,No,No,No,NA
3638,33.7,20.1,50.9,0.1,183,No,Yes,Yes,Yes,1950
3639,23.4,39.4,15.4,1.03,33,No,Yes,Yes,Yes,429
3640,23.7,26.9,29.1,2.45,31,No,Yes,Yes,Yes,29
3641,13.4,64.5,25.6,12.72,0,No,No,No,No,NA
3642,30.2,29.2,52.0,1.66,0,No,No,No,No,NA
3643,29.7,27.5,31.9,0.65,0,No,No,Yes,No,NA
3644,20.7,79.0,29.2,12.92,0,No,No,No,No,NA
3645,29.2,23.4,68.6,0.17,323,No,Yes,Yes,Yes,2174
3646,5.1,81.1,16.0,18.71,0,No,No,No,No,NA
3647,29.5,21.4,64.3,2.44,0,Yes,Yes,Yes,No,NA
3648,25.6,35.6,33.9,4.83,0,No,No,No,No,NA
3649,29.3,28.3,44.8,1.25,0,No,Yes,Yes,Yes,1748
3650,21.6,29.2,39.1,2.78,0,No,No,No,No,NA
3651,38.1,10.6,81.2,0.24,293,No,Yes,Yes,Yes,4091
3652,33.4,36.3,25.5,0.31,44,No,No,Yes,Yes,523
3653,16.3,77.1,23.1,5.94,0,No,No,No,No,NA
3654,34.0,24.6,20.1,1.48,0,No,No,No,No,NA
3655,43.9,13.4,54.5,0.0,267,No,Yes,Yes,Yes,1032
3656,22.5,37.2,51.4,3.87,0,No,No,No,No,NA
3657,39.0,13.5,44.1,0.34,177,Yes,Yes,Yes,Yes,3644
3658,27.0,39.0,41.9,3.6,0,No,No,No,No,NA
3659,19.7,77.6,28.6,4.76,0,No,No,No,No,NA
3660,36.6,21.8,85.6,0.36,2358,No,Yes,Yes,Yes,3111
3661,38.9,22.5,55.1,0.28,165,No,Yes,Yes,Yes,2210
3662,37.6,22.3,75.5,0.97,0,No,Yes,Yes,No,NA
3663,31.2,35.9,20.9,1.8,27,No,Yes,Yes,Yes,424
3664,43.4,22.3,32.9,0.07,15,Yes,Yes,Yes,Yes,2208
3665,30.9,30.0,56.2,1.22,0,No,No,No,No,NA
3666,35.5,27.6,108.8,0.42,2766,No,Yes,Yes,Yes,1892
3667,37.5,20.7,62.3,0.36,631,Yes,Yes,Yes,Yes,4685
3668,23.9,74.9,17.3,18.52,0,No,No,No,No,NA
3669,20.6,36.9,24.6,3.4,0,No,No,No,No,NA
3670,28.7,44.2,21.4,0.74,22,No,Yes,Yes,Yes,446
3671,31.4,32.6,50.9,0.38,132,No,Yes,Yes,Yes,424
3672,22.8,45.5,30.2,3.09,0,No,No,Yes,No,NA
3673,13.0,61.7,27.6,19.24,0,No,No,No,No,NA
3674,37.9,30.3,66.7,0.13,72,Yes,Yes,Yes,Yes,4890
3675,28.2,37.1,39.4,0.21,0,No,No,No,No,NA
3676,15.5,65.7,27.1,22.62,0,No,No,No,No,NA
3677,21.8,79.4,34.8,14.28,0,No,No,No,No,NA
3678,20.5,69.5,20.8,17.04,0,No,No,No,No,NA
3679,31.8,33.9,59.8,0.3,0,Yes,Yes,Yes,No,NA
3680,32.3,23.2,90.4,0.85,1681,No,No,Yes,Yes,112
3681,29.2,29.9,51.4,1.04,660,No,No,Yes,Yes,1239
3682,12.1,87.8,21.7,19.0,0,No,No,No,No,NA
3683,17.9,77.0,15.7,14.77,0,No,No,No,No,NA
3684,15.4,85.4,18.4,14.47,0,No,No,No,No,NA
3685,30.3,30.6,28.8,0.55,0,No,No,Yes,No,NA
3686,42.6,19.3,38.1,0.44,1181,No,No,Yes,Yes,1818
3687,31.8,21.5,40.4,0.18,546,No,Yes,Yes,Yes,2910
3688,33.6,17.1,68.9,1.67,177,No,No,Yes,Yes,2093
3689,31.7,24.6,63.0,0.74,0,No,No,Yes,No,NA
3690,35.5,16.8,48.2,0.27,0,No,No,No,No,NA
3691,29.7,24.4,57.1,3.95,0,No,No,No,No,NA
3692,38.4,24.7,63.2,0.65,391,Yes,Yes,Yes,Yes,1761
3693,28.1,32.0,55.9,0.85,1,Yes,Yes,Yes,Yes,925
3694,26.0,24.1,31.5,0.35,0,No,No,Yes,No,NA
3695,29.9,25.5,74.8,1.56,827,No,No,Yes,Yes,1902
3696,29.3,34.9,29.3,2.88,506,Yes,Yes,Yes,Yes,2134
3697,36.0,18.6,46.5,0.11,728,No,Yes,Yes,Yes,997
3698,21.3,66.8,36.8,15.58,0,No,No,No,No,NA
3699,12.1,62.9,21.0,21.01,0,No,No,No,No,NA
3700,24.6,26.0,52.0,3.42,0,No,No,No,No,NA
3701,26.1,43.2,58.2,1.64,0,No,No,Yes,No,NA
3702,35.6,22.7,82.9,0.23,1397,No,No,Yes,Yes,3253
3703,31.8,38.7,55.2,1.51,293,No,Yes,Yes,Yes,1535
3704,37.1,23.1,88.8,0.19,932,No,No,Yes,Yes,11548
3705,10.6,79.1,14.6,15.97,0,No,No,No,No,NA
3706,36.8,24.5,82.4,0.55,986,No,No,Yes,Yes,6819
3707,37.8,18.9,69.1,0.3,226,No,No,Yes,Yes,2367
3708,38.1,18.1,34.3,0.08,188,Yes,Yes,Yes,Yes,3113
3709,27.0,37.9,47.2,0.14,0,No,No,No,No,NA
3710,20.4,77.7,31.4,21.12,0,No,No,No,No,NA
3711,24.1,65.8,24.1,18.35,0,No,No,No,No,NA
3712,9.4,83.0,8.5,18.95,0,No,No,No,No,NA
3713,32.7,28.6,76.2,1.62,572,Yes,Yes,Yes,Yes,33
3714,16.6,69.3,31.3,14.46,0,No,No,No,No,NA
3715,15.0,87.8,24.6,37.57,0,No,No,No,No,NA
3716,25.9,28.5,63.2,2.24,0,No,No,No,No,NA
3717,21.6,23.6,55.4,2.72,390,No,Yes,Yes,Yes,2748
3718,32.2,12.8,32.8,0.07,50,Yes,Yes,Yes,Yes,1540
3719,24.1,36.9,25.8,2.73,0,Yes,Yes,Yes,No,NA
3720,21.5,77.2,19.8,16.48,0,No,No,No,No,NA
3721,40.0,24.5,63.2,0.21,564,No,No,Yes,Yes,971
3722,24.5,56.4,24.4,3.2,0,No,No,No,No,NA
3723,28.0,27.7,34.1,2.9,70,Yes,Yes,Yes,Yes,2195
3724,28.8,26.4,34.6,1.83,0,No,No,No,No,NA
3725,13.3,86.6,20.8,9.22,0,No,No,No,No,NA
3726,22.9,40.9,15.3,6.77,0,No,No,No,No,NA
3727,11.6,76.9,16.3,10.22,0,No,No,No,No,NA
3728,24.3,51.8,27.9,6.63,0,No,No,No,No,NA
3729,23.1,42.4,28.3,2.99,0,No,No,Yes,No,NA
3730,25.7,29.8,37.9,1.5,0,No,No,No,No,NA
3731,34.9,23.4,72.0,1.22,830,No,No,Yes,Yes,3043
3732,18.3,78.8,10.3,10.88,0,No,No,No,No,NA
3733,30.3,24.7,49.4,0.97,1132,No,No,Yes,Yes,2407
3734,25.8,27.7,59.8,1.47,0,No,No,No,No,NA
3735,23.7,42.6,31.9,7.34,0,No,No,No,No,NA
3736,17.8,76.9,8.6,21.51,0,No,No,No,No,NA
3737,35.9,12.1,97.3,0.46,2878,No,Yes,Yes,Yes,2801
3738,16.6,81.0,7.3,36.22,0,No,No,No,No,NA
3739,35.6,32.8,56.0,0.83,265,No,No,Yes,Yes,1735
3740,32.8,38.9,31.6,1.11,47,Yes,Yes,Yes,Yes,483
3741,21.0,43.9,41.2,6.27,0,No,No,No,No,NA
3742,32.8,17.8,68.9,0.31,1944,No,No,Yes,Yes,336
3743,8.3,82.5,13.9,20.02,0,No,No,No,No,NA
3744,32.1,27.3,43.2,2.11,0,Yes,Yes,Yes,No,NA
3745,38.0,27.4,46.7,0.33,0,No,No,No,No,NA
3746,27.4,36.6,48.5,1.85,0,No,No,No,No,NA
3747,28.2,15.8,54.7,1.97,127,No,Yes,Yes,Yes,826
3748,17.8,70.0,29.4,21.25,0,No,No,No,No,NA
3749,26.1,28.5,47.9,0.09,0,No,No,Yes,No,NA
3750,24.3,32.1,26.3,2.95,222,No,Yes,Yes,Yes,371
3751,31.2,27.7,59.0,0.36,1097,No,Yes,Yes,Yes,594
3752,33.4,21.0,74.4,0.85,116,No,No,Yes,Yes,4316
3753,21.8,25.5,52.2,3.67,0,No,No,No,No,NA
3754,23.7,40.3,20.4,5.06,28,No,Yes,Yes,Yes,285
3755,39.3,28.5,78.2,1.67,1627,Yes,Yes,Yes,Yes,1489
3756,11.7,86.7,13.1,36.62,0,No,No,No,No,NA
3757,31.0,33.5,39.6,1.17,0,No,No,No,No,NA
3758,28.0,43.1,42.0,2.78,0,No,No,Yes,No,NA
3759,23.1,44.2,49.4,4.9,237,No,Yes,Yes,Yes,308
3760,32.7,17.0,59.6,0.53,1172,No,Yes,Yes,Yes,2674
3761,32.6,15.5,77.8,1.79,0,No,No,No,No,NA
3762,25.0,29.5,48.4,1.0,137,No,No,Yes,Yes,1828
3763,28.4,25.3,43.4,1.08,0,Yes,Yes,Yes,No,NA
3764,14.3,82.4,14.1,31.12,0,No,No,No,No,NA
3765,20.4,47.1,19.6,1.14,46,No,Yes,Yes,Yes,678
3766,42.9,22.1,96.2,0.2,1556,No,Yes,Yes,Yes,5689
3767,12.9,62.4,25.7,13.15,0,No,No,No,No,NA
3768,22.4,50.8,43.9,3.03,15,No,No,Yes,Yes,1027
3769,12.2,60.0,19.0,20.1,0,No,No,No,No,NA
3770,12.6,77.2,21.3,7.06,0,No,No,No,No,NA
3771,39.2,18.3,80.8,0.07,1716,No,No,Yes,Yes,160
3772,36.5,8.6,61.9,0.21,1405,No,No,Yes,Yes,5680
3773,36.7,22.0,80.4,0.28,75,Yes,Yes,Yes,Yes,1245
3774,21.4,51.6,24.7,1.61,0,No,No,No,No,NA
3775,16.3,84.9,19.7,4.5,0,No,No,No,No,NA
3776,32.2,32.0,61.5,1.67,198,No,Yes,Yes,Yes,190
3777,36.9,23.9,64.3,0.32,172,No,Yes,Yes,Yes,4666
3778,26.6,37.6,44.7,1.19,0,No,No,No,No,NA
3779,39.0,27.7,46.1,0.7,27,Yes,Yes,Yes,Yes,200
3780,27.1,27.4,60.6,1.12,1326,No,Yes,Yes,Yes,1409
3781,7.6,76.4,10.4,36.07,0,No,No,No,No,NA
3782,20.7,72.6,22.3,18.17,0,No,No,No,No,NA
3783,36.2,17.3,90.4,0.51,361,No,No,Yes,Yes,9444
3784,20.3,69.0,25.7,19.93,0,No,No,No,No,NA
3785,32.8,36.8,31.9,0.02,0,No,No,No,No,NA
3786,31.4,29.9,47.1,1.55,2,No,No,Yes,Yes,391
3787,14.3,72.5,38.8,15.86,0,No,No,No,No,NA
3788,25.9,30.3,29.8,2.59,0,No,Yes,Yes,No,NA
3789,12.2,60.7,16.0,18.7,0,No,No,No,No,NA
3790,37.3,24.6,65.9,0.31,1072,Yes,Yes,Yes,Yes,3615
3791,24.4,38.0,58.9,2.07,0,No,Yes,Yes,No,NA
3792,7.4,86.4,7.5,13.11,0,Yes,Yes,Yes,No,NA
3793,15.7,66.2,8.2,3.69,0,No,No,No,No,NA
3794,26.4,32.2,55.0,2.12,0,No,No,Yes,No,NA
3795,12.3,81.4,37.4,4.09,0,No,No,No,No,NA
3796,18.0,88.8,17.8,5.48,0,No,No,No,No,NA
3797,25.0,69.6,12.1,17.43,0,No,No,No,No,NA
3798,19.4,23.7,27.0,0.1,404,Yes,Yes,Yes,Yes,117
3799,32.0,36.9,51.9,0.11,0,No,No,No,No,NA
3800,13.7,77.9,28.7,9.72,0,No,No,No,No,NA
3801,40.9,12.7,81.6,0.02,828,Yes,Yes,Yes,Yes,153
3802,21.2,47.9,34.4,4.1,0,No,No,No,No,NA
3803,13.6,84.1,37.6,11.78,0,No,No,No,No,NA
3804,18.4,77.7,10.4,15.65,0,No,No,No,No,NA
3805,22.9,27.4,31.0,0.42,0,No,No,No,No,NA
3806,30.2,22.6,52.4,0.97,1435,No,Yes,Yes,Yes,487
3807,17.5,78.9,8.4,7.5,0,No,No,No,No,NA
3808,29.0,30.7,61.2,1.86,556,No,Yes,Yes,Yes,1788
3809,23.9,30.3,47.2,1.75,771,Yes,Yes,Yes,Yes,816
3810,22.5,38.8,63.5,0.41,0,No,No,No,No,NA
3811,18.7,70.5,23.5,7.66,0,No,No,No,No,NA
3812,34.6,34.8,71.7,0.32,1372,No,No,Yes,Yes,1097
3813,6.6,82.1,8.9,22.63,0,No,No,No,No,NA
3814,37.0,23.0,76.1,0.55,346,No,Yes,Yes,Yes,1657
3815,17.4,80.5,5.0,31.58,0,No,No,No,No,NA
3816,11.8,81.8,9.3,19.46,0,No,No,No,No,NA
3817,19.5,84.3,34.9,6.04,0,No,No,No,No,NA
3818,31.1,20.2,63.1,0.9,0,No,No,No,No,NA
3819,36.1,11.0,63.0,0.07,2480,Yes,Yes,Yes,Yes,758
3820,29.5,20.5,48.5,1.64,0,No,No,No,No,NA
3821,33.7,16.7,62.5,0.16,604,No,No,Yes,Yes,1477
3822,26.6,29.1,45.5,0.72,0,No,No,No,No,NA
3823,34.3,30.8,51.1,0.96,0,No,No,No,No,NA
3824,40.6,11.1,75.5,0.26,0,No,Yes,Yes,Yes,4920
3825,18.5,57.8,22.2,2.62,0,No,No,No,No,NA
3826,27.3,21.2,66.0,0.29,0,No,No,No,No,NA
3827,26.0,30.0,24.2,1.41,0,No,No,No,No,NA
3828,23.8,72.4,21.7,17.46,0,No,No,No,No,NA
3829,26.5,31.2,65.1,1.51,0,No,No,Yes,Yes,1908
3830,36.4,8.6,83.2,0.07,1242,No,No,Yes,Yes,2447
3831,15.0,68.0,37.1,17.49,0,No,No,No,No,NA
3832,34.9,26.8,108.0,0.17,201,No,Yes,Yes,Yes,3407
3833,27.7,36.1,22.6,2.98,0,No,No,No,No,NA
3834,41.0,17.4,87.9,0.26,229,No,Yes,Yes,Yes,1414
3835,23.4,41.2,35.6,1.18,37,No,No,Yes,Yes,97
3836,6.9,78.6,12.6,16.8,0,No,No,No,No,NA
3837,37.9,20.8,73.7,0.33,2653,No,Yes,Yes,Yes,6857
3838,21.9,36.7,64.2,1.94,0,No,No,No,No,NA
3839,40.0,21.8,60.5,0.06,1674,No,Yes,Yes,Yes,2500
3840,23.8,71.6,24.8,7.5,0,No,No,No,No,NA
3841,28.6,15.5,69.8,1.11,1177,No,Yes,Yes,Yes,2925
3842,24.6,29.3,23.3,1.49,11,No,Yes,Yes,Yes,1151
3843,24.0,42.0,23.1,7.81,9,No,No,Yes,Yes,208
3844,29.9,28.2,55.6,0.8,359,No,No,Yes,Yes,1094
3845,25.3,33.6,43.2,3.14,0,No,No,No,No,NA
3846,33.1,19.9,91.2,0.03,543,Yes,Yes,Yes,Yes,813
3847,35.0,15.9,78.0,0.08,0,No,No,Yes,No,NA
3848,32.7,21.8,70.8,0.4,1613,Yes,Yes,Yes,Yes,3044
3849,40.7,13.2,35.0,0.22,183,No,Yes,Yes,Yes,1452
3850,24.8,50.2,32.5,4.3,3,No,No,Yes,Yes,377
3851,16.3,72.8,8.2,10.81,0,No,No,Yes,No,NA
3852,19.0,21.4,45.4,2.13,0,No,No,Yes,No,NA
3853,21.6,36.6,19.7,5.08,0,Yes,Yes,Yes,No,NA
3854,41.7,14.2,70.8,0.12,20,No,No,Yes,Yes,6794
3855,26.4,37.7,55.1,1.76,964,No,Yes,Yes,Yes,454
3856,18.5,62.2,24.0,18.69,0,No,No,No,No,NA
3857,23.4,49.9,29.3,0.63,346,No,No,Yes,Yes,855
3858,22.0,48.3,36.4,2.57,77,No,No,Yes,Yes,340
3859,14.6,75.2,10.6,14.7,0,No,No,No,No,NA
3860,28.3,20.2,33.5,1.3,203,No,Yes,Yes,Yes,1471
3861,17.4,88.6,16.0,29.14,0,No,No,No,No,NA
3862,35.2,23.8,63.1,0.06,1283,No,No,Yes,Yes,677
3863,18.5,24.1,39.4,2.66,70,No,No,Yes,Yes,1799
3864,10.6,94.5,13.4,22.01,0,No,No,No,No,NA
3865,15.0,74.3,33.6,8.62,0,No,No,No,No,NA
3866,26.0,39.3,58.6,0.96,0,No,No,No,No,NA
3867,32.2,16.6,71.5,0.19,283,No,No,Yes,Yes,4051
3868,29.2,28.9,28.9,0.16,0,No,No,No,No,NA
3869,22.9,75.9,29.6,15.8,0,No,No,No,No,NA
3870,13.6,78.6,26.7,22.14,0,No,No,No,No,NA
3871,27.4,24.5,32.0,0.77,365,No,No,Yes,Yes,1860
3872,14.6,78.9,23.4,11.49,0,No,No,No,No,NA
3873,29.0,23.5,79.3,0.76,1136,Yes,Yes,Yes,Yes,2673
3874,21.5,76.8,30.0,19.85,0,No,No,No,No,NA
3875,8.0,76.3,10.6,23.39,0,No,No,No,No,NA
3876,27.0,44.0,48.9,0.51,0,No,No,No,No,NA
3877,44.0,23.4,74.9,0.28,300,No,No,Yes,Yes,3178
3878,42.1,12.1,73.6,0.16,1902,No,Yes,Yes,Yes,3538
3879,17.9,78.2,7.3,19.81,0,Yes,Yes,Yes,No,NA
3880,38.7,27.5,45.4,2.0,0,No,Yes,Yes,No,NA
3881,43.1,24.0,74.7,0.11,326,No,Yes,Yes,Yes,526
3882,34.1,15.3,40.4,1.04,1407,No,Yes,Yes,Yes,2047
3883,33.9,18.0,86.9,0.26,792,No,No,Yes,Yes,5622
3884,28.5,37.9,22.2,1.67,158,No,Yes,Yes,Yes,1737
3885,30.7,20.6,54.8,1.76,0,No,No,No,No,NA
3886,18.6,70.0,15.4,9.43,0,No,No,No,No,NA
3887,25.0,28.3,54.8,0.75,0,Yes,Yes,Yes,No,NA
3888,18.3,72.5,12.6,12.1,0,No,No,No,No,NA
3889,24.6,67.0,29.1,10.71,0,No,No,No,No,NA
3890,36.0,16.4,70.3,1.08,1515,Yes,Yes,Yes,Yes,771
3891,18.5,74.1,28.1,17.87,0,No,No,No,No,NA
3892,14.8,91.5,9.0,25.59,0,No,No,No,No,NA
3893,21.1,30.3,32.2,1.56,0,No,No,No,No,NA
3894,23.8,44.0,16.1,6.49,0,No,No,No,No,NA
3895,27.1,32.2,34.9,1.33,0,No,Yes,Yes,No,NA
3896,11.9,85.4,21.3,17.44,0,No,No,No,No,NA
3897,5.3,94.8,11.1,6.07,0,No,No,No,No,NA
3898,28.6,39.1,26.7,1.74,360,No,No,Yes,Yes,94
3899,26.2,25.8,27.2,1.25,0,No,No,No,No,NA
3900,22.6,37.1,41.6,5.86,0,No,No,No,No,NA
3901,11.4,91.0,19.1,17.27,0,No,No,No,No,NA
3902,7.2,91.0,6.7,29.99,0,No,No,No,No,NA
3903,32.9,37.5,59.9,2.63,0,No,Yes,Yes,No,NA
3904,24.6,36.3,39.5,4.26,0,No,No,No,No,NA
3905,37.4,19.2,107.0,0.93,3284,No,Yes,Yes,Yes,12916
3906,14.6,84.1,20.4,20.59,0,No,No,No,No,NA
3907,25.5,39.4,33.3,0.32,0,No,No,No,No,NA
3908,30.5,23.3,43.1,1.16,220,Yes,Yes,Yes,Yes,473
3909,29.4,33.7,24.2,1.13,0,No,No,Yes,No,NA
3910,36.6,29.1,79.8,0.23,70,No,No,Yes,Yes,1746
3911,8.1,78.8,17.1,18.35,0,No,No,No,No,NA
3912,25.2,43.0,58.1,1.37,0,No,No,No,No,NA
3913,30.3,34.6,73.0,0.52,0,No,Yes,Yes,No,NA
3914,23.2,66.8,8.4,10.11,0,No,No,No,No,NA
3915,31.7,15.2,62.6,0.0,1230,No,Yes,Yes,Yes,3239
3916,22.9,41.0,45.7,1.5,0,No,No,No,No,NA
3917,17.4,67.3,8.2,5.55,0,No,No,No,No,NA
3918,29.8,29.5,23.9,1.87,123,No,No,Yes,Yes,458
3919,34.2,30.2,45.3,0.47,0,No,No,No,No,NA
3920,31.4,42.7,21.4,0.75,1,No,Yes,Yes,Yes,1358
3921,33.5,20.7,66.2,1.15,0,No,No,No,No,NA
3922,34.1,20.8,40.8,1.26,587,Yes,Yes,Yes,Yes,834
3923,37.2,12.9,60.4,0.16,1900,Yes,Yes,Yes,Yes,3076
3924,44.7,18.3,51.6,0.4,277,No,Yes,Yes,Yes,3086
3925,34.3,13.2,82.8,0.3,245,No,Yes,Yes,Yes,4824
3926,28.3,30.6,39.6,0.9,60,No,Yes,Yes,Yes,1384
3927,26.2,36.4,50.2,2.63,106,Yes,Yes,Yes,Yes,1390
3928,29.9,22.8,28.9,1.31,0,No,No,No,No,NA
3929,34.0,12.4,81.5,0.39,926,No,No,Yes,Yes,5658
3930,22.1,71.5,26.6,18.36,0,No,No,No,No,NA
3931,26.6,33.2,46.4,2.97,0,No,No,No,No,NA
3932,26.2,24.4,51.4,3.45,0,No,No,No,No,NA
3933,40.5,15.2,86.4,0.34,890,No,Yes,Yes,Yes,1691
3934,34.5,26.4,73.1,0.88,1343,No,Yes,Yes,Yes,2242
3935,20.7,54.9,44.9,3.52,0,Yes,Yes,Yes,Yes,476
3936,21.8,27.8,46.8,0.09,0,No,No,No,No,NA
3937,33.5,19.4,94.0,0.62,248,No,Yes,Yes,Yes,3696
3938,25.3,35.1,31.9,3.08,3,No,Yes,Yes,Yes,56
3939,40.4,15.2,89.1,0.38,322,No,No,Yes,Yes,9401
3940,40.7,16.5,101.0,0.14,2173,No,Yes,Yes,Yes,2712
3941,30.5,28.7,57.4,0.34,0,No,No,No,No,NA
3942,10.1,94.0,11.0,39.43,0,No,No,No,No,NA
3943,30.0,20.2,51.2,1.59,1150,No,No,Yes,Yes,1531
3944,31.2,22.6,72.6,0.74,479,No,Yes,Yes,Yes,1679
3945,29.6,35.1,49.2,5.26,0,No,No,No,No,NA
3946,41.9,9.1,61.6,0.2,26,Yes,Yes,Yes,Yes,332
3947,30.3,25.3,72.6,1.04,2241,Yes,Yes,Yes,Yes,7100
3948,33.1,22.5,41.7,0.64,695,Yes,Yes,Yes,Yes,263
3949,28.4,38.6,58.5,1.85,1243,No,Yes,Yes,Yes,3244
3950,35.4,9.9,79.2,0.25,604,No,No,Yes,Yes,1529
3951,14.6,81.1,7.2,21.81,0,No,No,No,No,NA
3952,23.1,55.5,9.0,11.91,0,No,No,No,No,NA
3953,18.6,74.4,20.6,15.87,0,No,No,No,No,NA
3954,43.2,24.7,49.3,0.2,353,No,Yes,Yes,Yes,2624
3955,28.1,27.0,58.9,0.01,0,No,No,No,No,NA
3956,30.9,36.2,64.7,0.78,254,No,No,Yes,Yes,4571
3957,32.5,25.0,49.9,0.18,93,No,No,Yes,Yes,2469
3958,23.1,37.9,31.2,1.62,447,No,Yes,Yes,Yes,1294
3959,9.8,83.8,21.0,35.98,0,No,No,No,No,NA
3960,24.2,49.9,27.5,4.83,0,No,No,Yes,No,NA
3961,25.1,37.8,31.5,0.56,19,No,Yes,Yes,Yes,1700
3962,28.3,38.2,37.3,1.02,575,No,Yes,Yes,Yes,668
3963,36.8,20.4,50.4,0.45,306,No,No,Yes,Yes,3527
3964,23.0,23.8,46.5,3.79,0,Yes,Yes,Yes,No,NA
3965,32.4,15.6,69.5,0.43,1044,No,No,Yes,Yes,1945
3966,35.8,9.6,57.1,0.08,1587,No,Yes,Yes,Yes,1102
3967,16.0,69.4,23.2,13.21,0,No,No,No,No,NA
3968,31.7,31.5,56.3,0.45,5,No,Yes,Yes,Yes,1262
3969,24.7,33.9,57.6,2.61,66,Yes,Yes,Yes,Yes,1805
3970,36.2,20.5,57.5,0.31,1964,No,No,Yes,Yes,4454
3971,31.9,32.8,35.6,1.51,160,No,Yes,Yes,Yes,894
3972,17.8,80.1,12.7,35.12,0,No,No,No,No,NA
3973,29.7,34.3,21.4,1.38,0,No,No,No,No,NA
3974,33.0,41.3,51.1,0.51,473,No,No,Yes,Yes,4078
3975,22.5,36.5,27.4,3.07,0,No,No,Yes,No,NA
3976,19.5,33.6,54.2,0.09,55,No,No,Yes,Yes,1479
3977,32.0,29.2,62.3,1.41,693,No,Yes,Yes,Yes,5226
3978,26.2,22.8,38.3,2.4,97,No,No,Yes,Yes,1282
3979,25.7,30.5,52.3,0.46,0,No,No,No,No,NA
3980,13.4,62.6,12.3,3.79,0,No,No,Yes,No,NA
3981,38.0,10.3,86.5,0.22,2209,No,Yes,Yes,Yes,8579
3982,19.0,71.3,8.1,3.07,0,No,No,No,No,NA
3983,40.8,22.0,52.3,0.21,596,No,Yes,Yes,Yes,214
3984,25.8,37.4,61.7,0.52,0,No,No,No,No,NA
3985,26.2,31.5,34.8,0.42,0,No,No,Yes,No,NA
3986,12.1,84.8,21.3,4.28,0,No,No,No,No,NA
3987,27.7,32.7,37.1,0.62,374,No,No,Yes,Yes,2655
3988,40.0,21.8,62.5,0.97,1332,Yes,Yes,Yes,Yes,2315
3989,42.1,22.3,62.2,0.63,1275,No,No,Yes,Yes,618
3990,36.3,10.4,40.0,0.18,1111,No,Yes,Yes,Yes,5223
3991,28.0,22.9,47.4,0.78,107,Yes,Yes,Yes,Yes,1417
3992,9.7,70.4,22.8,37.68,0,No,No,No,No,NA
3993,27.2,53.2,26.1,2.39,0,No,No,No,No,NA
3994,23.8,43.9,43.6,5.48,0,No,No,No,No,NA
3995,15.2,63.4,5.5,10.36,0,No,No,No,No,NA
3996,36.7,20.4,80.1,0.96,1026,Yes,Yes,Yes,Yes,2469
3997,21.8,40.8,30.8,5.34,0,No,No,No,No,NA
3998,33.6,12.7,55.8,0.97,1192,No,Yes,Yes,Yes,2714
3999,21.4,47.8,16.1,0.8,0,No,No,No,No,NA
4000,43.6,20.4,46.2,0.26,41,No,No,Yes,Yes,3717
4001,19.6,21.2,40.7,3.69,54,No,No,Yes,Yes,679
4002,40.4,18.6,100.4,0.21,372,No,No,Yes,Yes,7685
4003,23.7,78.3,27.8,8.39,0,No,No,No,No,NA
4004,30.8,20.8,34.5,1.32,170,No,No,Yes,Yes,1984
4005,32.4,11.8,67.6,0.15,0,No,No,No,No,NA
4006,38.1,13.3,39.1,0.08,0,No,No,Yes,No,NA
4007,27.9,25.8,49.3,1.84,0,No,Yes,Yes,No,NA
4008,34.3,29.0,35.5,0.05,0,No,Yes,Yes,No,NA
4009,18.1,64.1,23.4,24.24,0,No,No,No,No,NA
4010,36.4,16.8,105.0,0.41,609,No,Yes,Yes,Yes,1634
4011,42.0,28.4,71.7,0.8,1003,Yes,Yes,Yes,Yes,2535
4012,31.3,21.3,51.7,1.83,45,No,Yes,Yes,Yes,43
4013,14.6,86.0,14.5,22.89,0,No,No,No,No,NA
4014,33.8,21.6,62.8,0.35,423,No,No,Yes,Yes,5345
4015,19.5,69.0,6.4,8.78,0,No,No,No,No,NA
4016,20.0,54.0,19.9,5.62,0,No,No,No,No,NA
4017,28.2,40.4,27.8,1.86,0,No,No,No,No,NA
4018,43.4,17.2,75.2,0.33,1024,No,Yes,Yes,Yes,11020
4019,28.2,37.8,18.5,5.44,6,No,Yes,Yes,Yes,543
4020,24.7,78.4,20.3,4.37,0,No,No,No,No,NA
4021,29.2,33.5,54.9,1.19,26,No,No,Yes,Yes,2501
4022,27.2,26.2,54.2,1.05,1253,No,Yes,Yes,Yes,1854
4023,22.3,23.5,52.8,2.74,0,No,No,No,No,NA
4024,44.2,23.7,46.4,0.15,938,No,No,Yes,Yes,1430
4025,41.4,20.1,67.0,0.49,390,No,No,Yes,Yes,4878
4026,41.5,8.9,43.6,0.38,179,No,No,Yes,Yes,7592
4027,18.1,78.3,36.9,13.39,0,No,No,No,No,NA
4028,10.1,76.4,15.8,37.78,0,No,No,No,No,NA
4029,29.1,31.8,29.9,0.38,0,No,No,No,No,NA
4030,34.6,14.5,53.0,0.79,254,No,Yes,Yes,Yes,970
4031,20.1,55.2,7.0,9.96,0,No,No,No,No,NA
4032,28.3,44.4,49.3,1.36,117,Yes,Yes,Yes,Yes,1126
4033,31.3,37.2,42.5,0.99,0,No,No,No,No,NA
4034,18.4,59.7,10.0,5.6,0,No,No,No,No,NA
4035,39.2,18.1,56.0,0.36,637,No,Yes,Yes,Yes,6303
4036,23.4,32.1,47.9,2.57,0,No,Yes,Yes,No,NA
4037,24.8,51.4,15.5,7.05,0,Yes,Yes,Yes,No,NA
4038,7.9,79.4,5.1,33.74,0,No,No,No,No,NA
4039,25.0,32.8,35.9,0.38,0,No,No,Yes,No,NA
4040,39.0,31.3,43.3,1.22,925,No,No,Yes,Yes,699
4041,35.0,20.6,27.1,1.97,0,No,No,No,No,NA
4042,41.3,22.2,57.8,0.34,475,No,No,Yes,Yes,3900
4043,22.9,34.6,26.3,1.25,0,No,No,No,No,NA
4044,42.4,18.5,65.1,0.5,104,No,No,Yes,Yes,2043
4045,28.1,51.8,21.8,4.59,1,Yes,Yes,Yes,Yes,933
4046,32.4,33.5,23.8,0.86,0,No,No,Yes,No,NA
4047,22.8,47.1,40.5,5.64,0,No,No,No,No,NA
4048,35.7,22.2,60.3,0.27,1903,Yes,Yes,Yes,Yes,4377
4049,18.9,58.9,22.2,6.55,0,No,No,No,No,NA
4050,19.5,28.9,34.2,3.49,0,No,No,No,No,NA
4051,38.2,17.1,59.9,0.16,480,Yes,Yes,Yes,Yes,1922
4052,27.1,39.1,41.0,2.95,167,No,No,Yes,Yes,1077
4053,28.2,38.6,31.7,1.17,0,No,No,No,No,NA
4054,12.5,83.4,25.2,10.71,0,No,No,No,No,NA
4055,24.7,44.5,53.4,2.02,0,Yes,Yes,Yes,No,NA
4056,14.7,76.1,17.8,6.76,0,No,No,No,No,NA
4057,32.2,37.5,41.3,1.37,0,No,No,No,No,NA
4058,36.0,12.4,77.7,0.72,41,Yes,Yes,Yes,Yes,2838
4059,32.7,10.1,60.7,0.45,224,No,Yes,Yes,Yes,1411
4060,25.2,37.7,35.4,0.81,0,No,No,No,No,NA
4061,15.2,65.8,28.6,5.0,0,No,No,No,No,NA
4062,18.5,28.9,31.0,1.52,0,No,No,Yes,No,NA
4063,29.1,21.5,61.0,1.44,0,No,Yes,Yes,No,NA
4064,40.1,25.4,94.8,0.81,42,No,Yes,Yes,Yes,3804
4065,25.4,43.2,48.6,0.89,0,No,No,Yes,No,NA
4066,21.3,63.3,18.0,2.88,0,No,No,No,No,NA
4067,27.6,39.6,39.7,1.37,0,No,No,Yes,No,NA
4068,5.7,86.1,24.6,14.86,0,No,No,No,No,NA
4069,26.5,52.9,24.6,7.05,0,No,No,No,No,NA
4070,41.4,13.0,78.9,0.15,37,No,No,Yes,Yes,4724
4071,22.0,52.8,24.7,4.05,63,No,Yes,Yes,Yes,328
4072,31.4,32.2,40.5,0.08,0,No,Yes,Yes,No,NA
4073,27.6,39.7,43.3,3.1,409,Yes,Yes,Yes,Yes,1287
4074,34.7,38.2,58.0,1.42,1646,Yes,Yes,Yes,Yes,76
4075,42.6,14.8,64.2,0.46,2754,No,Yes,Yes,Yes,5661
4076,41.1,20.6,39.4,0.49,443,No,Yes,Yes,Yes,649
4077,15.6,60.3,18.6,4.98,0,No,No,No,No,NA
4078,35.9,29.5,40.0,0.21,0,No,Yes,Yes,No,NA
4079,22.0,32.9,24.6,1.01,172,No,Yes,Yes,Yes,1040
4080,34.1,33.2,48.6,1.33,0,No,Yes,Yes,No,NA
4081,29.1,37.7,27.2,2.74,0,No,Yes,Yes,No,NA
4082,22.9,55.0,17.1,0.85,0,No,No,No,No,NA
4083,28.6,35.7,29.7,1.07,0,No,No,No,No,NA
4084,35.0,8.9,69.7,0.07,152,No,Yes,Yes,Yes,2391
4085,23.1,49.3,24.1,4.35,0,No,No,No,No,NA
4086,11.4,89.7,15.2,21.33,0,No,No,No,No,NA
4087,32.4,13.5,83.3,0.36,1589,No,Yes,Yes,Yes,3773
4088,28.8,39.6,51.8,1.01,1199,No,No,Yes,Yes,838
4089,41.3,12.9,80.5,0.03,1995,No,Yes,Yes,Yes,3516
4090,28.0,37.6,55.9,0.39,0,No,No,No,No,NA
4091,30.7,35.2,43.4,0.82,0,No,Yes,Yes,No,NA
4092,43.0,24.2,79.5,0.09,2338,No,No,Yes,Yes,616
4093,16.8,79.9,14.4,16.56,0,No,No,No,No,NA
4094,26.1,35.1,46.1,1.63,118,No,No,Yes,Yes,2354
4095,23.0,39.1,43.4,1.27,11,Yes,Yes,Yes,Yes,1618
4096,16.2,59.0,25.3,13.89,0,No,No,No,No,NA
4097,26.5,25.2,31.1,1.25,0,Yes,Yes,Yes,No,NA
4098,19.5,76.0,30.0,3.3,0,No,No,No,No,NA
4099,37.0,17.1,77.4,0.9,671,Yes,Yes,Yes,Yes,3236
4100,15.0,87.9,24.2,33.12,0,No,No,No,No,NA
4101,36.5,24.2,67.2,0.27,0,No,No,Yes,No,NA
4102,41.1,16.4,30.6,0.47,781,No,No,Yes,Yes,4228
4103,18.0,91.8,23.3,10.46,0,No,No,No,No,NA
4104,10.2,79.3,5.7,11.67,0,No,No,No,No,NA
4105,22.0,74.8,29.8,18.02,0,No,No,No,No,NA
4106,30.3,15.5,45.4,1.3,0,No,No,No,No,NA
4107,39.1,28.6,66.0,1.78,0,No,No,Yes,No,NA
4108,36.8,28.1,47.6,1.89,328,No,Yes,Yes,Yes,120
4109,39.2,22.2,44.4,0.39,66,Yes,Yes,Yes,Yes,872
4110,32.9,8.2,33.5,0.46,548,No,Yes,Yes,Yes,4234
4111,15.8,60.1,21.9,18.16,0,No,No,No,No,NA
4112,39.3,9.5,49.0,0.14,3,No,No,Yes,Yes,1670
4113,13.9,94.8,9.8,13.13,0,No,No,No,No,NA
4114,27.0,44.9,34.7,2.39,0,No,No,No,No,NA
4115,16.2,79.1,16.1,19.34,0,No,No,No,No,NA
4116,13.7,93.0,9.3,38.02,0,No,No,No,No,NA
4117,25.4,36.2,60.6,2.62,0,No,No,No,No,NA
4118,37.1,23.8,63.1,0.25,0,No,No,Yes,Yes,2695
4119,34.4,37.4,28.5,1.25,0,No,No,No,No,NA
4120,23.4,39.5,41.1,1.54,509,Yes,Yes,Yes,Yes,615
4121,20.7,26.6,56.0,2.18,0,No,No,Yes,No,NA
4122,17.1,76.3,26.2,16.44,0,No,No,No,No,NA
4123,28.1,30.0,59.8,0.98,1062,No,Yes,Yes,Yes,71
4124,13.8,68.4,23.7,8.3,0,No,No,No,No,NA
4125,22.4,41.8,47.4,1.48,64,No,No,Yes,Yes,2630
4126,20.8,72.2,10.6,8.4,0,No,No,No,No,NA
4127,33.7,34.2,57.8,0.66,0,No,No,No,No,NA
4128,23.2,33.9,59.3,1.78,0,No,No,No,No,NA
4129,7.9,85.0,7.3,38.26,0,No,No,No,No,NA
4130,29.7,38.4,59.1,0.47,503,No,Yes,Yes,Yes,208
4131,27.7,51.6,40.5,2.56,0,No,No,No,No,NA
4132,22.8,67.6,10.3,6.61,0,No,No,No,No,NA
4133,24.0,39.8,26.4,3.48,432,No,Yes,Yes,Yes,1561
4134,30.1,33.1,65.9,0.27,128,No,Yes,Yes,Yes,860
4135,35.7,17.5,45.8,1.85,621,Yes,Yes,Yes,Yes,3116
4136,16.2,69.4,30.2,23.7,0,No,No,No,No,NA
4137,25.3,30.2,51.5,1.85,0,No,No,No,No,NA
4138,17.6,74.1,24.7,6.73,0,No,No,No,No,NA
4139,16.1,71.9,15.8,11.71,0,No,No,No,No,NA
4140,17.6,75.9,16.0,25.03,0,No,No,No,No,NA
4141,13.3,92.5,5.2,15.72,0,No,No,No,No,NA
4142,21.2,25.0,61.2,1.39,916,No,No,Yes,Yes,2202
4143,25.1,22.2,45.5,1.83,769,No,No,Yes,Yes,562
4144,20.9,57.0,24.7,15.12,0,No,No,No,No,NA
4145,28.2,40.7,42.4,1.4,0,No,No,No,No,NA
4146,28.0,41.3,48.3,7.6,0,No,No,Yes,No,NA
4147,19.0,69.2,24.3,10.85,0,No,No,No,No,NA
4148,35.7,14.1,45.9,0.34,377,No,Yes,Yes,Yes,547
4149,28.5,30.5,43.5,1.68,523,Yes,Yes,Yes,Yes,1445
4150,31.1,20.6,98.8,0.48,71,No,No,Yes,Yes,4367
4151,32.2,28.6,67.4,1.36,0,No,No,No,No,NA
4152,18.0,74.9,10.4,23.18,0,No,No,No,No,NA
4153,40.1,12.5,69.6,0.78,2068,Yes,Yes,Yes,Yes,7378
4154,25.7,36.0,28.7,0.41,272,No,No,Yes,Yes,645
4155,17.8,67.6,25.1,11.04,0,No,No,No,No,NA
4156,19.1,38.0,47.3,1.41,0,No,No,Yes,No,NA
4157,15.3,94.4,12.7,36.17,0,No,No,No,No,NA
4158,33.8,21.2,45.0,1.75,0,No,No,Yes,No,NA
4159,13.3,78.3,23.4,29.83,0,No,No,No,No,NA
4160,16.9,85.8,13.8,8.77,0,No,No,No,No,NA
4161,26.1,28.4,36.0,2.77,5,No,Yes,Yes,Yes,945
4162,24.5,61.3,16.2,10.58,0,No,No,No,No,NA
4163,40.6,16.1,62.8,0.13,650,No,No,Yes,Yes,2067
4164,20.4,39.0,55.2,2.74,0,Yes,Yes,Yes,No,NA
4165,21.1,34.5,63.1,1.71,279,Yes,Yes,Yes,Yes,1259
4166,24.9,20.9,42.3,0.81,138,No,Yes,Yes,Yes,31
4167,37.8,15.8,60.8,0.68,168,No,No,Yes,Yes,1116
4168,38.4,31.7,76.1,1.79,8,Yes,Yes,Yes,Yes,1312
4169,32.8,12.5,30.9,0.11,767,No,Yes,Yes,Yes,2879
4170,20.5,68.6,27.1,4.92,0,No,No,No,No,NA
4171,26.6,21.5,37.0,1.14,76,Yes,Yes,Yes,Yes,1312
4172,23.3,36.3,30.1,3.81,0,No,No,Yes,No,NA
4173,29.7,21.6,41.4,0.77,0,No,No,No,No,NA
4174,38.7,14.2,76.8,0.29,306,Yes,Yes,Yes,Yes,2543
4175,19.7,78.1,32.6,19.05,0,No,No,No,No,NA
4176,33.6,22.7,74.2,0.04,384,No,Yes,Yes,Yes,3481
4177,40.2,9.3,55.7,0.25,218,No,Yes,Yes,Yes,1409
4178,22.3,56.6,13.5,5.22,0,No,No,No,No,NA
4179,36.3,32.5,53.9,0.26,838,Yes,Yes,Yes,Yes,411
4180,32.3,14.6,73.8,0.36,92,No,Yes,Yes,Yes,5843
4181,28.1,22.5,69.8,1.92,0,No,No,No,No,NA
4182,17.8,94.0,9.9,27.19,0,No,No,No,No,NA
4183,13.3,79.3,39.4,5.11,0,No,No,No,No,NA
4184,29.6,45.9,42.0,3.52,42,No,Yes,Yes,Yes,1364
4185,29.9,39.3,50.0,3.94,0,No,No,No,No,NA
4186,27.2,23.3,52.7,0.85,0,No,No,No,No,NA
4187,24.8,64.8,29.1,2.45,0,No,No,No,No,NA
4188,12.5,92.1,12.9,33.58,0,No,No,No,No,NA
4189,13.4,65.9,16.0,12.14,0,No,Yes,Yes,No,NA
4190,13.1,72.3,16.4,3.41,0,No,No,No,No,NA
4191,32.6,34.6,35.1,0.55,0,No,No,Yes,No,NA
4192,17.3,64.5,16.7,12.12,0,No,No,No,No,NA
4193,15.1,60.1,11.1,12.25,0,No,No,No,No,NA
4194,41.3,20.6,37.8,0.04,1234,Yes,Yes,Yes,Yes,479
4195,20.6,85.0,39.4,22.79,0,No,No,No,No,NA
4196,33.0,30.3,59.9,1.49,950,No,No,Yes,Yes,111
4197,31.3,39.2,58.9,0.4,0,No,No,No,No,NA
4198,27.9,53.8,47.5,5.43,25,Yes,Yes,Yes,Yes,594
4199,15.3,72.7,11.8,5.76,0,No,No,No,No,NA
4200,32.2,22.8,54.1,0.05,80,No,Yes,Yes,Yes,676
4201,26.5,50.7,44.5,6.71,0,No,No,No,No,NA
4202,28.6,30.5,44.9,1.74,0,No,Yes,Yes,No,NA
4203,30.1,33.6,68.4,0.96,0,No,No,Yes,No,NA
4204,22.6,27.4,27.1,2.27,0,No,No,Yes,No,NA
4205,29.7,30.2,20.3,1.66,0,No,No,No,No,NA
4206,35.0,27.6,59.0,1.62,0,No,No,No,No,NA
4207,32.8,22.9,89.3,0.51,989,No,Yes,Yes,Yes,3112
4208,8.2,85.5,20.1,39.84,0,No,No,No,No,NA
4209,31.9,34.3,45.0,0.86,544,Yes,Yes,Yes,Yes,2223
4210,34.6,19.1,57.1,0.36,195,No,No,Yes,Yes,2939
4211,20.5,39.9,16.9,1.51,0,No,No,No,No,NA
4212,39.8,11.3,100.8,0.08,1473,No,Yes,Yes,Yes,3184
4213,29.9,37.1,55.3,1.27,863,No,No,Yes,Yes,549
4214,23.7,33.5,31.0,3.72,0,No,No,No,No,NA
4215,25.0,26.5,33.9,1.68,0,No,No,No,No,NA
4216,23.3,52.3,34.6,2.3,0,No,No,No,No,NA
4217,26.3,45.5,30.1,4.42,0,No,No,No,No,NA
4218,5.1,78.2,18.3,28.66,0,No,No,No,No,NA
4219,36.1,23.2,44.7,1.62,0,No,No,No,No,NA
4220,28.5,32.0,45.4,0.51,0,No,No,No,No,NA
4221,33.2,17.8,46.0,0.63,0,No,No,No,No,NA
4222,28.2,39.7,59.2,1.53,1059,No,Yes,Yes,Yes,1854
4223,22.0,64.1,26.2,3.43,0,No,No,No,No,NA
4224,14.4,69.0,25.4,10.59,0,No,No,No,No,NA
4225,25.7,43.9,24.5,2.0,68,No,No,Yes,Yes,568
4226,31.6,35.0,41.6,1.42,0,No,No,No,No,NA
4227,26.5,24.6,33.4,0.0,0,Yes,Yes,Yes,No,NA
4228,29.1,32.8,52.4,1.49,0,No,No,No,No,NA
4229,38.0,21.9,69.2,0.76,113,No,Yes,Yes,Yes,895
4230,30.5,25.6,52.7,0.79,526,No,Yes,Yes,Yes,2701
4231,26.7,31.2,34.0,1.26,0,No,No,No,No,NA
4232,30.0,29.9,69.0,1.46,237,No,No,Yes,Yes,820
4233,22.1,26.7,49.9,2.75,165,No,Yes,Yes,Yes,1189
4234,39.9,17.5,60.4,0.14,580,No,No,Yes,Yes,3550
4235,38.9,31.0,43.4,1.96,1039,No,Yes,Yes,Yes,1988
4236,23.4,43.1,33.3,5.49,0,No,No,Yes,No,NA
4237,29.6,34.6,32.8,3.89,0,No,No,No,No,NA
4238,32.1,18.6,62.6,0.24,220,No,No,Yes,Yes,1535
4239,21.8,50.3,17.8,0.68,0,No,No,No,No,NA
4240,26.2,22.4,31.4,0.82,162,No,Yes,Yes,Yes,1042
4241,30.0,18.7,63.9,1.94,412,No,Yes,Yes,Yes,2594
4242,13.7,76.2,11.3,11.0,0,No,No,No,No,NA
4243,38.9,33.0,66.3,1.96,448,No,No,Yes,Yes,57
4244,25.3,27.2,26.8,0.5,53,No,Yes,Yes,Yes,1703
4245,20.9,24.7,37.2,3.03,0,No,No,No,No,NA
4246,35.6,13.2,82.8,0.21,1118,No,Yes,Yes,Yes,5186
4247,26.6,36.8,43.2,0.04,24,No,Yes,Yes,Yes,864
4248,13.5,77.8,11.3,23.45,0,No,No,No,No,NA
4249,28.1,44.9,31.1,6.02,303,No,Yes,Yes,Yes,652
4250,16.9,83.3,21.9,30.29,0,No,No,No,No,NA
4251,32.0,31.2,54.1,1.31,0,Yes,Yes,Yes,No,NA
4252,38.0,16.2,56.8,0.77,155,No,No,Yes,Yes,5103
4253,37.3,19.9,58.3,0.3,3,No,Yes,Yes,Yes,5571
4254,37.6,18.8,70.5,0.4,571,No,Yes,Yes,Yes,2340
4255,20.9,34.9,59.7,3.02,0,No,No,No,No,NA
4256,33.5,31.6,50.1,0.12,1151,No,Yes,Yes,Yes,69
4257,13.5,86.7,5.9,21.44,0,No,No,No,No,NA
4258,38.2,24.9,78.8,0.54,897,No,Yes,Yes,Yes,3206
4259,30.5,43.6,23.1,0.83,0,No,Yes,Yes,No,NA
4260,21.8,28.3,25.1,0.74,84,No,No,Yes,Yes,672
4261,24.0,28.2,30.1,0.56,0,No,No,No,No,NA
4262,33.9,23.0,35.8,1.05,967,No,No,Yes,Yes,609
4263,17.5,74.8,13.7,11.14,0,No,No,No,No,NA
4264,37.9,19.0,60.3,1.29,51,Yes,Yes,Yes,Yes,1258
4265,9.8,90.2,24.1,27.47,0,No,No,No,No,NA
4266,30.0,23.4,42.4,0.18,0,No,No,No,No,NA
4267,32.7,23.7,45.5,1.78,224,No,No,Yes,Yes,708
4268,34.1,21.5,79.4,0.16,182,No,No,Yes,Yes,195
4269,40.4,12.5,61.3,0.12,685,No,No,Yes,Yes,3760
4270,18.8,23.3,63.2,2.2,40,No,No,Yes,Yes,1617
4271,16.4,81.3,17.1,18.22,0,No,No,No,No,NA
4272,16.7,70.4,6.3,16.02,0,No,No,No,No,NA
4273,27.6,35.2,42.7,4.91,0,No,No,No,No,NA
4274,16.7,84.1,25.2,17.68,0,No,No,No,No,NA
4275,21.3,67.4,6.8,12.49,0,No,No,No,No,NA
4276,27.8,43.7,28.8,5.31,0,No,No,Yes,No,NA
4277,33.0,33.4,58.3,0.73,544,No,No,Yes,Yes,709
4278,40.5,16.7,59.2,0.89,51,Yes,Yes,Yes,Yes,4635
4279,14.5,63.2,21.3,23.48,0,No,No,No,No,NA
4280,27.8,24.8,42.1,0.55,0,No,No,No,No,NA
4281,42.5,15.4,71.0,0.32,1500,No,No,Yes,Yes,4896
4282,20.6,32.9,37.8,2.57,38,Yes,Yes,Yes,Yes,720
4283,14.6,67.1,25.4,5.53,0,No,Yes,Yes,No,NA
4284,30.5,32.9,22.4,0.25,483,No,Yes,Yes,Yes,808
4285,24.2,77.4,15.7,3.2,0,No,No,No,No,NA
4286,21.6,35.9,61.6,0.06,328,No,No,Yes,Yes,780
4287,30.6,36.5,21.9,2.56,42,No,No,Yes,Yes,405
4288,16.0,83.0,13.0,38.61,0,No,No,No,No,NA
4289,31.7,33.1,41.6,0.62,844,No,No,Yes,Yes,832
4290,13.1,74.3,24.8,10.47,0,No,No,No,No,NA
4291,25.1,24.6,37.4,1.49,0,No,Yes,Yes,No,NA
4292,39.3,34.6,74.5,1.6,1817,Yes,Yes,Yes,Yes,1778
4293,15.9,60.7,18.3,3.77,0,No,No,No,No,NA
4294,28.1,47.7,24.2,6.21,0,No,No,No,No,NA
4295,34.7,24.8,69.0,0.7,29,Yes,Yes,Yes,Yes,3305
4296,21.1,67.9,16.8,12.26,0,No,No,No,No,NA
4297,27.4,25.4,21.1,0.77,68,No,Yes,Yes,Yes,1258
4298,15.8,94.2,15.5,22.94,0,No,No,No,No,NA
4299,28.3,38.6,57.5,2.44,33,Yes,Yes,Yes,Yes,1224
4300,23.0,53.7,22.9,1.76,4,No,No,Yes,Yes,49
4301,34.5,22.8,45.6,0.07,190,No,No,Yes,Yes,695
4302,42.0,12.4,88.9,0.46,1046,No,No,Yes,Yes,3909
4303,18.1,36.9,44.5,1.37,0,No,No,Yes,No,NA
4304,18.6,71.0,24.7,11.38,0,No,No,No,No,NA
4305,21.5,67.1,9.6,15.43,0,No,No,No,No,NA
4306,23.4,37.1,55.0,2.42,0,No,No,Yes,No,NA
4307,15.7,74.4,16.5,19.49,0,No,No,No,No,NA
4308,42.8,11.8,93.9,0.1,357,Yes,Yes,Yes,Yes,7734
4309,38.7,12.4,30.1,0.12,0,No,Yes,Yes,No,NA
4310,34.1,16.5,79.0,0.5,780,Yes,Yes,Yes,Yes,4209
4311,32.1,9.0,75.0,0.07,2123,No,Yes,Yes,Yes,1367
4312,38.3,8.9,33.1,0.38,376,No,Yes,Yes,Yes,2863
4313,25.2,34.8,51.7,2.16,29,No,No,Yes,Yes,198
4314,14.8,73.6,26.2,13.37,0,No,No,No,No,NA
4315,15.6,79.9,13.4,27.09,0,No,No,No,No,NA
4316,37.7,17.0,62.7,0.27,468,No,No,Yes,Yes,367
4317,25.3,31.3,66.2,0.53,0,No,No,No,No,NA
4318,15.2,83.0,16.9,27.35,0,No,No,No,No,NA
4319,21.5,40.2,32.2,7.95,0,No,No,No,No,NA
4320,31.4,24.4,54.0,0.38,0,No,No,Yes,No,NA
4321,15.6,66.7,16.7,7.13,0,No,Yes,Yes,No,NA
4322,8.3,72.2,13.8,8.13,0,No,Yes,Yes,No,NA
4323,43.4,9.8,55.7,0.31,189,No,Yes,Yes,Yes,5377
4324,26.0,53.1,22.3,3.65,0,No,No,No,No,NA
4325,21.0,37.6,39.0,0.23,4,No,Yes,Yes,Yes,600
4326,38.5,26.0,97.3,0.62,3253,No,No,Yes,Yes,4439
4327,34.7,30.7,64.0,1.05,77,Yes,Yes,Yes,Yes,5277
4328,19.4,67.9,21.0,14.28,0,No,No,No,No,NA
4329,32.8,22.9,69.1,1.75,638,No,No,Yes,Yes,1111
4330,36.0,12.7,48.2,0.24,396,No,No,Yes,Yes,3104
4331,40.9,28.2,69.4,0.13,1997,Yes,Yes,Yes,Yes,1433
4332,40.9,10.7,40.8,0.07,5,No,No,Yes,Yes,4373
4333,31.7,36.3,22.0,1.5,0,No,No,No,No,NA
4334,38.0,21.9,55.0,0.39,0,No,Yes,Yes,No,NA
4335,22.7,27.7,56.2,0.89,0,No,Yes,Yes,No,NA
4336,29.5,38.7,27.7,1.92,0,No,No,No,No,NA
4337,33.3,17.8,60.9,0.84,1373,No,Yes,Yes,Yes,568
4338,33.5,29.8,65.7,1.93,1655,No,Yes,Yes,Yes,1669
4339,28.6,35.5,65.0,1.34,0,No,No,Yes,No,NA
4340,27.8,42.5,47.3,3.69,471,No,No,Yes,Yes,3017
4341,23.5,58.7,27.2,3.41,0,No,No,No,No,NA
4342,35.4,17.0,78.7,0.11,308,No,Yes,Yes,Yes,1627
4343,34.1,24.5,33.0,0.81,384,No,No,Yes,Yes,853
4344,28.0,39.8,54.7,0.77,0,No,No,No,No,NA
4345,22.6,57.9,27.0,6.31,0,No,No,No,No,NA
4346,10.2,79.5,19.4,8.64,0,No,No,No,No,NA
4347,19.9,25.6,31.6,2.32,0,No,No,No,No,NA
4348,37.0,10.1,74.0,0.07,440,No,No,Yes,Yes,1446
4349,28.7,26.9,39.5,1.28,0,Yes,Yes,Yes,No,NA
4350,33.2,29.1,40.9,1.02,0,No,Yes,Yes,No,NA
4351,17.5,84.9,34.9,19.82,0,No,No,No,No,NA
4352,23.6,50.7,34.7,4.91,0,No,Yes,Yes,No,NA
4353,19.1,67.6,24.6,11.05,0,No,No,No,No,NA
4354,6.5,95.0,10.2,23.99,0,No,No,No,No,NA
4355,30.9,29.3,42.7,1.36,227,No,Yes,Yes,Yes,585
4356,36.0,11.1,76.0,0.01,131,Yes,Yes,Yes,Yes,7416
4357,35.6,17.9,52.9,0.12,19,No,No,Yes,Yes,3226
4358,20.6,53.4,41.4,3.56,0,No,Yes,Yes,No,NA
4359,34.6,16.3,59.0,0.87,234,No,Yes,Yes,Yes,436
4360,27.8,39.9,45.4,0.39,0,No,No,Yes,No,NA
4361,21.1,40.0,48.4,1.67,0,No,No,No,No,NA
4362,31.2,18.8,52.8,1.83,0,No,No,No,No,NA
4363,10.9,70.2,5.5,34.55,0,No,No,No,No,NA
4364,26.3,25.0,29.7,1.21,0,No,No,No,No,NA
4365,31.8,36.9,38.0,0.9,0,No,No,No,No,NA
4366,13.7,72.0,20.7,23.36,0,No,No,No,No,NA
4367,30.7,39.6,49.3,2.4,121,Yes,Yes,Yes,Yes,150
4368,24.3,43.4,35.6,5.35,0,No,No,Yes,No,NA
4369,29.7,15.6,70.9,0.24,1,No,Yes,Yes,Yes,3939
4370,30.8,28.7,66.0,0.66,51,Yes,Yes,Yes,Yes,3552
4371,20.3,64.8,21.9,14.72,0,No,No,No,No,NA
4372,37.4,31.0,54.5,0.27,40,Yes,Yes,Yes,Yes,319
4373,29.2,29.2,51.7,0.9,593,Yes,Yes,Yes,Yes,1689
4374,27.5,53.7,43.3,6.3,0,No,Yes,Yes,No,NA
4375,32.8,35.0,42.9,2.73,0,No,No,No,No,NA
4376,43.3,19.6,79.1,0.31,297,Yes,Yes,Yes,Yes,3387
4377,18.6,22.2,31.1,0.94,0,No,No,No,No,NA
4378,6.4,91.3,11.5,11.07,0,No,No,No,No,NA
4379,20.2,36.4,20.0,5.46,0,No,No,No,No,NA
4380,20.3,37.9,52.6,0.53,74,No,No,Yes,Yes,814
4381,28.2,43.8,43.1,7.97,277,No,Yes,Yes,Yes,1178
4382,20.5,28.6,44.0,0.42,85,Yes,Yes,Yes,Yes,1376
4383,25.8,37.5,38.4,1.16,153,Yes,Yes,Yes,Yes,1382
4384,30.3,24.8,36.9,1.18,14,Yes,Yes,Yes,Yes,1684
4385,38.2,20.8,53.8,0.3,1394,No,Yes,Yes,Yes,4304
4386,15.2,70.9,14.8,13.51,0,No,No,No,No,NA
4387,30.1,27.0,47.6,1.78,244,No,Yes,Yes,Yes,3618
4388,26.4,44.4,42.4,2.07,86,No,Yes,Yes,Yes,1399
4389,26.3,26.5,57.0,1.38,0,No,No,No,No,NA
4390,14.6,85.4,7.8,31.32,0,No,No,No,No,NA
4391,24.1,20.8,39.4,3.43,0,No,No,No,No,NA
4392,9.3,81.7,22.9,23.18,0,No,No,No,No,NA
4393,40.5,9.7,55.2,0.3,1141,No,No,Yes,Yes,6121
4394,19.3,27.4,29.4,1.18,78,Yes,Yes,Yes,Yes,1171
4395,15.9,65.8,13.4,6.01,0,No,No,No,No,NA
4396,17.4,78.6,22.1,16.21,0,No,No,No,No,NA
4397,16.9,63.1,13.8,19.59,0,No,No,No,No,NA
4398,35.6,10.7,46.3,0.48,57,No,No,Yes,Yes,1368
4399,36.6,26.9,40.6,0.14,12,No,Yes,Yes,Yes,2430
4400,31.9,41.9,59.7,2.88,0,No,No,No,No,NA
4401,13.0,83.1,37.1,12.74,0,No,No,No,No,NA
4402,28.7,20.6,26.1,1.63,0,No,No,No,No,NA
4403,32.4,10.4,42.3,0.11,733,No,No,Yes,Yes,5272
4404,22.1,43.8,33.3,1.84,0,No,No,No,No,NA
4405,30.2,23.9,52.4,0.26,0,No,No,Yes,No,NA
4406,26.3,22.1,33.6,1.17,0,No,No,No,No,NA
4407,24.8,76.2,12.6,2.59,0,No,No,No,No,NA
4408,19.8,20.5,25.8,2.91,0,No,No,No,No,NA
4409,41.9,20.9,68.3,0.65,27,No,Yes,Yes,Yes,4207
4410,25.9,33.0,21.7,1.49,0,No,Yes,Yes,No,NA
4411,18.3,69.1,27.5,18.28,0,No,No,No,No,NA
4412,24.6,47.7,36.2,4.23,0,No,No,Yes,No,NA
4413,33.9,39.0,46.3,1.51,463,No,Yes,Yes,Yes,1492
4414,40.7,13.5,84.6,0.91,1489,No,No,Yes,Yes,1210
4415,15.7,77.3,36.2,15.27,0,No,No,No,No,NA
4416,28.9,42.5,25.1,7.55,0,No,No,No,No,NA
4417,30.0,22.1,33.5,1.02,0,Yes,Yes,Yes,No,NA
4418,27.6,38.9,55.3,1.22,0,No,No,No,No,NA
4419,32.9,24.7,47.3,0.06,55,No,No,Yes,Yes,946
4420,15.1,83.5,25.1,21.63,0,No,No,No,No,NA
4421,20.3,38.5,29.8,0.87,0,Yes,Yes,Yes,No,NA
4422,29.9,24.2,20.5,0.79,56,No,Yes,Yes,Yes,701
4423,10.2,92.9,16.4,20.61,0,No,No,No,No,NA
4424,29.2,39.3,49.5,0.94,90,No,No,Yes,Yes,1100
4425,34.5,33.5,78.8,0.06,0,No,No,No,No,NA
4426,12.5,73.2,15.9,25.52,0,No,No,No,No,NA
4427,19.6,67.5,7.6,10.83,0,No,Yes,Yes,No,NA
4428,21.8,69.9,28.1,18.62,0,No,No,No,No,NA
4429,28.3,35.6,50.6,2.58,449,Yes,Yes,Yes,Yes,1358
4430,18.1,81.5,20.5,14.06,0,No,No,No,No,NA
4431,36.6,17.0,80.8,0.36,950,No,Yes,Yes,Yes,1093
4432,7.5,76.3,12.1,24.65,0,No,No,No,No,NA
4433,34.6,21.8,79.5,0.27,1693,No,Yes,Yes,Yes,2388
4434,29.3,39.2,30.7,1.77,0,No,No,Yes,No,NA
4435,39.9,23.8,41.0,1.54,484,No,Yes,Yes,Yes,1044
4436,16.4,82.5,9.0,39.8,0,No,No,No,No,NA
4437,5.7,79.3,8.0,9.57,0,No,No,No,No,NA
4438,40.9,29.7,62.0,0.77,243,No,Yes,Yes,Yes,2113
4439,27.1,31.4,28.3,0.73,116,No,Yes,Yes,Yes,222
4440,29.4,33.6,23.6,1.82,51,Yes,Yes,Yes,Yes,1068
4441,33.6,15.0,89.3,0.02,668,No,No,Yes,Yes,4094
4442,13.8,75.6,32.9,19.63,0,No,No,No,No,NA
4443,37.6,27.8,46.8,1.02,35,No,No,Yes,Yes,2875
4444,42.6,21.4,68.9,0.42,1171,No,No,Yes,Yes,2297
4445,36.6,12.3,92.0,0.02,0,No,No,No,No,NA
4446,42.9,27.7,108.0,0.06,215,Yes,Yes,Yes,Yes,3609
4447,24.2,44.7,28.2,2.26,71,No,No,Yes,Yes,50
4448,29.1,38.0,62.2,0.41,0,No,No,No,No,NA
4449,34.7,39.3,21.0,1.83,0,No,No,No,No,NA
4450,39.9,26.8,49.4,0.32,268,No,Yes,Yes,Yes,3508
4451,24.9,20.6,47.1,3.07,206,No,Yes,Yes,Yes,1903
4452,26.3,30.0,24.5,2.99,0,No,No,No,No,NA
4453,42.9,23.9,58.3,0.16,16,No,No,Yes,Yes,3605
4454,12.4,84.1,23.1,17.71,0,No,No,No,No,NA
4455,19.5,67.2,22.3,10.72,0,No,No,No,No,NA
4456,29.5,24.4,47.9,0.16,0,No,No,No,No,NA
4457,16.4,67.3,21.7,17.21,0,No,No,No,No,NA
4458,8.1,74.5,20.3,32.19,0,No,No,No,No,NA
4459,34.2,29.8,73.2,0.12,1625,No,Yes,Yes,Yes,3290
4460,36.0,24.4,80.0,0.02,240,Yes,Yes,Yes,Yes,866
4461,29.6,42.3,35.8,2.98,192,Yes,Yes,Yes,Yes,260
4462,26.2,53.3,38.3,6.13,0,No,No,No,No,NA
4463,16.9,66.7,38.7,18.48,0,No,No,No,No,NA
4464,30.7,26.6,88.9,0.46,400,Yes,Yes,Yes,Yes,6341
4465,35.1,25.5,69.4,0.0,57,No,No,Yes,Yes,106
4466,24.3,37.8,31.2,1.29,0,No,No,Yes,No,NA
4467,21.1,43.3,34.7,4.06,57,No,No,Yes,Yes,431
4468,31.5,42.5,54.6,0.44,359,No,Yes,Yes,Yes,1177
4469,28.3,28.4,69.6,0.26,0,No,Yes,Yes,No,NA
4470,32.3,22.9,81.2,0.04,197,No,Yes,Yes,Yes,603
4471,27.8,52.9,39.1,7.09,0,No,No,No,No,NA
4472,24.9,23.5,50.5,1.2,815,No,No,Yes,Yes,3053
4473,32.0,28.8,106.3,0.38,14,No,Yes,Yes,Yes,5694
4474,28.3,54.1,41.3,5.43,81,No,Yes,Yes,Yes,761
4475,24.6,39.0,34.2,2.26,139,No,No,Yes,Yes,677
4476,24.2,30.5,29.7,0.13,0,Yes,Yes,Yes,No,NA
4477,5.8,93.3,7.3,16.96,0,No,No,No,No,NA
4478,15.8,69.8,16.6,14.24,0,No,No,No,No,NA
4479,29.3,34.6,45.1,0.96,0,No,No,No,No,NA
4480,33.3,31.1,29.6,0.38,596,No,No,Yes,Yes,675
4481,31.0,13.6,63.2,0.82,159,No,No,Yes,Yes,158
4482,20.4,68.5,11.9,24.39,0,No,Yes,Yes,No,NA
4483,13.2,74.4,10.9,16.26,0,No,No,No,No,NA
4484,17.1,78.1,15.4,7.61,0,No,No,No,No,NA
4485,32.4,35.2,20.6,0.83,114,Yes,Yes,Yes,Yes,604
4486,36.1,29.3,43.4,0.78,0,No,No,Yes,No,NA
4487,31.0,28.8,33.4,0.92,457,Yes,Yes,Yes,Yes,2245
4488,19.9,26.8,33.9,3.88,6,No,Yes,Yes,Yes,399
4489,43.2,10.9,54.3,0.49,325,No,No,Yes,Yes,7231
4490,22.4,41.6,25.7,5.48,0,No,No,No,No,NA
4491,6.2,92.9,23.2,17.13,0,No,No,No,No,NA
4492,15.5,75.7,7.2,8.63,0,No,No,No,No,NA
4493,27.5,44.2,38.9,2.63,176,Yes,Yes,Yes,Yes,639
4494,24.1,60.9,20.5,6.32,0,No,No,No,No,NA
4495,15.8,81.2,9.0,8.79,0,No,No,No,No,NA
4496,12.9,70.2,5.4,18.78,0,No,No,No,No,NA
4497,31.2,25.1,83.0,0.44,643,No,No,Yes,Yes,6793
4498,12.5,62.0,35.4,14.8,0,No,No,No,No,NA
4499,26.7,40.5,24.5,7.19,0,No,No,No,No,NA
4500,28.5,23.0,47.1,1.11,141,No,Yes,Yes,Yes,839
4501,35.3,29.0,61.0,0.18,50,No,No,Yes,Yes,388
4502,25.3,38.8,31.4,0.21,523,No,No,Yes,Yes,256
4503,30.3,32.7,26.7,0.61,0,No,No,Yes,No,NA
4504,28.9,44.7,23.9,4.02,0,No,No,No,No,NA
4505,28.9,38.5,62.5,1.56,533,No,No,Yes,Yes,1417
4506,32.1,36.7,32.0,0.16,0,Yes,Yes,Yes,No,NA
4507,20.2,84.3,34.0,7.96,0,No,No,No,No,NA
4508,35.6,27.1,65.0,1.79,1294,No,Yes,Yes,Yes,3410
4509,32.0,21.9,67.6,0.58,0,No,Yes,Yes,No,NA
4510,31.5,35.1,37.8,2.66,0,Yes,Yes,Yes,No,NA
4511,27.6,54.5,33.9,0.82,5,No,No,Yes,Yes,382
4512,32.1,19.9,52.6,0.78,218,No,Yes,Yes,Yes,2345
4513,30.8,29.7,37.7,0.87,0,No,Yes,Yes,No,NA
4514,22.7,54.7,35.4,1.49,198,No,Yes,Yes,Yes,464
4515,34.1,21.2,60.2,0.5,732,No,Yes,Yes,Yes,2817
4516,12.9,73.6,6.5,7.28,0,No,No,No,No,NA
4517,13.3,80.5,39.0,20.22,0,No,No,No,No,NA
4518,32.7,26.5,55.7,1.45,0,No,No,Yes,No,NA
4519,22.7,29.6,28.0,1.06,0,Yes,Yes,Yes,No,NA
4520,31.5,16.8,66.8,0.76,955,No,No,Yes,Yes,1176
4521,28.1,34.2,45.9,1.47,0,No,No,Yes,No,NA
4522,23.5,37.2,21.2,0.77,0,No,No,No,No,NA
4523,40.9,18.1,69.6,0.61,753,No,No,Yes,Yes,3453
4524,37.6,23.3,73.2,1.14,0,No,No,Yes,No,NA
4525,42.0,13.4,53.1,0.08,295,No,Yes,Yes,Yes,2381
4526,28.0,32.5,42.8,1.49,248,Yes,Yes,Yes,Yes,894
4527,19.7,33.4,63.5,2.56,1112,No,Yes,Yes,Yes,72
4528,34.3,12.0,52.3,0.43,117,Yes,Yes,Yes,Yes,1539
4529,32.3,34.6,38.8,1.33,0,No,No,No,No,NA
4530,17.5,69.9,28.9,13.29,0,No,No,No,No,NA
4531,33.4,12.1,68.1,0.26,42,Yes,Yes,Yes,Yes,4067
4532,25.3,22.2,49.7,3.86,0,No,No,No,No,NA
4533,22.3,65.7,7.0,19.92,0,No,No,No,No,NA
4534,25.4,44.9,48.2,7.51,444,No,No,Yes,Yes,298
4535,29.7,32.1,33.1,0.0,39,No,No,Yes,Yes,1183
4536,6.4,74.5,12.0,32.75,0,No,No,No,No,NA
4537,39.6,11.8,101.0,0.61,66,Yes,Yes,Yes,Yes,1870
4538,21.8,77.7,23.1,23.59,0,No,No,No,No,NA
4539,22.0,51.2,33.0,6.62,168,No,No,Yes,Yes,311
4540,29.3,30.3,63.2,2.23,450,No,No,Yes,Yes,4004
4541,18.3,61.1,19.8,12.32,0,No,No,No,No,NA
4542,17.6,66.3,29.9,15.23,0,No,No,No,No,NA
4543,28.0,41.4,46.7,2.81,427,No,Yes,Yes,Yes,300
4544,23.9,64.9,11.1,3.22,0,No,No,No,No,NA
4545,18.3,77.9,10.7,12.61,11,Yes,Yes,Yes,Yes,70
4546,32.1,23.8,40.9,0.39,97,No,No,Yes,Yes,834
4547,24.7,53.4,38.8,2.77,0,No,No,No,No,NA
4548,5.5,85.8,7.8,26.43,0,No,No,No,No,NA
4549,32.8,28.5,25.6,1.3,0,No,No,No,No,NA
4550,19.9,29.2,42.1,3.46,481,No,Yes,Yes,Yes,824
4551,28.5,34.7,27.7,2.97,301,No,Yes,Yes,Yes,192
4552,31.6,31.4,45.8,0.76,0,No,No,No,No,NA
4553,33.5,21.4,33.7,0.36,52,No,No,Yes,Yes,1065
4554,28.4,33.2,45.1,0.61,97,No,No,Yes,Yes,592
4555,23.6,59.4,28.2,16.7,0,No,No,Yes,No,NA
4556,25.1,49.7,25.3,3.35,1,No,Yes,Yes,Yes,861
4557,31.3,36.1,48.3,0.21,455,No,No,Yes,Yes,1336
4558,25.6,26.2,30.3,0.67,600,No,No,Yes,Yes,1302
4559,27.6,35.2,30.0,2.04,662,No,Yes,Yes,Yes,731
4560,15.4,72.6,15.9,19.67,0,No,No,No,No,NA
4561,22.1,23.7,48.9,2.7,427,No,No,Yes,Yes,1307
4562,25.4,36.0,29.5,5.85,0,No,No,No,No,NA
4563,30.1,23.2,65.6,1.14,400,Yes,Yes,Yes,Yes,494
4564,43.0,19.6,31.0,0.4,0,No,Yes,Yes,No,NA
4565,27.6,36.9,32.8,6.66,0,No,No,No,No,NA
4566,33.1,25.8,57.7,0.51,181,No,Yes,Yes,Yes,795
4567,31.3,16.0,49.9,0.59,30,No,No,Yes,Yes,1273
4568,22.7,47.8,37.0,1.16,0,No,No,No,No,NA
4569,9.6,84.0,18.3,17.49,0,Yes,Yes,Yes,No,NA
4570,23.1,62.1,16.6,13.85,0,No,No,No,No,NA
4571,43.3,21.4,57.4,0.28,184,No,Yes,Yes,Yes,2437
4572,33.8,13.6,68.3,0.12,1947,No,No,Yes,Yes,1459
4573,23.4,48.7,49.1,7.52,111,Yes,Yes,Yes,Yes,644
4574,14.2,72.8,19.8,30.07,0,No,No,No,No,NA
4575,12.4,67.1,32.3,24.97,0,No,No,No,No,NA
4576,34.4,32.8,20.5,0.58,0,No,No,No,No,NA
4577,18.9,57.0,23.7,9.84,0,No,No,No,No,NA
4578,41.2,17.5,86.3,0.83,601,No,Yes,Yes,Yes,7681
4579,30.4,23.2,61.9,0.85,734,No,Yes,Yes,Yes,466
4580,11.2,78.4,9.6,20.33,0,No,No,No,No,NA
4581,29.5,35.1,32.8,1.04,0,No,No,No,No,NA
4582,18.4,20.5,33.8,2.06,0,No,No,No,No,NA
4583,19.0,67.1,29.9,6.53,19,No,Yes,Yes,Yes,140
4584,43.5,16.2,63.7,0.23,140,No,Yes,Yes,Yes,2946
4585,7.1,92.4,8.3,24.05,0,No,No,No,No,NA
4586,32.8,23.5,58.5,0.17,488,No,Yes,Yes,Yes,3815
4587,26.8,44.6,26.8,4.63,36,No,No,Yes,Yes,477
4588,19.9,66.4,8.1,16.99,0,No,No,No,No,NA
4589,7.4,92.0,11.8,33.16,0,No,No,No,No,NA
4590,40.1,15.6,68.4,0.37,513,No,No,Yes,Yes,5476
4591,22.4,26.9,38.1,0.74,306,No,No,Yes,Yes,208
4592,28.4,40.6,41.5,2.66,582,No,No,Yes,Yes,1962
4593,20.7,83.1,21.4,6.29,0,No,No,No,No,NA
4594,29.0,39.2,47.4,1.07,0,No,Yes,Yes,No,NA
4595,29.4,33.1,60.5,0.1,0,Yes,Yes,Yes,No,NA
4596,24.7,41.9,28.1,4.1,0,No,No,No,No,NA
4597,22.2,38.5,27.3,1.47,72,No,No,Yes,Yes,664
4598,18.9,70.6,21.9,8.97,0,No,No,No,No,NA
4599,22.2,43.8,59.1,1.02,638,No,No,Yes,Yes,1260
4600,26.7,39.3,30.6,1.05,17,Yes,Yes,Yes,Yes,1228
4601,13.0,77.3,12.9,8.96,0,No,No,No,No,NA
4602,17.3,55.7,17.6,13.52,0,No,No,No,No,NA
4603,19.1,73.8,16.6,10.32,0,No,No,No,No,NA
4604,26.9,37.9,24.2,6.33,0,No,No,No,No,NA
4605,22.8,34.1,49.0,1.64,58,No,Yes,Yes,Yes,318
4606,38.1,21.5,45.8,0.13,818,Yes,Yes,Yes,Yes,2831
4607,29.7,20.7,51.3,0.62,701,No,No,Yes,Yes,5071
4608,26.6,47.6,48.0,7.95,0,No,No,No,No,NA
4609,6.1,77.1,12.0,6.41,0,No,No,No,No,NA
4610,41.6,11.5,103.1,0.94,2494,No,Yes,Yes,Yes,6403
4611,26.1,38.2,48.5,6.55,0,No,No,No,No,NA
4612,16.9,58.8,26.3,18.56,0,No,No,No,No,NA
4613,19.2,62.7,21.5,6.28,0,No,No,Yes,No,NA
4614,39.7,23.3,40.0,1.48,0,No,No,Yes,No,NA
4615,25.3,35.6,38.5,0.95,46,Yes,Yes,Yes,Yes,728
4616,26.2,20.5,62.7,3.62,382,No,Yes,Yes,Yes,1000
4617,20.4,59.5,26.4,14.53,0,No,No,No,No,NA
4618,34.1,17.2,53.5,1.64,334,No,No,Yes,Yes,1414
4619,31.1,26.9,40.7,1.74,0,No,Yes,Yes,No,NA
4620,20.4,71.5,38.7,10.98,0,No,No,No,No,NA
4621,33.3,20.3,58.6,1.52,247,No,Yes,Yes,Yes,4316
4622,23.4,40.6,48.0,2.05,0,No,No,No,No,NA
4623,32.4,17.6,71.7,1.83,1814,No,No,Yes,Yes,2477
4624,5.8,89.2,15.9,28.02,0,No,No,No,No,NA
4625,38.4,25.2,98.4,0.44,1579,No,Yes,Yes,Yes,11729
4626,25.9,44.9,51.4,2.56,32,No,Yes,Yes,Yes,664
4627,33.6,20.8,96.9,0.9,209,No,Yes,Yes,Yes,7629
4628,14.5,75.8,32.7,9.07,0,No,No,No,No,NA
4629,21.3,75.9,23.3,18.21,0,No,No,Yes,No,NA
4630,30.2,35.6,50.9,0.95,858,Yes,Yes,Yes,Yes,1546
4631,39.0,10.4,36.0,0.08,328,No,No,Yes,Yes,1712
4632,27.7,33.7,45.8,2.08,0,No,No,No,No,NA
4633,34.2,13.2,81.3,0.11,0,No,No,Yes,No,NA
4634,19.9,20.2,49.9,2.16,0,No,No,Yes,No,NA
4635,33.3,20.9,78.9,0.07,2220,No,No,Yes,Yes,4394
4636,32.9,15.7,57.8,0.16,0,No,No,Yes,No,NA
4637,22.6,53.3,24.3,2.03,0,No,No,No,No,NA
4638,27.9,31.0,55.1,0.32,670,No,Yes,Yes,Yes,1058
4639,34.3,15.4,54.8,0.72,1002,No,No,Yes,Yes,1715
4640,21.7,52.6,24.0,5.58,0,No,No,No,No,NA
4641,33.2,24.3,49.3,0.48,1159,No,No,Yes,Yes,3750
4642,7.3,87.4,24.2,27.7,0,No,No,No,No,NA
4643,33.1,16.0,75.3,0.18,1264,No,No,Yes,Yes,5317
4644,43.6,10.7,31.4,0.08,745,No,Yes,Yes,Yes,355
4645,41.0,13.5,61.2,0.08,127,No,Yes,Yes,Yes,8730
4646,34.7,14.4,33.5,0.36,22,No,Yes,Yes,Yes,3761
4647,13.5,76.3,10.4,9.5,0,No,No,No,No,NA
4648,37.2,21.2,76.5,1.58,27,No,No,Yes,Yes,1547
4649,40.2,19.7,57.7,0.29,1474,No,Yes,Yes,Yes,2739
4650,31.4,36.8,40.5,0.18,0,No,No,Yes,No,NA
4651,29.0,33.5,40.9,1.06,275,No,Yes,Yes,Yes,749
4652,31.9,44.8,51.3,2.74,0,No,No,No,No,NA
4653,15.8,60.2,30.1,12.53,0,No,No,No,No,NA
4654,19.9,61.2,14.6,16.66,0,No,No,No,No,NA
4655,32.0,20.1,55.1,1.09,10,No,Yes,Yes,Yes,1139
4656,23.0,49.9,23.7,1.59,0,No,No,No,No,NA
4657,24.7,35.4,42.7,4.42,85,No,Yes,Yes,Yes,2742
4658,32.2,20.4,56.6,0.75,436,No,No,Yes,Yes,329
4659,27.5,34.5,28.5,0.44,0,No,No,No,No,NA
4660,12.4,67.7,27.9,22.71,0,No,No,No,No,NA
4661,31.0,26.0,58.1,0.65,788,No,Yes,Yes,Yes,2074
4662,38.4,16.2,32.9,0.25,452,No,Yes,Yes,Yes,210
4663,20.1,44.4,31.7,2.44,0,No,No,No,No,NA
4664,25.0,53.6,32.3,3.25,23,No,No,Yes,Yes,984
4665,27.6,32.8,61.6,0.36,108,No,Yes,Yes,Yes,1151
4666,34.1,18.2,75.8,1.52,919,No,Yes,Yes,Yes,4598
4667,38.9,21.6,63.6,0.86,296,No,No,Yes,Yes,1815
4668,18.4,78.1,39.3,12.78,0,No,No,No,No,NA
4669,18.4,63.7,23.9,16.45,0,No,No,No,No,NA
4670,17.0,71.4,28.3,19.06,0,No,No,No,No,NA
4671,36.5,11.9,49.8,0.46,1386,Yes,Yes,Yes,Yes,3213
4672,35.9,23.2,54.7,1.19,0,No,No,Yes,No,NA
4673,17.6,63.3,7.8,7.61,0,No,No,No,No,NA
4674,39.5,14.3,54.4,0.12,1191,Yes,Yes,Yes,Yes,1563
4675,27.2,27.4,24.0,0.34,168,No,Yes,Yes,Yes,413
4676,20.3,30.9,34.9,2.16,196,No,No,Yes,Yes,195
4677,17.6,85.2,21.0,28.26,0,No,No,No,No,NA
4678,33.3,23.2,57.8,1.12,775,No,No,Yes,Yes,482
4679,21.9,31.2,60.0,0.17,0,No,No,No,No,NA
4680,40.9,23.8,65.2,0.34,393,No,No,Yes,Yes,1447
4681,38.6,16.0,66.7,1.51,0,No,No,No,No,NA
4682,32.3,32.4,41.7,0.53,691,Yes,Yes,Yes,Yes,837
4683,18.4,63.5,30.9,23.61,0,No,No,No,No,NA
4684,39.1,11.6,69.2,0.07,33,No,No,Yes,Yes,3166
4685,38.5,15.3,78.8,1.66,108,No,Yes,Yes,Yes,4471
4686,31.3,20.2,79.3,1.45,0,Yes,Yes,Yes,No,NA
4687,19.3,63.0,17.8,5.54,0,No,No,No,No,NA
4688,35.9,31.3,61.5,1.59,816,No,Yes,Yes,Yes,573
4689,19.6,72.5,20.5,9.32,0,No,No,No,No,NA
4690,12.5,81.4,29.2,22.0,0,No,No,No,No,NA
4691,28.2,32.5,42.7,1.45,305,No,Yes,Yes,Yes,57
4692,27.2,44.9,20.9,6.96,0,No,No,No,No,NA
4693,10.6,84.2,12.5,17.67,0,No,No,No,No,NA
4694,25.3,37.7,56.4,0.74,0,Yes,Yes,Yes,No,NA
4695,17.6,69.4,31.5,14.26,0,No,No,No,No,NA
4696,18.8,66.3,29.5,15.5,0,No,No,No,No,NA
4697,40.2,21.5,90.2,0.1,917,Yes,Yes,Yes,Yes,5310
4698,20.3,61.9,26.2,11.8,0,No,No,No,No,NA
4699,38.8,22.1,44.1,1.61,777,No,No,Yes,Yes,3803
4700,40.6,23.0,31.0,0.49,648,No,No,Yes,Yes,275
4701,36.5,15.6,68.9,1.5,770,No,No,Yes,Yes,3517
4702,22.7,43.4,29.3,1.38,0,No,No,Yes,No,NA
4703,22.1,35.3,15.6,3.91,18,No,No,Yes,Yes,169
4704,30.4,22.9,58.3,0.57,0,No,No,Yes,No,NA
4705,27.7,50.9,30.4,5.26,0,No,No,No,No,NA
4706,35.7,27.9,101.8,0.54,0,Yes,Yes,Yes,No,NA
4707,33.6,29.2,65.9,1.08,1293,No,No,Yes,Yes,3283
4708,37.1,19.5,57.3,0.02,4,Yes,Yes,Yes,Yes,1620
4709,11.7,81.7,9.5,39.17,0,No,No,No,No,NA
4710,23.3,69.0,15.5,11.01,0,No,No,No,No,NA
4711,36.4,21.7,66.5,0.32,17,No,Yes,Yes,Yes,6689
4712,38.3,31.0,70.8,1.64,1456,No,Yes,Yes,Yes,1128
4713,21.0,43.7,20.4,7.1,274,No,Yes,Yes,Yes,742
4714,28.1,16.9,62.4,1.26,311,No,No,Yes,Yes,1021
4715,26.8,25.6,40.9,2.98,0,No,Yes,Yes,No,NA
4716,23.5,39.4,33.4,0.85,0,No,Yes,Yes,No,NA
4717,37.5,24.3,106.6,0.67,1401,No,Yes,Yes,Yes,10847
4718,27.6,27.0,28.4,1.32,510,No,Yes,Yes,Yes,903
4719,33.9,22.6,41.3,0.87,656,No,No,Yes,Yes,3487
4720,36.7,21.8,67.3,0.63,757,No,Yes,Yes,Yes,4296
4721,28.1,23.2,74.9,0.62,129,No,No,Yes,Yes,4203
4722,41.1,25.0,51.2,0.11,331,No,No,Yes,Yes,3583
4723,24.5,34.7,38.0,1.87,99,No,Yes,Yes,Yes,1227
4724,19.4,37.6,30.4,1.58,81,No,Yes,Yes,Yes,413
4725,25.0,49.7,33.4,5.4,0,No,Yes,Yes,Yes,456
4726,25.4,38.3,38.8,0.58,0,No,No,No,No,NA
4727,41.1,13.6,84.7,0.48,411,No,No,Yes,Yes,1958
4728,24.1,50.4,39.8,6.31,0,No,No,No,No,NA
4729,17.4,74.9,25.0,9.19,0,No,No,No,No,NA
4730,32.1,14.1,44.4,0.14,0,No,Yes,Yes,No,NA
4731,21.7,28.3,44.1,0.25,0,No,No,No,No,NA
4732,23.5,37.4,20.7,1.91,0,No,No,No,No,NA
4733,27.3,32.4,68.3,0.12,12,No,No,Yes,Yes,2310
4734,19.0,66.9,19.9,22.85,0,No,Yes,Yes,No,NA
4735,31.1,36.2,27.8,1.07,252,No,Yes,Yes,Yes,683
4736,31.3,24.4,67.3,1.62,52,No,Yes,Yes,Yes,2778
4737,28.2,28.1,52.8,1.75,0,No,No,No,No,NA
4738,24.3,24.5,34.0,1.14,0,No,No,No,No,NA
4739,29.8,20.8,43.1,0.38,248,Yes,Yes,Yes,Yes,87
4740,33.7,23.7,77.9,0.89,6,No,Yes,Yes,Yes,3396
4741,21.1,27.7,26.1,2.18,0,No,Yes,Yes,No,NA
4742,28.9,47.0,37.5,2.9,0,No,No,No,No,NA
4743,29.0,30.9,59.6,0.99,822,No,No,Yes,Yes,452
4744,28.9,22.4,63.7,3.48,9,No,Yes,Yes,Yes,2495
4745,16.3,61.3,22.8,13.3,0,No,No,No,No,NA
4746,15.6,66.1,37.7,7.07,0,No,No,No,No,NA
4747,29.8,26.4,59.7,0.55,0,No,No,No,No,NA
4748,20.9,65.4,27.5,9.5,0,No,No,No,No,NA
4749,37.1,31.9,49.1,0.8,417,No,No,Yes,Yes,2624
4750,29.0,52.7,34.9,5.68,0,No,No,No,No,NA
4751,29.6,22.2,54.1,1.91,0,Yes,Yes,Yes,No,NA
4752,32.1,28.0,68.4,0.34,0,No,No,No,No,NA
4753,22.2,38.1,59.0,0.77,0,No,No,No,No,NA
4754,37.4,14.8,57.7,0.03,1909,Yes,Yes,Yes,Yes,4737
4755,28.9,35.7,43.9,1.72,294,No,Yes,Yes,Yes,1728
4756,34.4,23.5,58.7,0.27,5,No,Yes,Yes,Yes,141
4757,18.2,39.9,45.9,3.6,0,No,Yes,Yes,No,NA
4758,40.4,21.5,70.9,0.23,219,No,No,Yes,Yes,6548
4759,22.9,23.5,57.7,1.22,583,No,No,Yes,Yes,3300
4760,40.9,15.8,32.6,0.08,420,Yes,Yes,Yes,Yes,2294
4761,18.2,26.4,49.1,1.91,0,No,No,No,No,NA
4762,25.6,35.2,49.6,1.96,1163,No,Yes,Yes,Yes,708
4763,29.3,41.0,17.6,2.99,0,Yes,Yes,Yes,No,NA
4764,29.1,31.8,26.0,2.49,0,No,No,Yes,No,NA
4765,25.4,32.3,36.5,0.57,0,No,No,No,No,NA
4766,31.3,26.1,43.7,1.35,0,No,No,No,No,NA
4767,43.2,8.2,85.4,0.36,2554,No,No,Yes,Yes,12726
4768,30.1,38.3,26.4,2.07,476,Yes,Yes,Yes,Yes,37
4769,20.9,63.9,12.4,7.96,0,No,No,No,No,NA
4770,32.0,17.9,64.8,0.63,1086,No,No,Yes,Yes,2043
4771,40.9,10.9,84.1,0.36,2874,Yes,Yes,Yes,Yes,10613
4772,25.5,36.3,61.3,2.25,0,No,Yes,Yes,No,NA
4773,36.2,27.6,80.1,0.8,63,No,Yes,Yes,Yes,9291
4774,21.2,33.6,50.4,1.03,151,No,Yes,Yes,Yes,207
4775,21.0,29.8,30.0,4.0,0,No,No,No,No,NA
4776,20.8,49.8,34.5,5.04,0,No,Yes,Yes,No,NA
4777,40.2,15.2,86.3,0.45,174,Yes,Yes,Yes,Yes,1534
4778,13.7,88.1,19.8,29.09,0,No,No,No,No,NA
4779,15.6,87.2,14.8,39.47,0,No,No,No,No,NA
4780,32.2,12.8,43.6,0.36,1372,No,Yes,Yes,Yes,417
4781,13.7,78.5,16.3,24.79,0,No,Yes,Yes,No,NA
4782,26.1,28.1,21.6,0.33,0,No,No,Yes,No,NA
4783,15.3,71.9,6.8,8.12,0,No,No,No,No,NA
4784,38.7,23.4,71.1,0.19,310,No,Yes,Yes,Yes,1698
4785,33.8,38.0,27.8,0.18,0,No,No,No,No,NA
4786,30.2,34.2,31.1,1.12,69,No,Yes,Yes,Yes,2528
4787,21.3,58.9,18.1,9.5,0,No,No,No,No,NA
4788,16.4,70.1,21.6,24.22,0,No,No,No,No,NA
4789,27.8,41.9,43.8,2.8,0,No,No,Yes,No,NA
4790,20.4,83.6,20.8,10.59,0,No,No,No,No,NA
4791,38.0,29.2,63.5,0.04,0,Yes,Yes,Yes,No,NA
4792,33.4,16.1,84.0,0.95,173,No,No,Yes,Yes,6291
4793,35.7,28.2,55.9,1.71,0,No,No,Yes,No,NA
4794,12.9,66.1,14.2,5.44,0,No,No,No,No,NA
4795,20.8,72.5,21.2,10.03,0,No,No,No,No,NA
4796,22.9,51.4,48.4,2.15,0,No,Yes,Yes,No,NA
4797,21.1,36.0,39.0,3.88,0,Yes,Yes,Yes,No,NA
4798,19.7,27.4,61.2,0.9,0,No,No,Yes,No,NA
4799,34.4,18.4,57.3,0.21,1515,No,Yes,Yes,Yes,454
4800,21.5,66.8,10.2,4.03,0,No,No,No,No,NA
4801,35.2,22.1,51.4,1.36,0,No,No,Yes,No,NA
4802,33.9,23.7,65.6,0.12,626,No,No,Yes,Yes,1681
4803,38.4,31.0,47.0,1.13,203,No,Yes,Yes,Yes,2460
4804,15.7,76.8,25.4,11.16,0,No,No,No,No,NA
4805,32.9,16.5,99.0,0.08,182,No,No,Yes,Yes,3124
4806,18.3,33.5,47.5,1.3,0,No,No,Yes,No,NA
4807,32.1,8.4,46.0,0.37,10,No,No,Yes,Yes,4518
4808,31.6,23.9,57.1,1.62,209,Yes,Yes,Yes,Yes,1851
4809,28.4,35.8,38.1,2.51,401,Yes,Yes,Yes,Yes,1420
4810,19.1,61.1,20.0,14.48,0,No,No,No,No,NA
4811,36.1,23.4,43.7,0.04,729,No,No,Yes,Yes,1641
4812,30.6,35.2,42.4,0.15,0,No,No,No,No,NA
4813,16.0,93.4,14.4,12.45,0,No,No,No,No,NA
4814,21.9,57.6,9.8,16.38,0,No,No,No,No,NA
4815,22.3,70.4,16.3,17.33,0,No,No,No,No,NA
4816,13.3,85.3,12.7,24.1,0,No,No,No,No,NA
4817,35.5,27.3,58.4,0.21,593,No,No,Yes,Yes,3335
4818,26.5,21.7,27.9,1.72,0,No,No,No,No,NA
4819,31.4,26.8,101.4,0.03,854,Yes,Yes,Yes,Yes,2559
4820,42.8,27.6,65.3,0.99,523,No,No,Yes,Yes,7527
4821,19.4,33.8,54.8,2.3,0,No,No,No,No,NA
4822,42.5,29.1,102.5,0.43,1498,No,No,Yes,Yes,10192
4823,7.8,75.7,20.3,29.25,0,No,No,No,No,NA
4824,17.3,69.0,39.7,14.96,0,No,No,No,No,NA
4825,28.6,35.8,20.5,1.73,0,No,No,Yes,No,NA
4826,33.5,24.0,65.8,1.53,418,No,No,Yes,Yes,5207
4827,31.9,27.0,26.2,1.62,24,No,Yes,Yes,Yes,82
4828,33.0,19.6,56.4,0.14,0,No,No,Yes,No,NA
4829,24.6,36.5,37.4,0.9,116,No,Yes,Yes,Yes,394
4830,20.9,65.3,19.3,2.55,0,No,No,No,No,NA
4831,22.6,40.3,20.2,3.2,45,Yes,Yes,Yes,Yes,377
4832,27.3,24.8,21.9,0.01,0,No,No,Yes,No,NA
4833,15.8,61.8,17.5,7.54,0,No,No,No,No,NA
4834,22.9,41.5,48.7,1.59,0,No,No,Yes,No,NA
4835,35.0,26.0,105.3,0.66,901,No,No,Yes,Yes,3939
4836,27.4,38.9,65.1,0.28,588,Yes,Yes,Yes,Yes,1156
4837,38.3,13.0,68.4,0.08,565,No,No,Yes,Yes,5629
4838,19.2,71.8,19.8,5.73,0,No,No,No,No,NA
4839,27.6,21.7,43.7,2.43,0,No,Yes,Yes,No,NA
4840,20.3,66.3,39.9,11.02,0,No,No,No,No,NA
4841,33.3,21.0,89.3,0.68,1928,Yes,Yes,Yes,Yes,2961
4842,30.4,24.2,74.9,0.2,909,No,No,Yes,Yes,5029
4843,28.9,36.7,20.0,2.9,0,No,No,Yes,No,NA
4844,31.4,32.5,24.3,0.01,0,No,Yes,Yes,No,NA
4845,21.3,22.4,42.8,1.9,0,No,No,No,No,NA
4846,20.6,82.9,31.5,3.58,0,No,No,No,No,NA
4847,29.4,20.4,53.8,0.04,69,Yes,Yes,Yes,Yes,1588
4848,35.9,18.7,107.9,0.88,4127,No,No,Yes,Yes,99
4849,34.2,33.4,22.7,1.72,40,No,Yes,Yes,Yes,987
4850,16.3,76.1,27.3,4.95,0,No,No,No,No,NA
4851,33.8,19.7,52.0,0.65,455,No,Yes,Yes,Yes,2599
4852,37.4,16.8,51.8,0.33,325,No,Yes,Yes,Yes,1898
4853,13.9,70.4,30.5,9.65,0,No,No,No,No,NA
4854,16.2,83.4,37.8,8.88,0,No,No,No,No,NA
4855,15.9,76.4,36.0,15.89,0,No,No,No,No,NA
4856,23.7,71.9,9.9,4.17,0,No,No,No,No,NA
4857,22.7,36.3,45.1,1.03,207,No,Yes,Yes,Yes,1482
4858,39.1,32.5,75.6,1.39,755,No,No,Yes,Yes,19
4859,31.6,30.8,31.7,0.15,364,No,Yes,Yes,Yes,1440
4860,25.3,44.4,20.5,2.51,184,No,Yes,Yes,Yes,370
4861,21.1,82.7,30.3,19.91,0,No,No,No,No,NA
4862,29.6,25.1,48.7,1.98,693,No,Yes,Yes,Yes,1738
4863,18.6,78.3,28.3,9.07,0,No,No,No,No,NA
4864,21.6,40.7,25.2,1.54,0,No,No,No,No,NA
4865,26.3,30.0,26.3,0.56,0,No,No,No,No,NA
4866,12.0,88.9,22.5,30.98,0,No,No,No,No,NA
4867,27.8,32.4,33.9,0.93,0,No,No,Yes,No,NA
4868,22.5,26.4,46.1,1.05,99,No,No,Yes,Yes,583
4869,42.3,10.1,81.5,0.99,631,No,Yes,Yes,Yes,2200
4870,28.3,37.4,21.9,1.4,0,No,No,No,No,NA
4871,31.3,25.4,65.4,0.99,0,No,No,No,No,NA
4872,26.3,44.5,54.5,0.06,0,No,No,No,No,NA
4873,34.4,18.4,75.1,1.34,1186,No,Yes,Yes,Yes,5291
4874,25.5,37.0,44.6,3.88,0,Yes,Yes,Yes,No,NA
4875,38.6,11.3,58.6,0.68,408,Yes,Yes,Yes,Yes,645
4876,36.5,17.7,69.3,1.47,1575,Yes,Yes,Yes,Yes,1803
4877,26.3,35.6,42.2,3.41,0,No,Yes,Yes,No,NA
4878,27.4,26.8,29.5,1.57,0,No,No,No,No,NA
4879,34.2,23.7,102.7,0.05,539,No,Yes,Yes,Yes,4380
4880,16.4,78.0,19.5,8.45,0,No,No,No,No,NA
4881,16.4,70.7,17.4,7.12,0,No,Yes,Yes,No,NA
4882,32.6,24.4,47.9,1.53,1175,No,Yes,Yes,Yes,2500
4883,40.1,21.5,109.1,0.71,356,Yes,Yes,Yes,Yes,4728
4884,21.0,76.8,13.7,19.69,0,No,No,No,No,NA
4885,23.0,46.3,49.7,4.81,0,No,No,No,No,NA
4886,32.1,26.1,29.5,2.09,0,No,No,No,No,NA
4887,26.2,40.3,40.2,2.43,0,No,No,No,No,NA
4888,39.3,20.3,46.0,0.42,220,No,No,Yes,Yes,514
4889,34.4,20.1,52.4,0.44,647,No,Yes,Yes,Yes,2517
4890,13.5,78.2,23.6,13.66,0,No,No,No,No,NA
4891,7.0,92.4,13.4,26.01,0,No,No,No,No,NA
4892,15.6,81.1,24.0,27.09,0,No,No,No,No,NA
4893,33.7,29.5,54.0,0.32,0,No,No,No,No,NA
4894,33.3,31.3,20.7,1.82,8,Yes,Yes,Yes,Yes,10
4895,31.0,43.9,48.8,1.85,738,No,No,Yes,Yes,1993
4896,28.7,32.1,29.6,0.44,11,No,No,Yes,Yes,254
4897,24.2,73.0,22.5,18.32,0,No,No,No,No,NA
4898,21.1,35.8,58.7,2.08,0,Yes,Yes,Yes,No,NA
4899,28.6,40.3,40.4,0.28,0,No,No,No,No,NA
4900,25.5,27.4,26.4,0.97,246,Yes,Yes,Yes,Yes,869
4901,29.8,20.6,67.7,0.12,446,No,Yes,Yes,Yes,2481
4902,39.0,21.0,75.3,0.37,570,No,No,Yes,Yes,4899
4903,34.4,38.2,38.7,1.72,58,No,No,Yes,Yes,1991
4904,26.6,21.5,21.8,0.88,0,Yes,Yes,Yes,No,NA
4905,5.8,82.0,13.9,21.94,0,No,No,No,No,NA
4906,25.0,30.9,20.8,1.52,4,No,No,Yes,Yes,1141
4907,26.2,38.9,56.4,1.52,141,No,Yes,Yes,Yes,1596
4908,7.9,74.6,18.1,13.09,0,No,No,No,No,NA
4909,37.3,24.1,43.3,0.3,180,Yes,Yes,Yes,Yes,4142
4910,28.9,23.0,50.4,1.22,344,No,Yes,Yes,Yes,353
4911,5.6,87.9,20.9,15.35,0,No,No,No,No,NA
4912,19.6,25.6,65.0,0.91,225,No,No,Yes,Yes,663
4913,17.8,64.6,27.3,3.64,0,No,No,No,No,NA
4914,20.7,74.9,7.8,13.84,0,No,No,No,No,NA
4915,19.5,63.6,22.6,17.56,0,No,No,No,No,NA
4916,29.4,23.1,53.6,1.59,413,No,No,Yes,Yes,186
4917,31.4,24.8,106.9,0.16,2173,No,Yes,Yes,Yes,3280
4918,29.0,18.5,62.0,0.55,111,No,No,Yes,Yes,836
4919,34.4,28.1,67.3,0.12,594,No,Yes,Yes,Yes,863
4920,16.2,66.7,27.5,22.77,0,No,No,No,No,NA
4921,26.1,38.1,17.1,7.98,0,No,No,No,No,NA
4922,32.3,29.9,32.5,1.61,0,No,No,No,No,NA
4923,20.7,34.8,30.1,2.56,0,No,No,No,No,NA
4924,14.6,72.7,30.8,24.11,0,No,No,No,No,NA
4925,32.2,14.1,54.1,0.07,9,No,Yes,Yes,Yes,1322
4926,27.3,41.4,44.0,2.51,0,No,No,No,No,NA
4927,28.3,20.6,51.6,0.61,245,No,Yes,Yes,Yes,288
4928,32.8,17.2,49.4,1.88,267,No,Yes,Yes,Yes,966
4929,25.0,33.6,58.1,0.22,331,No,No,Yes,Yes,234
4930,16.8,68.4,11.7,4.65,0,No,No,No,No,NA
4931,37.5,26.2,71.8,1.45,0,No,No,No,No,NA
4932,19.8,30.9,33.1,2.16,0,No,Yes,Yes,No,NA
4933,17.4,72.3,6.3,15.26,12,Yes,Yes,Yes,Yes,43
4934,19.6,79.5,11.4,3.76,0,No,No,No,No,NA
4935,15.3,76.5,27.9,2.18,0,No,No,No,No,NA
4936,32.7,42.6,57.0,0.98,0,No,No,Yes,No,NA
4937,24.1,66.6,10.6,2.86,91,No,No,Yes,Yes,129
4938,31.1,29.5,41.9,1.57,0,No,No,No,No,NA
4939,30.7,37.3,34.4,0.35,0,No,No,Yes,No,NA
4940,22.0,75.7,24.8,15.1,0,No,No,No,No,NA
4941,20.4,52.7,26.6,2.88,0,No,No,No,No,NA
4942,31.8,26.6,49.2,1.34,2,No,Yes,Yes,Yes,2382
4943,40.0,10.6,52.7,0.03,1473,No,Yes,Yes,Yes,40
4944,24.5,27.9,55.8,0.96,18,Yes,Yes,Yes,Yes,3546
4945,25.7,42.6,43.4,0.55,0,No,No,No,No,NA
4946,24.3,39.6,50.1,2.27,76,No,Yes,Yes,Yes,585
4947,33.4,38.6,43.4,0.94,0,No,No,Yes,No,NA
4948,23.2,61.3,16.7,6.01,0,No,No,No,No,NA
4949,40.0,21.6,60.5,0.49,211,No,No,Yes,Yes,178
4950,30.1,32.7,70.5,1.77,121,No,No,Yes,Yes,1358
4951,20.0,83.8,10.2,22.52,0,No,No,No,No,NA
4952,25.4,38.6,36.1,2.96,224,Yes,Yes,Yes,Yes,624
4953,32.3,38.1,29.6,0.63,0,No,No,No,No,NA
4954,26.9,37.3,59.0,0.78,102,No,Yes,Yes,Yes,3108
4955,39.8,11.7,57.3,0.17,698,Yes,Yes,Yes,Yes,2275
4956,30.6,13.2,61.5,0.9,665,No,Yes,Yes,Yes,429
4957,30.4,20.5,68.3,0.92,1220,Yes,Yes,Yes,Yes,3882
4958,40.7,21.9,79.2,0.71,2924,No,No,Yes,Yes,2230
4959,37.6,21.6,90.3,0.71,1398,No,No,Yes,Yes,5189
4960,20.0,49.0,43.4,2.15,55,Yes,Yes,Yes,Yes,200
4961,19.4,69.0,16.6,3.55,0,No,No,No,No,NA
4962,15.7,78.7,38.6,11.3,21,No,No,Yes,Yes,179
4963,31.5,24.7,45.3,0.75,31,No,Yes,Yes,Yes,917
4964,17.5,65.6,29.0,23.21,0,No,No,No,No,NA
4965,26.7,38.2,60.0,0.01,634,No,Yes,Yes,Yes,1307
4966,35.9,12.9,39.7,0.36,786,No,Yes,Yes,Yes,5905
4967,25.1,42.6,43.3,4.63,0,No,No,Yes,No,NA
4968,27.4,36.7,53.2,2.41,0,No,No,Yes,No,NA
4969,27.7,34.6,50.9,0.56,0,Yes,Yes,Yes,No,NA
4970,29.6,22.6,60.5,3.69,0,No,No,No,No,NA
4971,38.3,29.7,84.5,0.91,14,Yes,Yes,Yes,Yes,8644
4972,22.3,20.7,63.3,2.39,0,No,No,No,No,NA
4973,27.7,33.2,51.0,1.34,0,No,No,No,No,NA
4974,31.4,30.4,63.7,1.25,0,No,No,No,No,NA
4975,33.1,25.5,65.9,0.85,0,No,No,No,No,NA
4976,5.6,80.7,15.8,16.93,0,No,No,No,No,NA
4977,13.9,70.9,10.6,23.73,0,No,No,Yes,No,NA
4978,35.2,23.6,51.9,1.01,0,No,No,Yes,No,NA
4979,17.5,90.7,19.5,32.39,0,No,No,No,No,NA
4980,35.9,27.7,97.3,0.77,1017,No,No,Yes,Yes,2487
4981,33.6,22.1,59.3,0.25,607,No,No,Yes,Yes,2262
4982,24.8,54.8,18.7,6.46,0,No,No,No,No,NA
4983,36.8,23.3,62.6,1.62,354,No,No,Yes,Yes,647
4984,41.9,21.7,34.9,0.22,32,No,No,Yes,Yes,1175
4985,13.3,81.5,12.6,9.45,0,No,No,No,No,NA
4986,40.6,24.6,62.1,0.13,17,No,Yes,Yes,Yes,245
4987,18.9,78.2,28.6,24.29,0,No,No,No,No,NA
4988,8.6,73.6,6.2,29.62,0,No,No,No,No,NA
4989,14.5,71.2,34.8,7.44,0,No,No,No,No,NA
4990,22.3,54.7,18.4,2.62,0,No,No,No,No,NA
4991,39.7,22.0,62.3,0.41,1159,No,No,Yes,Yes,685
4992,25.1,42.6,23.0,3.16,2,Yes,Yes,Yes,Yes,888
4993,23.8,32.4,25.5,2.85,0,No,No,Yes,No,NA
4994,35.8,20.9,69.6,1.24,0,No,No,Yes,No,NA
4995,25.7,39.8,53.4,0.9,0,No,No,No,No,NA
4996,26.0,31.7,38.2,1.49,505,Yes,Yes,Yes,Yes,640
4997,22.3,40.9,50.2,2.58,0,No,No,Yes,No,NA
4998,35.4,27.3,70.7,0.03,663,Yes,Yes,Yes,Yes,4671
4999,44.5,15.4,74.6,0.34,577,No,No,Yes,Yes,479
5000,22.3,52.0,45.7,7.21,0,No,No,No,No,NA
5001,12.3,67.5,35.7,20.56,0,No,No,No,No,NA
5002,41.7,29.6,65.5,0.14,287,No,No,Yes,Yes,2800
5003,23.4,71.9,21.3,12.42,0,No,No,No,No,NA
5004,18.5,84.1,38.7,15.85,0,No,No,No,No,NA
5005,44.0,13.6,68.9,0.24,654,Yes,Yes,Yes,Yes,4115
5006,27.1,38.1,40.3,2.85,0,No,No,Yes,No,NA
5007,39.2,18.7,88.5,0.04,352,No,Yes,Yes,Yes,6116
5008,26.0,37.6,30.8,5.24,110,No,Yes,Yes,Yes,1014
5009,23.1,42.4,27.9,1.59,315,No,No,Yes,Yes,672
5010,26.7,36.6,40.8,0.61,0,No,No,No,No,NA
5011,40.7,27.4,57.3,0.34,990,No,Yes,Yes,Yes,2567
5012,25.6,32.9,39.3,0.83,0,No,Yes,Yes,No,NA
5013,32.2,34.7,37.1,1.37,0,Yes,Yes,Yes,No,NA
5014,38.8,27.0,42.2,0.1,733,No,No,Yes,Yes,3539
5015,34.3,24.5,63.9,0.71,717,Yes,Yes,Yes,Yes,1940
5016,21.2,59.1,29.6,14.75,0,No,No,No,No,NA
5017,6.2,73.7,14.2,26.84,0,No,No,No,No,NA
5018,25.7,32.0,60.0,0.27,0,Yes,Yes,Yes,No,NA
5019,11.7,88.8,14.8,34.53,0,No,No,No,No,NA
5020,25.1,44.2,30.5,0.55,0,No,No,No,No,NA
5021,6.7,81.4,6.5,29.56,0,No,No,No,No,NA
5022,27.9,20.8,41.5,0.5,0,No,Yes,Yes,No,NA
5023,32.1,20.4,66.1,0.4,200,Yes,Yes,Yes,Yes,1308
5024,41.1,22.6,71.6,0.42,1405,No,Yes,Yes,Yes,845
5025,14.9,74.3,13.5,8.8,0,No,No,No,No,NA
5026,6.5,73.2,13.3,14.19,0,No,No,No,No,NA
5027,24.9,52.2,15.3,4.57,0,No,No,No,No,NA
5028,32.4,16.0,60.5,0.3,0,Yes,Yes,Yes,No,NA
5029,35.2,19.4,99.6,0.11,417,No,Yes,Yes,Yes,2013
5030,12.2,66.3,27.0,4.92,0,No,No,No,No,NA
5031,9.0,72.9,7.9,16.77,0,No,No,No,No,NA
5032,35.0,27.2,65.4,0.76,359,No,Yes,Yes,Yes,4248
5033,6.7,90.2,19.6,27.11,0,Yes,Yes,Yes,No,NA
5034,11.7,76.7,22.5,24.9,0,No,No,No,No,NA
5035,31.3,31.0,73.4,0.13,771,Yes,Yes,Yes,Yes,3210
5036,12.0,92.9,6.7,30.87,0,No,No,No,No,NA
5037,16.4,78.7,38.1,21.47,0,No,No,No,No,NA
5038,28.7,49.8,25.6,0.57,0,Yes,Yes,Yes,No,NA
5039,21.9,22.8,55.5,3.73,5,Yes,Yes,Yes,Yes,865
5040,24.7,56.0,23.7,3.98,0,No,No,No,No,NA
5041,29.3,35.1,44.4,1.17,86,No,No,Yes,Yes,231
5042,32.1,18.4,67.8,1.92,1148,No,No,Yes,Yes,3492
5043,12.1,88.4,18.8,12.86,0,No,No,No,No,NA
5044,39.8,25.1,73.4,0.22,208,No,No,Yes,Yes,2843
5045,22.3,48.9,46.0,6.12,71,Yes,Yes,Yes,Yes,454
5046,15.1,75.4,14.7,5.46,0,No,No,No,No,NA
5047,31.8,38.3,50.9,1.97,0,No,No,No,No,NA
5048,18.0,61.3,8.9,18.6,0,No,No,No,No,NA
5049,32.2,27.4,47.7,1.73,967,No,Yes,Yes,Yes,2764
5050,29.5,42.2,22.2,1.0,0,No,No,No,No,NA
5051,27.6,37.4,48.5,0.73,0,No,No,No,No,NA
5052,26.1,40.6,46.5,1.74,508,No,No,Yes,Yes,1199
5053,23.9,26.1,45.8,0.11,413,No,Yes,Yes,Yes,1088
5054,41.4,22.2,50.5,0.04,273,No,Yes,Yes,Yes,1109
5055,30.3,32.7,69.9,1.48,58,No,No,Yes,Yes,1006
5056,21.5,31.5,55.8,0.35,699,No,No,Yes,Yes,749
5057,34.2,30.2,64.9,1.83,0,No,No,No,No,NA
5058,18.0,79.0,11.9,12.97,53,Yes,Yes,Yes,Yes,16
5059,39.9,19.6,67.8,0.36,214,No,No,Yes,Yes,2505
5060,43.7,23.8,51.9,0.15,374,Yes,Yes,Yes,Yes,1787
5061,31.4,30.7,56.9,0.92,0,No,No,No,No,NA
5062,25.6,33.4,57.8,0.07,346,No,No,Yes,Yes,469
5063,29.2,40.1,19.9,2.84,0,No,No,No,No,NA
5064,27.8,32.7,27.4,2.29,59,Yes,Yes,Yes,Yes,1494
5065,5.6,79.3,17.8,22.47,0,No,No,No,No,NA
5066,32.3,38.0,60.0,0.28,321,No,No,Yes,Yes,530
5067,32.1,20.1,26.9,1.0,87,Yes,Yes,Yes,Yes,1429
5068,44.2,19.5,81.2,0.48,1885,Yes,Yes,Yes,Yes,262
5069,10.8,74.4,22.1,38.14,0,No,Yes,Yes,No,NA
5070,23.1,43.6,36.1,1.76,0,No,No,No,No,NA
5071,17.2,77.3,29.4,16.66,0,No,No,No,No,NA
5072,20.1,58.4,5.2,16.82,0,No,No,No,No,NA
5073,37.6,20.3,87.5,0.37,3334,No,No,Yes,Yes,3026
5074,22.0,62.1,36.7,14.16,0,No,No,No,No,NA
5075,30.4,34.2,38.6,1.48,0,Yes,Yes,Yes,Yes,471
5076,33.8,38.4,70.0,1.02,626,No,No,Yes,Yes,638
5077,23.0,36.5,47.6,2.26,689,No,Yes,Yes,Yes,402
5078,23.8,42.0,36.7,4.8,0,No,Yes,Yes,No,NA
5079,22.1,39.4,61.1,0.85,0,No,Yes,Yes,No,NA
5080,27.7,29.6,26.9,0.65,0,No,No,No,No,NA
5081,12.7,84.9,24.6,6.27,0,No,No,No,No,NA
5082,21.0,51.4,41.1,4.4,0,No,No,No,No,NA
5083,15.8,76.7,21.6,38.55,0,No,No,No,No,NA
5084,6.7,73.3,22.6,22.16,0,No,No,No,No,NA
5085,28.6,31.0,29.4,0.67,376,No,Yes,Yes,Yes,1366
5086,28.5,32.3,67.1,1.31,138,No,No,Yes,Yes,3623
5087,33.5,34.5,64.2,1.7,782,No,No,Yes,Yes,1364
5088,25.9,42.9,27.5,1.14,48,No,Yes,Yes,Yes,858
5089,27.2,38.3,22.3,0.12,2,Yes,Yes,Yes,Yes,976
5090,13.0,71.4,13.1,39.6,0,No,No,No,No,NA
5091,37.3,11.4,51.0,0.18,192,No,No,Yes,Yes,2406
5092,28.6,21.9,66.0,1.49,188,No,No,Yes,Yes,3284
5093,28.3,35.1,32.0,4.05,0,No,Yes,Yes,No,NA
5094,23.6,54.9,15.6,1.53,0,No,No,Yes,No,NA
5095,21.4,33.2,52.9,3.1,194,Yes,Yes,Yes,Yes,162
5096,19.4,33.7,51.4,3.16,0,No,No,No,No,NA
5097,28.3,32.0,57.8,1.88,0,No,No,No,No,NA
5098,13.5,85.9,21.1,6.02,0,No,No,No,No,NA
5099,41.8,24.0,99.1,0.25,10,No,No,Yes,Yes,3383
5100,12.9,81.7,36.0,22.45,0,No,No,No,No,NA
5101,21.6,62.6,17.3,14.05,0,No,No,No,No,NA
5102,22.8,43.9,26.8,4.79,0,No,No,No,No,NA
5103,28.0,43.9,15.4,3.44,16,No,Yes,Yes,Yes,719
5104,23.3,46.8,44.2,0.99,0,No,Yes,Yes,No,NA
5105,20.3,20.1,49.7,1.16,928,No,No,Yes,Yes,1395
5106,29.9,21.6,61.2,0.99,105,No,Yes,Yes,Yes,1790
5107,33.2,28.9,86.0,0.71,994,Yes,Yes,Yes,Yes,2607
5108,18.1,81.5,18.7,15.8,0,No,No,No,No,NA
5109,32.3,23.5,31.7,0.26,0,No,No,No,No,NA
5110,22.8,44.8,54.8,0.09,126,No,Yes,Yes,Yes,252
5111,33.9,32.9,62.2,0.95,98,No,Yes,Yes,Yes,714
5112,38.7,15.8,53.0,0.88,512,No,No,Yes,Yes,925
5113,20.9,73.5,19.5,9.66,0,No,No,No,No,NA
5114,25.1,25.2,44.1,2.01,185,No,Yes,Yes,Yes,1712
5115,20.5,36.1,45.4,0.55,307,No,Yes,Yes,Yes,1908
5116,31.3,36.3,58.4,1.66,0,Yes,Yes,Yes,No,NA
5117,31.7,43.2,51.3,0.5,0,No,Yes,Yes,No,NA
5118,28.0,34.7,29.3,1.69,0,No,No,No,No,NA
5119,16.6,66.8,16.8,5.05,0,No,No,No,No,NA
5120,36.1,23.4,34.9,0.06,82,No,No,Yes,Yes,2330
5121,19.7,22.7,37.8,1.58,0,No,No,No,No,NA
5122,28.3,45.3,15.8,4.02,0,No,No,No,No,NA
5123,32.3,37.2,37.6,2.44,223,Yes,Yes,Yes,Yes,929
5124,26.9,39.2,27.9,0.06,2,No,No,Yes,Yes,395
5125,34.4,13.8,54.5,0.29,755,No,No,Yes,Yes,5833
5126,35.4,21.2,96.7,0.1,137,No,No,Yes,Yes,7524
5127,23.2,61.5,21.4,19.1,0,No,No,No,No,NA
5128,26.7,22.8,69.4,0.44,0,No,Yes,Yes,No,NA
5129,28.7,23.6,50.9,1.21,152,No,No,Yes,Yes,1483
5130,32.0,21.7,74.2,0.83,150,No,Yes,Yes,Yes,5079
5131,28.7,37.5,50.4,2.66,0,No,No,No,No,NA
5132,27.9,21.0,28.2,1.21,0,No,No,No,No,NA
5133,20.7,60.1,18.1,10.58,0,No,No,No,No,NA
5134,16.6,75.1,28.0,17.01,0,No,No,No,No,NA
5135,9.4,74.4,9.1,9.09,0,No,No,No,No,NA
5136,35.6,15.9,109.4,0.54,636,No,Yes,Yes,Yes,3355
5137,26.6,21.0,40.4,2.45,314,No,Yes,Yes,Yes,678
5138,12.1,91.5,17.3,14.92,0,No,No,No,No,NA
5139,26.2,37.7,56.3,2.6,0,No,No,No,No,NA
5140,27.2,34.4,44.6,1.05,97,No,Yes,Yes,Yes,632
5141,34.1,22.6,54.5,0.2,0,No,Yes,Yes,No,NA
5142,26.9,24.7,54.5,0.95,0,Yes,Yes,Yes,No,NA
5143,13.1,71.2,21.4,3.8,0,No,No,No,No,NA
5144,8.2,80.6,18.6,9.14,0,No,No,No,No,NA
5145,37.9,26.9,61.2,0.79,305,No,Yes,Yes,Yes,5939
5146,13.5,71.8,23.8,29.98,0,No,No,No,No,NA
5147,40.9,14.9,74.7,0.08,1871,No,Yes,Yes,Yes,1319
5148,26.9,38.1,21.5,0.96,16,Yes,Yes,Yes,Yes,1283
5149,28.0,33.9,65.9,1.73,370,No,Yes,Yes,Yes,2353
5150,29.6,34.4,56.6,1.75,330,No,Yes,Yes,Yes,778
5151,39.1,25.3,99.4,0.07,2504,No,No,Yes,Yes,1788
5152,27.6,24.9,46.8,0.47,341,Yes,Yes,Yes,Yes,2363
5153,35.5,23.3,36.7,0.35,127,Yes,Yes,Yes,Yes,2122
5154,32.7,30.4,75.6,0.81,685,No,No,Yes,Yes,2811
5155,19.6,72.6,33.7,22.81,0,No,No,No,No,NA
5156,32.6,33.0,60.1,1.5,0,No,No,No,No,NA
5157,15.7,79.0,27.4,9.32,0,No,No,Yes,No,NA
5158,39.8,25.9,61.4,0.17,232,No,Yes,Yes,Yes,659
5159,27.2,53.8,17.3,4.6,42,No,Yes,Yes,Yes,555
5160,15.4,68.3,22.0,24.03,0,No,No,No,No,NA
5161,37.4,21.0,78.0,0.51,3225,No,No,Yes,Yes,3233
5162,37.4,20.5,40.9,0.0,479,No,Yes,Yes,Yes,4276
5163,23.3,51.3,25.7,1.07,64,No,No,Yes,Yes,557
5164,20.9,39.4,49.3,1.8,112,Yes,Yes,Yes,Yes,708
5165,33.9,27.1,53.8,1.16,364,No,Yes,Yes,Yes,4528
5166,19.9,68.5,11.7,2.18,34,No,Yes,Yes,Yes,121
5167,31.3,28.0,73.3,1.2,162,No,No,Yes,Yes,1224
5168,29.4,31.2,40.2,1.37,2,No,Yes,Yes,Yes,795
5169,14.1,63.2,20.7,3.83,0,No,No,Yes,No,NA
5170,30.5,23.3,22.3,1.78,0,No,No,No,No,NA
5171,25.4,42.5,42.8,6.99,0,No,No,No,No,NA
5172,36.8,10.5,75.9,0.35,1098,Yes,Yes,Yes,Yes,4535
5173,29.9,21.2,41.9,1.89,0,No,No,No,No,NA
5174,15.0,62.8,17.2,20.64,0,No,No,No,No,NA
5175,33.4,31.5,57.6,0.24,589,Yes,Yes,Yes,Yes,1392
5176,27.6,38.3,60.0,3.56,163,No,No,Yes,Yes,400
5177,34.5,11.6,61.4,0.03,1268,Yes,Yes,Yes,Yes,2055
5178,30.0,29.5,77.1,0.33,152,No,Yes,Yes,Yes,1228
5179,14.1,63.7,30.3,24.44,200,No,Yes,Yes,Yes,174
5180,13.3,72.6,18.5,6.93,0,No,No,No,No,NA
5181,13.5,77.1,35.5,8.45,0,No,No,No,No,NA
5182,24.9,68.0,15.0,13.39,0,No,No,No,No,NA
5183,36.3,33.8,57.5,1.94,139,No,No,Yes,Yes,655
5184,24.5,35.9,20.8,5.5,0,No,No,Yes,No,NA
5185,40.6,9.0,56.5,0.36,503,No,Yes,Yes,Yes,2949
5186,18.7,60.8,36.1,21.41,0,No,No,No,No,NA
5187,33.3,23.3,63.3,1.3,0,No,No,Yes,No,NA
5188,32.4,37.1,49.8,1.05,109,Yes,Yes,Yes,Yes,46
5189,18.2,27.1,62.2,3.26,123,No,No,Yes,Yes,445
5190,22.4,72.3,26.3,5.76,0,No,No,No,No,NA
5191,6.4,87.9,17.2,17.46,0,No,No,No,No,NA
5192,29.8,24.8,60.9,1.37,714,No,Yes,Yes,Yes,2686
5193,8.0,78.5,22.1,8.18,0,No,No,No,No,NA
5194,15.8,85.7,14.6,24.68,0,No,No,No,No,NA
5195,31.4,25.9,23.0,1.14,0,No,No,No,No,NA
5196,43.3,13.8,75.0,0.09,187,No,No,Yes,Yes,2753
5197,20.7,59.2,28.1,9.8,0,No,No,No,No,NA
5198,22.8,25.7,57.2,2.36,0,No,No,No,No,NA
5199,35.2,30.7,62.1,1.55,861,No,Yes,Yes,Yes,4803
5200,33.2,24.5,74.4,0.43,0,No,No,No,No,NA
5201,24.2,39.1,26.6,1.68,0,No,No,Yes,No,NA
5202,17.2,75.5,20.1,11.24,0,No,No,No,No,NA
5203,27.5,52.6,18.7,6.1,0,No,No,No,No,NA
5204,17.0,62.0,5.6,3.07,0,No,No,No,No,NA
5205,14.2,78.0,18.3,16.0,0,No,No,No,No,NA
5206,26.4,32.9,36.8,1.04,248,No,No,Yes,Yes,2331
5207,25.6,31.8,29.3,0.32,0,No,No,No,No,NA
5208,29.9,28.5,55.8,1.98,0,No,No,No,No,NA
5209,30.7,38.2,50.5,2.26,0,No,No,Yes,No,NA
5210,16.2,90.1,5.8,9.44,0,No,No,No,No,NA
5211,23.9,34.4,35.1,2.92,0,No,No,No,No,NA
5212,24.9,40.6,15.6,3.15,0,No,No,No,No,NA
5213,22.9,42.9,30.0,7.43,0,No,No,No,No,NA
5214,28.2,41.4,25.1,7.81,195,No,Yes,Yes,Yes,26
5215,41.8,19.3,83.6,0.88,760,No,Yes,Yes,Yes,402
5216,7.6,74.8,14.5,10.15,0,No,No,No,No,NA
5217,34.6,13.7,35.0,0.35,1240,Yes,Yes,Yes,Yes,799
5218,20.8,37.5,28.8,0.9,0,No,Yes,Yes,No,NA
5219,31.6,30.0,74.5,0.21,9,Yes,Yes,Yes,Yes,478
5220,21.9,45.9,41.0,3.95,0,No,No,No,No,NA
5221,22.3,48.7,33.5,3.71,0,No,No,No,No,NA
5222,31.1,43.1,29.5,2.91,0,No,No,No,No,NA
5223,38.7,12.8,76.0,0.91,109,No,Yes,Yes,Yes,1405
5224,18.6,74.4,13.0,22.99,0,No,No,No,No,NA
5225,34.6,19.1,58.9,0.36,642,No,Yes,Yes,Yes,1704
5226,16.8,75.5,39.3,14.97,0,No,No,No,No,NA
5227,26.0,25.6,22.6,2.53,147,No,No,Yes,Yes,941
5228,32.6,26.1,70.2,1.2,317,No,No,Yes,Yes,3774
5229,33.1,34.9,33.9,1.61,0,Yes,Yes,Yes,No,NA
5230,35.7,18.4,53.9,0.03,402,No,Yes,Yes,Yes,2889
5231,13.3,65.7,35.1,11.1,0,No,No,No,No,NA
5232,35.5,18.1,50.6,0.17,1397,Yes,Yes,Yes,Yes,1386
5233,20.3,38.3,25.5,7.46,0,No,Yes,Yes,Yes,115
5234,25.4,24.9,61.7,1.41,199,No,No,Yes,Yes,2628
5235,42.3,9.0,85.1,0.06,587,No,No,Yes,Yes,3443
5236,27.2,47.8,20.2,3.66,0,No,No,No,No,NA
5237,36.2,20.0,61.3,0.52,333,No,Yes,Yes,Yes,717
5238,35.0,8.9,37.1,0.48,297,No,No,Yes,Yes,2539
5239,34.9,26.2,72.7,0.91,1327,No,No,Yes,Yes,430
5240,7.6,76.4,20.9,19.59,0,No,No,No,No,NA
5241,15.8,80.4,23.8,11.41,0,No,No,No,No,NA
5242,41.4,10.1,78.5,0.04,3471,No,No,Yes,Yes,1204
5243,27.3,33.5,41.9,0.51,75,No,No,Yes,Yes,892
5244,41.6,22.3,83.7,0.76,910,No,Yes,Yes,Yes,4861
5245,27.1,37.4,36.3,7.9,0,No,No,No,No,NA
5246,34.7,28.0,99.5,0.65,235,No,No,Yes,Yes,10706
5247,5.3,89.6,5.4,31.32,0,No,No,No,No,NA
5248,25.9,32.1,47.8,0.11,0,No,No,No,No,NA
5249,24.4,40.5,19.1,2.4,0,No,No,No,No,NA
5250,28.4,28.9,45.1,0.09,21,Yes,Yes,Yes,Yes,3214
5251,20.8,54.3,19.3,1.34,171,No,No,Yes,Yes,259
5252,32.4,19.8,61.9,0.07,88,No,No,Yes,Yes,5153
5253,34.4,27.3,67.0,0.42,136,No,Yes,Yes,Yes,2934
5254,24.2,42.0,26.5,2.65,0,No,No,No,No,NA
5255,19.9,68.6,14.3,6.47,0,No,No,No,No,NA
5256,36.8,14.2,89.1,0.03,574,No,No,Yes,Yes,89
5257,17.3,69.7,12.9,20.4,0,No,No,No,No,NA
5258,29.8,47.6,18.7,3.32,300,No,No,Yes,Yes,766
5259,27.6,28.7,31.3,2.26,0,No,No,No,No,NA
5260,25.5,31.9,27.3,3.96,180,No,Yes,Yes,Yes,391
5261,23.0,68.0,23.1,15.69,0,No,No,No,No,NA
5262,20.8,39.3,43.1,0.85,0,No,No,No,No,NA
5263,38.1,18.6,47.8,0.97,36,No,No,Yes,Yes,2694
5264,12.9,77.0,6.2,31.58,0,No,No,No,No,NA
5265,29.9,22.6,64.4,2.21,0,No,No,No,No,NA
5266,37.1,18.9,69.3,1.32,35,No,Yes,Yes,Yes,239
5267,21.7,23.4,63.7,1.0,0,No,No,Yes,No,NA
5268,30.1,27.7,51.8,0.65,0,No,No,No,No,NA
5269,26.9,52.0,27.5,7.64,115,No,Yes,Yes,Yes,489
5270,26.8,48.6,35.2,7.9,0,No,No,No,No,NA
5271,28.3,27.6,63.0,2.62,804,No,Yes,Yes,Yes,2661
5272,33.0,12.9,102.0,0.21,894,No,No,Yes,Yes,6292
5273,31.5,21.9,68.7,0.21,1174,No,Yes,Yes,Yes,286
5274,9.7,74.4,5.2,31.66,0,No,No,No,No,NA
5275,13.5,68.1,25.9,22.03,0,No,No,No,No,NA
5276,29.5,53.8,42.4,2.76,95,Yes,Yes,Yes,Yes,831
5277,22.0,71.0,9.1,15.88,0,No,No,No,No,NA
5278,39.0,14.1,85.9,0.38,1958,No,Yes,Yes,Yes,3429
5279,23.7,22.8,64.2,3.83,0,No,No,No,No,NA
5280,22.4,24.7,62.4,3.72,0,No,No,No,No,NA
5281,19.6,23.1,32.7,2.73,36,Yes,Yes,Yes,Yes,1080
5282,40.0,23.8,96.8,0.27,1336,Yes,Yes,Yes,Yes,12494
5283,24.0,57.5,23.9,8.33,0,No,No,No,No,NA
5284,32.7,23.6,54.7,1.2,970,No,Yes,Yes,Yes,877
5285,29.2,25.4,65.0,1.56,821,No,Yes,Yes,Yes,3810
5286,15.9,85.5,10.0,35.11,0,No,No,No,No,NA
5287,34.7,18.8,94.8,0.95,948,Yes,Yes,Yes,Yes,4083
5288,32.6,24.5,32.8,0.2,158,No,Yes,Yes,Yes,666
5289,34.0,25.9,78.0,0.92,299,No,No,Yes,Yes,5290
5290,42.3,19.6,108.0,0.34,77,No,No,Yes,Yes,3034
5291,32.8,35.4,33.8,1.86,0,No,No,No,No,NA
5292,15.6,85.1,20.1,30.42,0,No,No,No,No,NA
5293,40.1,12.9,46.1,0.11,649,No,No,Yes,Yes,894
5294,34.4,18.4,51.4,0.32,328,No,No,Yes,Yes,2414
5295,29.0,48.9,33.4,7.29,0,No,No,No,No,NA
5296,22.2,72.9,11.2,19.46,0,No,No,No,No,NA
5297,28.3,21.5,21.2,1.44,200,Yes,Yes,Yes,Yes,642
5298,40.1,29.3,75.0,0.02,738,No,No,Yes,Yes,3980
5299,37.6,10.6,67.1,0.6,1741,No,Yes,Yes,Yes,1022
5300,19.4,33.2,33.5,1.42,0,No,No,No,No,NA
5301,34.1,24.1,83.1,0.66,0,No,No,Yes,No,NA
5302,25.5,52.7,27.1,3.44,0,No,No,No,No,NA
5303,42.9,22.6,53.7,0.03,0,No,Yes,Yes,No,NA
5304,24.2,48.3,21.9,5.5,0,No,No,No,No,NA
5305,37.6,26.5,77.4,1.37,878,No,No,Yes,Yes,3092
5306,29.7,28.2,41.5,0.41,0,No,No,No,No,NA
5307,29.3,33.4,59.0,0.86,958,No,No,Yes,Yes,2093
5308,36.9,17.1,77.4,1.45,574,No,Yes,Yes,Yes,6580
5309,26.3,44.0,32.8,2.58,0,No,No,Yes,No,NA
5310,35.6,17.3,86.2,0.12,803,No,Yes,Yes,Yes,1776
5311,26.5,22.8,56.5,1.45,0,No,No,Yes,No,NA
5312,15.9,58.9,13.7,3.16,0,Yes,Yes,Yes,No,NA
5313,29.1,52.7,40.8,3.02,0,No,No,No,No,NA
5314,35.9,14.7,81.6,0.16,952,No,No,Yes,Yes,9297
5315,31.9,39.7,32.7,0.63,189,No,Yes,Yes,Yes,800
5316,13.8,78.1,18.4,14.82,0,No,No,No,No,NA
5317,26.1,30.5,58.3,0.62,695,No,Yes,Yes,Yes,749
5318,17.0,79.8,24.3,6.79,0,No,No,No,No,NA
5319,16.3,88.6,10.5,30.67,0,No,No,No,No,NA
5320,24.3,40.0,39.2,6.62,0,No,No,No,No,NA
5321,31.8,38.9,59.7,0.6,35,No,No,Yes,Yes,2056
5322,38.2,10.1,82.6,0.02,381,No,Yes,Yes,Yes,6811
5323,39.5,25.4,66.7,0.6,694,No,Yes,Yes,Yes,3621
5324,21.8,22.3,52.1,2.89,628,No,No,Yes,Yes,1317
5325,19.2,29.7,27.1,3.43,202,No,No,Yes,Yes,599
5326,31.0,26.4,50.7,0.32,0,No,No,No,No,NA
5327,32.4,32.9,73.1,0.85,0,No,No,No,No,NA
5328,31.3,28.1,27.3,2.58,1,No,No,Yes,Yes,1359
5329,33.5,21.1,63.2,1.71,0,No,No,No,No,NA
5330,22.9,29.2,61.9,3.71,0,No,No,No,No,NA
5331,17.0,64.6,13.8,23.4,78,No,No,Yes,Yes,38
5332,34.8,26.6,70.1,0.39,352,No,Yes,Yes,Yes,1861
5333,37.9,18.7,71.4,1.07,2168,No,No,Yes,Yes,6253
5334,10.2,70.1,19.0,28.96,0,No,No,No,No,NA
5335,13.9,71.5,31.7,22.27,0,No,No,No,No,NA
5336,18.7,63.9,24.6,15.89,0,No,No,No,No,NA
5337,27.5,30.2,28.5,0.7,0,No,No,No,No,NA
5338,39.4,28.9,83.4,0.05,2080,No,Yes,Yes,Yes,382
5339,18.7,38.9,50.2,2.96,0,No,Yes,Yes,No,NA
5340,30.2,25.2,63.5,0.56,0,No,No,No,No,NA
5341,18.6,70.0,20.0,9.89,27,No,Yes,Yes,Yes,173
5342,33.4,20.8,38.8,1.97,579,No,No,Yes,Yes,163
5343,22.4,70.7,15.4,8.86,0,No,No,No,No,NA
5344,28.2,25.7,33.2,3.1,376,No,No,Yes,Yes,659
5345,29.5,20.7,52.9,1.77,580,No,Yes,Yes,Yes,221
5346,13.0,72.1,31.1,18.52,0,No,No,No,No,NA
5347,12.6,77.1,34.4,18.57,0,No,No,No,No,NA
5348,27.3,35.5,26.0,1.94,0,No,No,Yes,No,NA
5349,37.5,17.9,100.8,0.48,205,No,No,Yes,Yes,2967
5350,30.7,25.8,37.4,1.1,0,No,No,No,No,NA
5351,40.1,13.2,76.9,0.59,43,No,No,Yes,Yes,6592
5352,42.8,18.6,76.1,0.44,1363,No,No,Yes,Yes,3610
5353,43.4,13.0,41.0,0.09,417,Yes,Yes,Yes,Yes,3266
5354,12.7,80.3,10.5,23.77,0,No,No,No,No,NA
5355,23.3,35.0,33.5,1.96,0,No,Yes,Yes,No,NA
5356,29.7,28.6,28.7,1.6,0,No,No,Yes,No,NA
5357,23.7,54.1,21.2,0.78,0,No,No,No,No,NA
5358,17.7,69.7,13.7,19.84,0,No,No,No,No,NA
5359,39.8,8.6,49.6,0.24,75,No,No,Yes,Yes,4290
5360,30.5,36.6,70.0,1.33,159,Yes,Yes,Yes,Yes,2681
5361,32.9,39.9,33.6,0.72,0,No,No,Yes,No,NA
5362,25.8,24.8,31.8,0.26,92,Yes,Yes,Yes,Yes,1260
5363,14.9,80.9,33.5,10.42,0,No,No,No,No,NA
5364,15.4,69.4,24.1,6.23,0,No,No,No,No,NA
5365,23.8,70.0,14.8,19.34,0,No,No,No,No,NA
5366,24.5,53.2,33.8,1.55,0,No,No,No,No,NA
5367,32.5,11.3,59.6,0.26,89,No,Yes,Yes,Yes,236
5368,22.6,62.1,5.7,14.34,0,No,No,No,No,NA
5369,15.3,59.2,18.9,17.26,0,No,No,No,No,NA
5370,42.8,17.6,48.1,0.45,0,No,Yes,Yes,No,NA
5371,24.4,31.4,35.5,1.55,3,No,Yes,Yes,Yes,358
5372,9.1,72.0,20.1,8.7,0,No,No,No,No,NA
5373,38.1,18.2,53.1,0.05,982,No,No,Yes,Yes,3685
5374,24.3,39.0,15.1,1.41,0,No,No,No,No,NA
5375,7.1,80.3,9.7,31.72,0,No,No,No,No,NA
5376,23.2,35.9,38.2,0.96,576,No,Yes,Yes,Yes,2046
5377,22.7,78.0,13.3,7.54,0,No,No,No,No,NA
5378,39.4,25.3,95.7,0.12,321,No,Yes,Yes,Yes,2682
5379,30.4,11.0,103.6,0.47,3507,No,No,Yes,Yes,2202
5380,28.3,35.3,39.3,1.58,0,No,Yes,Yes,No,NA
5381,38.0,20.0,47.0,0.16,196,No,No,Yes,Yes,3149
5382,31.3,39.6,44.3,0.79,0,No,No,Yes,No,NA
5383,32.8,35.9,30.7,2.81,263,No,Yes,Yes,Yes,2388
5384,21.7,37.7,20.0,3.17,3,Yes,Yes,Yes,Yes,250
5385,23.3,49.2,28.7,0.52,0,No,No,No,No,NA
5386,21.6,78.0,27.0,12.5,145,No,Yes,Yes,Yes,350
5387,39.0,17.8,31.5,0.45,8,No,No,Yes,Yes,2102
5388,18.1,38.2,59.1,2.16,0,No,No,No,No,NA
5389,11.7,83.7,22.6,15.49,0,No,No,No,No,NA
5390,17.5,81.2,15.2,12.08,0,No,No,No,No,NA
5391,17.0,65.3,24.9,21.54,0,No,No,No,No,NA
5392,36.3,15.4,39.0,0.36,1543,No,Yes,Yes,Yes,4113
5393,24.3,68.1,21.1,15.93,0,No,No,No,No,NA
5394,23.2,59.1,8.3,9.75,0,No,No,No,No,NA
5395,36.8,13.8,89.5,0.25,2499,No,Yes,Yes,Yes,3160
5396,23.1,30.0,56.1,2.68,0,No,No,No,No,NA
5397,9.2,82.0,23.6,19.39,0,No,No,No,No,NA
5398,39.3,22.1,35.1,0.15,171,Yes,Yes,Yes,Yes,2441
5399,37.2,32.2,46.2,0.05,56,Yes,Yes,Yes,Yes,2964
5400,22.9,28.4,32.9,2.3,0,No,No,Yes,No,NA
5401,41.7,12.1,76.1,0.03,619,No,No,Yes,Yes,5540
5402,43.1,12.9,39.4,0.14,798,Yes,Yes,Yes,Yes,4520
5403,21.9,65.0,16.3,10.37,0,No,No,No,No,NA
5404,30.3,31.0,39.5,1.64,0,No,No,Yes,No,NA
5405,21.0,66.3,13.7,10.42,0,No,No,No,No,NA
5406,37.0,17.2,100.2,0.79,654,No,Yes,Yes,Yes,8493
5407,30.7,27.0,44.8,1.25,191,No,Yes,Yes,Yes,1100
5408,27.1,33.7,41.8,1.23,0,No,No,No,No,NA
5409,28.5,23.1,72.3,0.24,0,No,No,Yes,No,NA
5410,33.3,29.0,54.6,0.41,0,No,No,No,No,NA
5411,37.2,32.2,67.2,1.17,1526,No,Yes,Yes,Yes,980
5412,38.0,17.6,86.2,0.83,11,No,No,Yes,Yes,391
5413,29.8,26.9,39.8,3.43,0,No,No,No,No,NA
5414,34.4,19.1,63.3,0.15,489,No,No,Yes,Yes,371
5415,34.4,21.5,57.2,0.23,552,Yes,Yes,Yes,Yes,3314
5416,14.6,68.3,35.2,12.32,0,No,No,No,No,NA
5417,26.1,27.5,22.6,2.0,31,No,No,Yes,Yes,371
5418,20.9,60.5,18.3,4.89,0,No,No,No,No,NA
5419,26.8,28.6,30.6,2.15,0,No,No,No,No,NA
5420,33.7,23.6,64.4,0.86,302,No,Yes,Yes,Yes,2083
5421,36.5,14.5,78.2,0.06,531,No,No,Yes,Yes,7228
5422,20.5,78.5,15.8,14.22,0,No,No,No,No,NA
5423,5.5,87.0,13.7,12.42,0,No,No,No,No,NA
5424,42.4,29.1,102.1,0.85,333,No,Yes,Yes,Yes,13349
5425,28.5,38.2,35.4,2.27,0,No,No,No,No,NA
5426,25.1,54.3,28.6,4.0,0,Yes,Yes,Yes,No,NA
5427,33.8,17.5,82.0,0.44,91,Yes,Yes,Yes,Yes,4247
5428,34.7,20.7,20.8,0.01,0,No,Yes,Yes,No,NA
5429,27.8,49.9,40.3,2.69,0,No,Yes,Yes,No,NA
5430,20.3,30.0,61.5,3.58,0,No,Yes,Yes,No,NA
5431,19.1,25.7,60.0,2.02,924,No,Yes,Yes,Yes,2293
5432,18.5,67.1,14.2,7.38,0,No,No,No,No,NA
5433,15.1,76.4,9.6,6.45,0,No,No,No,No,NA
5434,26.6,40.5,29.2,2.81,0,No,No,No,No,NA
5435,28.6,23.3,40.7,0.33,246,No,No,Yes,Yes,146
5436,39.7,18.4,63.6,0.31,480,No,Yes,Yes,Yes,2862
5437,38.9,26.2,101.5,0.4,68,No,Yes,Yes,Yes,11224
5438,32.4,29.9,36.8,0.86,350,Yes,Yes,Yes,Yes,1534
5439,26.8,39.5,42.5,0.28,6,Yes,Yes,Yes,Yes,1148
5440,30.6,28.0,58.3,1.64,1119,Yes,Yes,Yes,Yes,2522
5441,32.3,25.2,26.0,1.34,353,No,Yes,Yes,Yes,794
5442,22.7,68.1,24.3,14.24,0,No,No,No,No,NA
5443,24.7,55.1,25.3,7.37,0,No,No,No,No,NA
5444,16.5,81.0,19.7,38.91,0,No,No,No,No,NA
5445,36.7,15.5,71.9,1.58,439,No,Yes,Yes,Yes,3449
5446,25.4,25.9,48.6,0.86,0,No,Yes,Yes,No,NA
5447,25.6,43.1,28.6,7.19,0,No,No,Yes,No,NA
5448,37.4,10.8,107.2,0.16,24,No,Yes,Yes,Yes,8840
5449,24.5,49.1,29.2,6.87,0,No,No,Yes,No,NA
5450,7.1,87.5,14.3,34.44,0,No,No,No,No,NA
5451,27.3,36.7,30.3,0.66,0,No,No,No,No,NA
5452,37.8,24.7,70.8,0.9,282,No,Yes,Yes,Yes,349
5453,11.9,71.7,9.4,30.53,0,No,No,No,No,NA
5454,24.0,22.8,38.9,2.04,30,No,Yes,Yes,Yes,1150
5455,23.6,21.0,50.9,1.03,274,No,Yes,Yes,Yes,1533
5456,28.9,22.3,66.8,0.17,0,No,No,No,No,NA
5457,18.3,30.9,36.7,2.5,0,Yes,Yes,Yes,No,NA
5458,34.2,15.4,78.2,0.24,112,No,Yes,Yes,Yes,5764
5459,34.1,25.8,68.9,0.25,1752,No,No,Yes,Yes,2967
5460,31.8,28.4,68.9,0.32,0,No,No,No,No,NA
5461,15.3,80.3,12.0,11.1,0,No,No,No,No,NA
5462,9.2,83.5,22.9,26.29,0,No,No,No,No,NA
5463,28.3,33.5,45.3,2.31,0,Yes,Yes,Yes,No,NA
5464,19.4,60.8,29.1,10.56,0,No,No,No,No,NA
5465,41.6,19.6,68.6,0.26,969,No,No,Yes,Yes,8706
5466,26.2,21.3,67.9,1.51,0,No,No,No,No,NA
5467,21.6,45.8,39.5,6.12,0,No,No,No,No,NA
5468,33.3,31.8,47.1,0.38,689,No,No,Yes,Yes,1535
5469,28.2,27.2,59.9,0.46,53,Yes,Yes,Yes,Yes,2283
5470,31.7,24.7,69.2,0.64,1843,No,No,Yes,Yes,4524
5471,25.6,33.6,66.9,0.88,266,No,No,Yes,Yes,1193
5472,26.6,23.4,47.6,1.64,243,Yes,Yes,Yes,Yes,221
5473,24.5,35.2,60.5,2.48,0,No,No,No,No,NA
5474,32.5,20.7,63.6,0.07,400,Yes,Yes,Yes,Yes,3136
5475,33.3,29.9,64.4,1.42,662,No,No,Yes,Yes,586
5476,41.5,13.3,76.4,0.99,195,No,Yes,Yes,Yes,1776
5477,30.5,24.8,104.8,0.92,1438,No,No,Yes,Yes,2933
5478,8.4,85.0,10.5,30.23,0,No,No,No,No,NA
5479,23.6,52.1,40.7,4.97,241,No,Yes,Yes,Yes,969
5480,26.3,20.0,39.8,0.78,9,Yes,Yes,Yes,Yes,1887
5481,25.5,48.5,45.5,3.08,438,No,Yes,Yes,Yes,346
5482,18.1,55.9,22.9,16.38,0,No,No,No,No,NA
5483,37.3,25.0,72.1,1.13,0,No,No,No,No,NA
5484,19.3,73.1,39.4,18.9,0,No,No,No,No,NA
5485,32.6,42.4,29.9,2.88,524,Yes,Yes,Yes,Yes,305
5486,19.2,69.1,10.5,14.74,0,No,No,No,No,NA
5487,30.4,36.1,32.3,0.04,371,Yes,Yes,Yes,Yes,1545
5488,42.9,19.5,94.1,0.64,1062,No,No,Yes,Yes,3086
5489,6.0,87.4,19.4,30.74,0,No,No,No,No,NA
5490,33.6,36.9,34.7,1.56,0,No,No,Yes,No,NA
5491,41.8,17.2,107.3,0.87,3840,No,No,Yes,Yes,4588
5492,14.5,74.1,25.6,5.66,0,No,No,No,No,NA
5493,27.6,39.1,65.6,1.73,1211,No,Yes,Yes,Yes,2642
5494,28.0,26.4,41.6,2.37,24,No,Yes,Yes,Yes,789
5495,6.2,76.3,8.0,20.95,0,No,No,No,No,NA
5496,25.6,29.7,54.5,0.16,141,No,No,Yes,Yes,276
5497,32.4,27.1,46.7,1.63,0,No,No,No,No,NA
5498,33.2,10.7,74.5,0.5,1075,No,No,Yes,Yes,2676
5499,37.3,19.9,49.6,0.88,722,No,No,Yes,Yes,2933
5500,27.5,26.5,32.4,2.26,0,No,No,No,No,NA
5501,11.4,78.7,22.9,24.3,0,No,No,No,No,NA
5502,29.2,36.0,54.8,1.36,0,No,No,Yes,No,NA
5503,21.7,50.6,36.4,6.81,0,No,No,No,No,NA
5504,26.7,25.5,41.7,0.54,0,No,No,No,No,NA
5505,38.1,30.9,69.8,1.74,666,No,No,Yes,Yes,5843
5506,17.0,70.6,29.5,7.63,0,No,No,No,No,NA
5507,36.7,17.0,63.6,0.57,2450,No,Yes,Yes,Yes,5218
5508,17.4,81.3,23.6,12.16,0,No,No,No,No,NA
5509,21.0,29.9,35.1,1.75,0,No,No,No,No,NA
5510,11.7,77.8,7.9,24.33,0,No,No,No,No,NA
5511,41.7,10.4,86.7,0.25,1362,No,No,Yes,Yes,12850
5512,26.7,30.9,32.5,1.59,190,No,No,Yes,Yes,556
5513,20.3,68.5,28.3,10.52,0,No,No,No,No,NA
5514,22.4,41.4,21.9,6.1,0,No,Yes,Yes,No,NA
5515,23.8,73.3,13.0,4.55,0,No,No,No,No,NA
5516,43.8,13.3,66.4,0.24,175,No,Yes,Yes,Yes,2501
5517,32.8,33.6,59.8,0.47,1514,No,No,Yes,Yes,1396
5518,22.9,64.2,11.2,10.11,0,No,No,No,No,NA
5519,9.3,87.6,6.7,6.73,0,No,No,No,No,NA
5520,14.1,88.1,19.7,22.81,0,No,No,No,No,NA
5521,18.0,79.1,28.4,11.22,12,Yes,Yes,Yes,Yes,36
5522,26.2,49.3,27.4,0.86,0,No,No,No,No,NA
5523,13.1,84.4,30.9,5.87,0,No,No,No,No,NA
5524,28.9,30.5,38.5,2.88,0,No,No,Yes,No,NA
5525,30.9,24.8,66.2,0.98,854,No,No,Yes,Yes,6244
5526,28.3,26.4,27.4,0.01,0,No,No,No,No,NA
5527,21.9,50.3,46.2,6.56,91,No,No,Yes,Yes,795
5528,23.0,58.2,21.0,6.57,0,No,No,No,No,NA
5529,25.2,54.2,25.1,3.26,283,No,Yes,Yes,Yes,10
5530,36.8,19.2,57.0,0.27,7,Yes,Yes,Yes,Yes,965
5531,7.1,72.0,24.8,6.32,0,No,No,No,No,NA
5532,20.6,40.5,20.4,1.58,0,No,Yes,Yes,No,NA
5533,27.7,28.6,30.3,2.6,0,No,Yes,Yes,No,NA
5534,21.1,37.7,48.3,2.9,0,No,No,No,No,NA
5535,31.5,19.6,41.7,0.12,0,No,Yes,Yes,No,NA
5536,27.9,44.3,58.6,1.56,15,No,Yes,Yes,Yes,2543
5537,30.5,30.1,43.9,0.32,0,No,No,Yes,No,NA
5538,39.9,32.4,68.5,1.39,607,No,Yes,Yes,Yes,5181
5539,15.9,74.9,20.4,37.22,0,No,No,No,No,NA
5540,24.6,30.1,30.9,0.03,4,No,Yes,Yes,Yes,1772
5541,42.2,15.9,77.0,0.11,2471,No,Yes,Yes,Yes,782
5542,18.3,66.5,9.9,12.99,0,No,No,No,No,NA
5543,17.6,94.6,11.1,39.72,0,No,No,No,No,NA
5544,15.8,75.4,5.8,15.18,0,No,No,No,No,NA
5545,17.0,80.1,6.1,36.07,0,No,No,No,No,NA
5546,29.4,38.8,45.4,0.52,0,No,No,Yes,No,NA
5547,29.7,28.3,76.0,1.9,0,No,Yes,Yes,No,NA
5548,43.5,20.5,40.4,0.03,662,No,No,Yes,Yes,2268
5549,44.4,20.7,43.5,0.24,1091,Yes,Yes,Yes,Yes,4574
5550,20.8,72.1,37.0,19.65,0,No,No,No,No,NA
5551,8.2,80.7,12.2,30.03,0,No,No,No,No,NA
5552,39.0,31.5,45.6,1.37,0,No,No,No,No,NA
5553,32.3,29.0,60.2,1.39,0,No,No,No,No,NA
5554,30.5,33.9,35.7,0.64,87,No,Yes,Yes,Yes,536
5555,31.8,31.4,27.2,0.29,0,Yes,Yes,Yes,No,NA
5556,21.1,36.8,29.3,4.69,0,No,No,No,No,NA
5557,32.1,22.4,96.5,0.52,159,No,No,Yes,Yes,971
5558,39.9,13.1,43.9,0.4,107,Yes,Yes,Yes,Yes,2780
5559,28.2,50.8,41.1,7.36,626,No,No,Yes,Yes,1343
5560,26.6,50.6,35.1,1.39,441,No,No,Yes,Yes,103
5561,16.6,90.7,8.5,12.0,0,No,No,No,No,NA
5562,16.4,79.3,26.9,14.86,0,No,No,No,No,NA
5563,30.5,28.1,72.6,0.34,1707,No,Yes,Yes,Yes,306
5564,26.7,36.9,33.6,7.45,0,No,No,No,No,NA
5565,33.9,28.1,68.5,0.12,738,No,Yes,Yes,Yes,4439
5566,42.4,10.6,46.3,0.38,727,No,Yes,Yes,Yes,2290
5567,24.6,57.3,13.9,11.37,0,No,No,No,No,NA
5568,25.1,40.0,37.8,7.14,0,No,No,No,No,NA
5569,38.8,11.7,82.9,0.1,3490,No,Yes,Yes,Yes,5082
5570,27.3,50.9,29.2,1.86,0,No,No,No,No,NA
5571,19.3,67.5,10.9,22.63,0,No,No,No,No,NA
5572,10.4,79.7,16.5,19.52,0,No,No,No,No,NA
5573,27.2,39.2,30.8,2.32,0,No,No,No,No,NA
5574,22.5,57.1,15.8,12.14,0,No,No,No,No,NA
5575,22.3,22.9,43.3,0.71,1,No,No,Yes,Yes,954
5576,14.2,71.0,6.0,34.54,0,No,No,No,No,NA
5577,22.3,76.5,28.0,19.03,24,No,Yes,Yes,Yes,135
5578,20.9,57.5,6.3,19.32,0,No,No,Yes,No,NA
5579,22.5,50.3,44.1,3.97,86,No,Yes,Yes,Yes,653
5580,34.2,14.5,73.1,0.69,1522,No,No,Yes,Yes,1457
5581,38.0,28.1,61.7,0.64,0,No,No,Yes,No,NA
5582,19.6,59.0,8.3,17.36,0,No,No,No,No,NA
5583,24.5,26.1,30.7,2.99,0,Yes,Yes,Yes,No,NA
5584,9.0,75.0,7.4,32.75,0,No,No,No,No,NA
5585,35.0,22.5,43.3,1.1,391,Yes,Yes,Yes,Yes,368
5586,42.7,24.5,42.6,0.23,0,No,No,No,No,NA
5587,39.9,32.9,73.5,1.76,590,No,Yes,Yes,Yes,4754
5588,14.9,85.4,13.4,33.8,0,No,No,No,No,NA
5589,27.3,37.9,58.4,1.78,39,No,No,Yes,Yes,2223
5590,20.9,27.3,32.1,1.68,0,No,No,No,No,NA
5591,25.1,35.5,30.0,2.02,40,No,Yes,Yes,Yes,416
5592,26.4,32.7,26.3,0.82,288,No,Yes,Yes,Yes,334
5593,40.0,31.5,54.8,1.85,305,No,No,Yes,Yes,3927
5594,14.5,70.5,5.6,37.1,0,No,No,No,No,NA
5595,20.8,72.9,33.1,10.6,0,No,No,No,No,NA
5596,16.0,65.5,13.4,20.03,0,No,No,No,No,NA
5597,26.0,41.4,23.9,5.9,0,No,Yes,Yes,No,NA
5598,20.8,20.6,34.2,1.77,0,No,No,No,No,NA
5599,29.7,21.0,45.4,0.41,0,No,No,Yes,No,NA
5600,19.0,72.1,20.8,19.73,0,No,No,No,No,NA
5601,15.8,91.1,23.1,6.75,0,No,No,No,No,NA
5602,38.6,26.8,57.2,0.58,144,No,Yes,Yes,Yes,1071
5603,32.7,17.0,90.5,0.67,2274,No,No,Yes,Yes,3219
5604,26.7,31.6,35.4,0.46,195,No,No,Yes,Yes,300
5605,26.5,41.1,40.4,2.95,635,No,No,Yes,Yes,787
5606,15.2,69.5,5.8,5.62,24,Yes,Yes,Yes,Yes,21
5607,22.1,70.0,5.3,12.37,0,No,No,No,No,NA
5608,10.9,70.4,15.1,27.67,0,No,No,No,No,NA
5609,24.9,61.6,19.4,10.86,0,No,No,No,No,NA
5610,26.9,51.3,42.4,1.67,259,No,No,Yes,Yes,1072
5611,26.1,30.6,52.1,1.46,0,No,No,No,No,NA
5612,18.7,21.8,54.4,1.05,0,No,Yes,Yes,No,NA
5613,24.7,24.1,47.9,3.85,0,No,No,No,No,NA
5614,19.1,75.8,21.8,22.65,0,No,No,No,No,NA
5615,20.6,54.2,21.3,7.74,173,No,No,Yes,Yes,43
5616,13.2,80.4,8.8,21.35,0,No,No,No,No,NA
5617,27.6,34.1,24.9,0.66,54,No,Yes,Yes,Yes,570
5618,24.1,29.2,47.8,3.34,0,No,No,No,No,NA
5619,32.4,19.7,73.9,0.3,1345,No,Yes,Yes,Yes,7674
5620,15.7,66.7,13.9,16.98,0,No,No,No,No,NA
5621,42.7,14.3,53.5,0.43,243,No,Yes,Yes,Yes,1162
5622,36.2,21.0,64.9,1.81,109,Yes,Yes,Yes,Yes,2564
5623,32.5,17.3,58.4,0.91,1585,Yes,Yes,Yes,Yes,3153
5624,10.2,89.7,11.0,28.22,0,No,No,No,No,NA
5625,31.8,42.3,55.9,2.68,89,Yes,Yes,Yes,Yes,1184
5626,16.2,76.7,25.5,7.48,0,No,No,No,No,NA
5627,24.2,74.0,28.0,7.98,0,No,No,No,No,NA
5628,25.0,59.9,21.1,14.48,0,No,Yes,Yes,No,NA
5629,32.6,26.6,82.3,0.6,43,No,Yes,Yes,Yes,7506
5630,12.2,72.6,17.8,9.55,0,No,No,No,No,NA
5631,24.7,40.5,31.5,5.86,0,No,No,No,No,NA
5632,25.5,34.7,45.4,3.41,0,No,No,No,No,NA
5633,26.2,24.1,24.5,0.13,72,No,Yes,Yes,Yes,159
5634,34.5,17.0,71.6,0.65,1250,No,Yes,Yes,Yes,1870
5635,38.2,10.8,40.8,0.44,731,No,Yes,Yes,Yes,2721
5636,20.2,72.6,18.6,10.72,0,No,No,No,No,NA
5637,35.1,20.7,79.1,0.25,1502,Yes,Yes,Yes,Yes,5141
5638,30.2,36.9,36.7,0.6,0,No,No,No,No,NA
5639,28.7,24.2,38.9,1.95,0,No,No,No,No,NA
5640,39.2,18.0,96.0,0.37,80,No,Yes,Yes,Yes,3323
5641,29.9,45.5,40.4,6.32,0,No,No,No,No,NA
5642,28.3,21.7,55.7,0.36,0,No,No,No,No,NA
5643,31.3,20.2,50.8,0.61,11,No,No,Yes,Yes,2242
5644,43.0,20.4,53.8,0.04,1154,Yes,Yes,Yes,Yes,2542
5645,20.3,31.0,48.1,3.84,0,No,No,No,No,NA
5646,15.0,83.3,14.4,10.06,0,No,No,No,No,NA
5647,19.0,74.5,27.6,22.5,0,No,No,Yes,No,NA
5648,30.2,12.7,81.6,0.74,50,No,Yes,Yes,Yes,3606
5649,5.6,81.5,22.4,35.41,0,No,No,No,No,NA
5650,26.7,33.8,59.6,2.75,0,Yes,Yes,Yes,No,NA
5651,35.0,34.2,74.4,0.46,302,No,Yes,Yes,Yes,3011
5652,15.4,82.4,11.3,25.69,0,No,No,No,No,NA
5653,36.0,14.6,70.2,0.7,1825,No,Yes,Yes,Yes,2670
5654,35.3,13.5,90.5,0.33,198,No,Yes,Yes,Yes,4633
5655,37.3,10.3,55.8,0.49,459,No,Yes,Yes,Yes,1545
5656,17.1,81.9,15.5,32.25,0,No,No,No,No,NA
5657,34.9,22.8,54.5,1.18,55,No,No,Yes,Yes,1312
5658,10.8,73.3,12.7,13.74,0,No,No,No,No,NA
5659,18.2,31.8,32.2,2.57,0,No,No,No,No,NA
5660,32.2,35.0,22.9,1.64,64,No,Yes,Yes,Yes,604
5661,17.6,69.4,28.2,21.81,0,No,No,No,No,NA
5662,29.4,30.5,66.6,1.47,60,Yes,Yes,Yes,Yes,3224
5663,31.5,32.8,63.6,0.3,398,No,No,Yes,Yes,4209
5664,20.0,60.3,11.0,15.21,0,No,No,No,No,NA
5665,37.9,14.4,43.9,0.22,203,Yes,Yes,Yes,Yes,1954
5666,29.0,36.4,37.2,0.83,0,No,No,No,No,NA
5667,7.4,89.3,7.8,14.76,0,No,No,No,No,NA
5668,18.7,57.5,16.6,9.17,0,No,No,No,No,NA
5669,7.3,85.7,6.5,39.09,0,No,No,No,No,NA
5670,26.8,28.5,51.7,2.87,127,No,No,Yes,Yes,3850
5671,17.1,56.7,12.4,16.84,28,No,No,Yes,Yes,182
5672,23.5,23.9,37.3,2.3,0,No,Yes,Yes,No,NA
5673,26.1,22.4,46.2,0.28,0,No,No,Yes,No,NA
5674,29.6,36.1,48.7,1.98,477,No,No,Yes,Yes,2042
5675,41.6,12.7,62.8,0.53,2529,Yes,Yes,Yes,Yes,1950
5676,34.9,16.6,40.4,0.16,0,Yes,Yes,Yes,No,NA
5677,21.7,61.1,32.0,18.32,0,No,No,No,No,NA
5678,23.6,69.4,10.4,9.02,0,No,No,No,No,NA
5679,32.7,16.8,49.9,0.11,370,Yes,Yes,Yes,Yes,4157
5680,34.0,16.6,82.1,0.12,1281,No,Yes,Yes,Yes,6278
5681,23.9,38.6,46.8,0.49,25,Yes,Yes,Yes,Yes,393
5682,39.9,25.7,43.8,1.33,959,No,Yes,Yes,Yes,1233
5683,15.7,56.4,7.6,14.19,0,No,No,No,No,NA
5684,23.3,65.4,26.9,16.36,48,No,No,Yes,Yes,609
5685,30.4,28.2,50.1,0.11,642,No,No,Yes,Yes,1953
5686,21.2,35.3,34.2,5.34,0,No,No,No,No,NA
5687,32.2,38.7,33.5,0.37,0,No,Yes,Yes,No,NA
5688,27.6,35.0,28.2,1.48,0,No,No,Yes,No,NA
5689,32.4,29.1,58.6,1.83,84,No,Yes,Yes,Yes,2274
5690,15.6,72.4,9.6,7.62,0,No,No,No,No,NA
5691,24.0,32.7,36.8,3.7,0,No,No,No,No,NA
5692,32.4,25.3,31.3,1.15,0,No,No,No,No,NA
5693,43.3,20.4,79.9,0.34,1274,No,No,Yes,Yes,10995
5694,18.1,22.6,64.8,3.14,33,No,No,Yes,Yes,1574
5695,14.6,68.6,34.2,19.78,0,No,No,No,No,NA
5696,23.5,74.8,17.2,18.38,0,No,No,No,No,NA
5697,14.7,69.9,20.2,17.95,0,No,No,No,No,NA
5698,17.7,69.6,31.0,9.9,0,No,No,No,No,NA
5699,7.8,87.1,7.9,25.64,0,No,No,No,No,NA
5700,25.4,44.1,41.7,2.68,305,No,No,Yes,Yes,211
5701,13.3,74.2,22.2,12.85,0,No,No,No,No,NA
5702,32.6,25.5,51.4,1.8,184,No,No,Yes,Yes,4129
5703,38.9,12.2,101.7,0.43,796,No,No,Yes,Yes,3990
5704,33.6,38.3,36.3,1.84,207,No,Yes,Yes,Yes,1646
5705,14.1,66.8,21.8,5.54,0,No,No,No,No,NA
5706,17.4,73.3,24.9,10.49,0,No,No,No,No,NA
5707,34.9,12.9,85.1,0.52,919,No,Yes,Yes,Yes,4018
5708,39.9,11.3,57.1,0.9,0,No,Yes,Yes,No,NA
5709,40.9,16.4,73.2,0.5,62,No,Yes,Yes,Yes,1873
5710,19.1,69.4,30.0,7.52,0,No,No,Yes,No,NA
5711,21.8,50.6,17.9,1.54,0,No,No,No,No,NA
5712,11.3,72.2,19.1,38.94,0,No,No,No,No,NA
5713,30.3,25.5,36.4,0.12,821,No,Yes,Yes,Yes,1408
5714,27.0,28.5,38.1,2.58,751,Yes,Yes,Yes,Yes,1126
5715,33.0,19.3,84.3,0.61,254,No,No,Yes,Yes,1738
5716,26.8,34.9,67.8,0.13,0,No,No,No,No,NA
5717,32.7,39.1,36.6,2.04,0,Yes,Yes,Yes,No,NA
5718,31.4,31.2,24.3,1.04,32,No,No,Yes,Yes,239
5719,15.3,93.7,17.1,9.54,0,No,No,No,No,NA
5720,16.9,94.4,8.6,5.95,0,No,No,No,No,NA
5721,22.8,34.7,38.7,1.51,0,No,No,No,No,NA
5722,19.0,63.8,24.0,2.16,0,No,No,No,No,NA
5723,26.4,39.6,55.9,0.78,0,No,Yes,Yes,No,NA
5724,30.2,38.4,37.3,2.23,395,Yes,Yes,Yes,Yes,1927
5725,10.2,76.7,24.0,19.76,0,No,No,No,No,NA
5726,28.4,42.1,20.8,1.82,0,No,Yes,Yes,No,NA
5727,30.1,21.8,28.9,1.74,304,Yes,Yes,Yes,Yes,460
5728,17.8,76.0,22.1,19.84,0,No,No,No,No,NA
5729,9.4,84.9,6.6,9.06,0,No,No,Yes,No,NA
5730,38.6,15.7,58.6,0.15,986,No,No,Yes,Yes,1384
5731,30.6,36.5,45.7,0.5,349,Yes,Yes,Yes,Yes,2831
5732,40.8,17.1,74.0,0.33,88,No,Yes,Yes,Yes,7253
5733,18.8,27.2,57.4,2.4,0,No,No,No,No,NA
5734,12.9,80.5,33.5,16.48,0,No,Yes,Yes,No,NA
5735,18.6,65.8,15.1,3.57,0,No,No,No,No,NA
5736,36.6,19.3,50.6,1.05,76,No,Yes,Yes,Yes,1565
5737,24.8,71.5,8.7,15.77,0,No,No,No,No,NA
5738,20.8,64.9,6.8,4.45,4,No,No,Yes,Yes,184
5739,22.7,37.9,15.5,7.89,0,No,No,Yes,No,NA
5740,31.5,23.7,68.8,0.8,2161,Yes,Yes,Yes,Yes,1262
5741,16.0,73.8,19.9,8.9,0,No,No,No,No,NA
5742,40.5,15.5,34.2,0.23,190,No,Yes,Yes,Yes,2019
5743,37.7,11.1,58.4,0.34,1591,No,Yes,Yes,Yes,3836
5744,19.7,66.2,23.7,20.57,0,No,No,No,No,NA
5745,32.5,19.7,72.2,1.65,334,No,Yes,Yes,Yes,6003
5746,35.1,25.3,74.3,1.91,555,No,Yes,Yes,Yes,1638
5747,28.6,38.4,37.1,0.11,0,Yes,Yes,Yes,No,NA
5748,36.8,12.0,91.4,0.57,190,No,No,Yes,Yes,9753
5749,38.2,33.2,58.7,0.42,0,No,No,Yes,No,NA
5750,23.9,43.1,36.9,2.52,0,No,No,No,No,NA
5751,9.4,76.5,9.9,21.63,0,No,No,No,No,NA
5752,18.2,71.7,29.3,8.75,0,No,No,No,No,NA
5753,29.1,47.3,48.5,4.97,0,No,No,No,No,NA
5754,28.3,25.5,29.3,0.91,0,No,No,No,No,NA
5755,29.1,19.5,75.7,1.82,938,No,No,Yes,Yes,3648
5756,13.3,94.5,13.1,16.65,0,No,No,No,No,NA
5757,29.3,25.8,63.2,1.11,0,No,No,No,No,NA
5758,12.5,77.5,7.1,5.03,0,No,No,No,No,NA
5759,25.0,44.8,29.6,1.01,0,No,No,No,No,NA
5760,17.0,84.9,13.5,6.03,0,No,No,No,No,NA
5761,20.2,71.2,27.1,4.57,0,No,No,No,No,NA
5762,27.6,53.3,38.1,7.75,0,No,No,No,No,NA
5763,24.4,48.9,38.1,6.22,0,No,No,No,No,NA
5764,41.2,14.9,52.7,0.31,609,No,No,Yes,Yes,3232
5765,39.8,19.4,68.5,0.74,193,No,Yes,Yes,Yes,3649
5766,5.5,76.6,17.2,17.69,0,No,No,No,No,NA
5767,24.3,30.7,26.0,2.2,416,No,No,Yes,Yes,915
5768,40.1,18.9,82.5,0.82,3,No,Yes,Yes,Yes,7678
5769,32.3,26.8,97.2,0.74,70,No,No,Yes,Yes,430
5770,33.5,23.5,70.8,0.12,153,No,Yes,Yes,Yes,1144
5771,21.6,35.9,27.3,7.37,0,No,No,No,No,NA
5772,31.0,34.6,75.9,1.08,1374,Yes,Yes,Yes,Yes,2167
5773,20.2,81.2,24.1,9.73,0,No,No,No,No,NA
5774,19.6,61.5,12.5,21.15,0,Yes,Yes,Yes,No,NA
5775,44.5,16.7,61.2,0.21,158,Yes,Yes,Yes,Yes,2191
5776,26.2,39.6,29.0,1.35,41,No,Yes,Yes,Yes,1286
5777,22.5,30.4,27.8,0.66,31,No,Yes,Yes,Yes,426
5778,31.3,17.7,93.0,0.98,785,No,No,Yes,Yes,2039
5779,18.2,78.3,15.8,18.59,0,No,No,No,No,NA
5780,33.8,39.0,69.5,0.5,384,No,Yes,Yes,Yes,2178
5781,36.0,16.0,67.2,0.95,0,No,Yes,Yes,No,NA
5782,8.5,70.7,23.4,31.44,0,No,No,No,No,NA
5783,32.7,22.5,64.1,0.78,0,No,No,No,No,NA
5784,19.2,59.1,9.0,7.34,0,No,No,No,No,NA
5785,36.5,13.3,61.2,0.14,45,No,Yes,Yes,Yes,1924
5786,26.5,36.4,22.1,7.28,12,No,No,Yes,Yes,1239
5787,32.3,28.1,61.5,0.8,142,Yes,Yes,Yes,Yes,73
5788,30.8,25.7,63.7,1.57,146,No,Yes,Yes,Yes,1879
5789,31.0,24.3,59.3,0.08,818,Yes,Yes,Yes,Yes,4333
5790,34.4,15.7,50.7,0.46,1797,No,No,Yes,Yes,1551
5791,18.9,83.4,33.3,14.12,0,Yes,Yes,Yes,No,NA
5792,35.1,28.3,81.9,0.88,1067,No,Yes,Yes,Yes,4026
5793,36.4,27.2,78.2,0.57,0,No,No,No,No,NA
5794,12.5,83.2,34.5,7.22,0,No,No,No,No,NA
5795,23.1,64.0,22.8,17.64,0,No,No,No,No,NA
5796,39.0,18.8,64.4,1.61,978,No,No,Yes,Yes,3475
5797,7.1,87.4,9.7,28.44,0,No,Yes,Yes,No,NA
5798,17.9,60.7,36.0,19.56,0,No,No,No,No,NA
5799,40.7,8.2,38.1,0.15,940,No,No,Yes,Yes,3994
5800,18.2,63.4,14.8,2.74,0,No,No,No,No,NA
5801,43.0,15.4,52.1,0.2,897,Yes,Yes,Yes,Yes,2555
5802,20.0,53.4,27.1,2.06,0,No,No,No,No,NA
5803,27.7,30.7,52.3,2.11,0,No,No,No,No,NA
5804,5.0,71.9,24.1,21.91,0,No,No,No,No,NA
5805,12.7,78.3,20.7,34.88,0,No,No,No,No,NA
5806,11.1,70.2,19.3,20.09,0,No,No,No,No,NA
5807,32.7,31.8,43.8,0.08,54,No,No,Yes,Yes,247
5808,19.8,75.3,12.9,6.18,0,No,No,No,No,NA
5809,39.9,20.5,106.6,0.48,2894,No,Yes,Yes,Yes,315
5810,29.6,32.8,20.2,0.32,0,No,No,Yes,No,NA
5811,33.3,18.5,61.5,0.3,522,Yes,Yes,Yes,Yes,1839
5812,28.3,27.7,28.9,2.28,0,No,No,No,No,NA
5813,6.4,93.8,22.9,29.21,0,No,No,No,No,NA
5814,39.3,9.3,82.8,0.23,1055,No,Yes,Yes,Yes,5722
5815,25.8,38.3,34.7,2.35,0,No,No,No,No,NA
5816,20.4,26.6,62.1,0.42,783,No,No,Yes,Yes,246
5817,19.0,68.6,18.6,18.72,0,No,No,No,No,NA
5818,30.1,24.0,74.3,0.41,1609,No,Yes,Yes,Yes,4013
5819,36.8,23.6,78.1,0.63,2697,No,No,Yes,Yes,3415
5820,33.8,27.9,67.1,0.21,1013,No,Yes,Yes,Yes,6226
5821,23.6,40.4,21.9,4.65,236,Yes,Yes,Yes,Yes,635
5822,25.4,35.2,38.9,0.39,45,No,Yes,Yes,Yes,774
5823,32.4,33.3,70.2,1.32,0,No,No,Yes,No,NA
5824,30.3,36.1,52.5,2.14,0,No,No,Yes,No,NA
5825,25.1,36.6,24.7,5.79,0,No,No,No,No,NA
5826,26.9,26.8,60.8,1.98,727,No,Yes,Yes,Yes,2265
5827,29.1,33.0,57.8,1.16,0,No,Yes,Yes,No,NA
5828,36.5,26.9,45.6,0.05,0,No,Yes,Yes,No,NA
5829,18.6,36.3,34.0,1.27,321,No,Yes,Yes,Yes,260
5830,32.7,13.4,64.0,0.33,1815,No,No,Yes,Yes,3505
5831,39.5,20.0,103.3,0.23,268,No,No,Yes,Yes,11140
5832,12.4,72.3,24.4,5.08,0,No,Yes,Yes,No,NA
5833,34.1,17.8,94.5,0.33,935,No,Yes,Yes,Yes,2890
5834,11.6,80.1,19.1,11.9,0,No,No,No,No,NA
5835,33.1,19.1,78.4,0.26,2936,No,No,Yes,Yes,6185
5836,31.5,32.3,37.4,0.15,224,No,No,Yes,Yes,1662
5837,13.7,89.7,5.5,6.72,0,No,No,No,No,NA
5838,38.1,15.2,65.2,1.3,1325,No,Yes,Yes,Yes,320
5839,24.7,57.2,23.7,17.97,0,No,No,No,No,NA
5840,12.9,79.8,19.1,22.18,0,No,No,No,No,NA
5841,40.0,25.4,84.3,0.36,749,No,No,Yes,Yes,1618
5842,29.0,35.0,29.4,3.54,0,No,No,Yes,No,NA
5843,27.4,48.7,41.6,6.33,157,No,No,Yes,Yes,403
5844,21.1,69.4,20.2,24.11,0,No,No,Yes,No,NA
5845,29.5,28.9,57.1,0.47,653,No,Yes,Yes,Yes,5330
5846,20.1,29.9,28.6,2.69,265,No,No,Yes,Yes,254
5847,24.5,31.1,35.7,2.58,53,No,Yes,Yes,Yes,659
5848,13.3,76.2,34.6,18.63,0,No,No,No,No,NA
5849,8.2,79.3,15.4,14.52,0,No,No,No,No,NA
5850,17.0,66.0,27.9,17.93,0,No,No,No,No,NA
5851,14.8,76.9,6.8,14.99,0,No,No,No,No,NA
5852,29.6,44.3,37.8,3.22,0,No,No,No,No,NA
5853,13.0,80.2,7.1,12.67,0,No,No,No,No,NA
5854,29.4,30.8,50.0,0.99,1036,Yes,Yes,Yes,Yes,33
5855,33.8,26.2,95.7,0.69,1430,No,Yes,Yes,Yes,2755
5856,22.9,79.6,10.5,15.41,0,No,No,No,No,NA
5857,37.8,24.6,38.8,0.07,548,No,No,Yes,Yes,1931
5858,28.7,22.7,45.7,1.32,112,No,No,Yes,Yes,565
5859,23.7,36.0,15.4,5.48,0,No,No,No,No,NA
5860,40.2,15.9,59.4,0.56,1411,Yes,Yes,Yes,Yes,2071
5861,30.3,24.2,57.3,1.85,178,No,Yes,Yes,Yes,1160
5862,34.9,33.9,32.7,0.88,383,Yes,Yes,Yes,Yes,56
5863,34.2,10.9,40.9,0.0,160,No,Yes,Yes,Yes,673
5864,29.0,35.3,25.0,2.24,410,No,No,Yes,Yes,103
5865,29.3,54.8,16.2,7.1,36,Yes,Yes,Yes,Yes,833
5866,14.0,73.9,32.3,14.2,0,No,No,No,No,NA
5867,26.1,30.2,52.5,1.67,0,No,No,No,No,NA
5868,35.7,8.4,50.2,0.2,1662,No,No,Yes,Yes,4157
5869,21.2,54.2,33.7,2.19,0,No,No,No,No,NA
5870,34.4,15.7,70.7,0.2,107,No,Yes,Yes,Yes,6808
5871,21.1,40.4,43.0,0.77,0,No,Yes,Yes,No,NA
5872,30.4,39.8,20.2,1.19,0,No,No,No,No,NA
5873,21.4,33.9,28.4,2.85,101,Yes,Yes,Yes,Yes,778
5874,15.5,89.3,24.8,8.54,0,No,No,No,No,NA
5875,38.2,16.3,84.3,0.16,11,No,No,Yes,Yes,3407
5876,31.6,16.1,45.0,1.72,0,No,No,No,No,NA
5877,34.8,24.2,55.1,0.03,782,No,No,Yes,Yes,2218
5878,7.8,81.5,8.2,27.77,0,No,No,No,No,NA
5879,30.2,32.6,70.3,1.01,295,No,Yes,Yes,Yes,2287
5880,23.5,76.8,21.9,11.35,0,No,No,No,No,NA
5881,26.0,25.9,46.0,0.69,277,No,No,Yes,Yes,2552
5882,27.8,38.7,46.7,0.86,89,Yes,Yes,Yes,Yes,1213
5883,29.1,26.6,36.1,1.65,0,Yes,Yes,Yes,No,NA
5884,30.7,11.9,81.5,0.52,3100,Yes,Yes,Yes,Yes,1206
5885,12.2,90.8,8.0,39.94,0,No,No,No,No,NA
5886,30.8,41.9,45.8,0.18,402,Yes,Yes,Yes,Yes,1967
5887,12.4,77.8,36.2,6.16,0,No,No,No,No,NA
5888,39.3,24.2,50.4,0.21,76,No,No,Yes,Yes,2591
5889,29.2,25.0,59.8,1.19,0,No,No,No,No,NA
5890,25.3,43.2,24.7,1.38,457,No,No,Yes,Yes,566
5891,29.4,42.3,33.2,1.87,0,Yes,Yes,Yes,No,NA
5892,24.0,46.8,18.7,6.88,45,No,Yes,Yes,Yes,149
5893,6.3,91.0,18.9,18.21,0,No,No,No,No,NA
5894,38.6,30.1,69.3,1.56,0,No,No,Yes,No,NA
5895,31.6,33.5,45.3,1.28,165,No,Yes,Yes,Yes,1405
5896,35.0,18.7,44.9,0.27,394,No,No,Yes,Yes,91
5897,37.0,19.8,69.3,0.31,1313,No,Yes,Yes,Yes,1851
5898,38.7,17.7,60.8,0.9,892,No,Yes,Yes,Yes,2509
5899,32.9,21.0,79.4,0.03,14,Yes,Yes,Yes,Yes,9769
5900,18.1,31.4,48.6,2.65,0,No,No,Yes,No,NA
5901,22.2,54.1,43.9,4.42,18,No,Yes,Yes,Yes,656
5902,36.5,15.8,76.9,0.44,2047,No,No,Yes,Yes,2261
5903,12.4,86.5,14.8,24.06,0,No,No,No,No,NA
5904,32.6,23.2,86.7,0.84,456,Yes,Yes,Yes,Yes,2793
5905,25.5,34.5,33.6,2.6,0,No,No,No,No,NA
5906,24.9,45.4,44.6,5.67,0,No,Yes,Yes,No,NA
5907,39.5,17.4,87.5,0.23,2414,No,Yes,Yes,Yes,732
5908,8.7,81.5,15.6,22.89,0,No,No,No,No,NA
5909,36.9,30.4,60.5,1.66,0,No,No,No,No,NA
5910,25.4,40.7,54.5,2.68,0,No,No,No,No,NA
5911,18.2,73.7,33.6,24.11,0,No,No,No,No,NA
5912,19.6,76.3,28.2,12.39,0,No,No,No,No,NA
5913,12.3,72.6,16.6,5.84,0,No,No,No,No,NA
5914,20.3,37.7,62.9,0.25,0,No,No,No,No,NA
5915,39.0,28.8,107.5,0.7,966,No,Yes,Yes,Yes,7949
5916,28.1,36.4,53.5,0.18,0,No,Yes,Yes,No,NA
5917,27.2,33.4,41.7,0.98,0,No,No,No,No,NA
5918,13.8,66.6,33.0,21.98,0,No,No,No,No,NA
5919,24.9,27.6,39.5,1.26,0,No,No,No,No,NA
5920,26.9,34.3,57.5,0.54,500,No,No,Yes,Yes,1612
5921,19.3,60.5,25.1,19.13,0,No,No,No,No,NA
5922,30.7,27.8,52.0,1.58,646,No,No,Yes,Yes,1522
5923,35.8,20.1,30.3,0.11,0,No,No,Yes,No,NA
5924,21.6,22.2,52.5,1.0,0,No,No,No,No,NA
5925,11.3,90.7,13.1,33.7,0,No,No,No,No,NA
5926,27.0,42.5,56.4,2.05,8,No,Yes,Yes,Yes,847
5927,33.9,31.2,59.8,1.05,319,No,No,Yes,Yes,2872
5928,44.2,9.9,71.5,0.22,1132,No,Yes,Yes,Yes,2736
5929,33.4,31.3,42.8,1.71,182,Yes,Yes,Yes,Yes,447
5930,15.7,88.7,23.3,11.62,0,No,No,No,No,NA
5931,42.4,22.9,71.4,0.61,558,No,Yes,Yes,Yes,8188
5932,20.6,75.5,36.2,17.33,0,No,No,No,No,NA
5933,19.2,70.1,29.6,8.12,0,No,No,No,No,NA
5934,34.3,33.3,51.2,1.92,0,No,No,No,No,NA
5935,38.1,9.3,82.8,0.2,3930,No,Yes,Yes,Yes,1671
5936,32.7,26.9,80.4,0.14,357,No,No,Yes,Yes,1463
5937,43.2,14.1,39.2,0.1,277,No,Yes,Yes,Yes,3906
5938,20.7,53.6,19.1,4.71,0,No,No,No,No,NA
5939,28.9,22.6,49.4,1.53,313,No,No,Yes,Yes,2442
5940,14.3,74.2,23.4,32.29,0,No,No,No,No,NA
5941,20.4,26.5,26.9,2.25,337,No,No,Yes,Yes,120
5942,35.3,19.9,63.7,0.52,621,Yes,Yes,Yes,Yes,2733
5943,11.4,83.3,6.8,16.07,0,No,No,No,No,NA
5944,43.3,10.5,45.7,0.24,480,No,Yes,Yes,Yes,491
5945,28.5,44.6,38.9,1.63,0,No,No,No,No,NA
5946,42.2,19.0,104.2,0.39,395,No,No,Yes,Yes,9242
5947,7.9,73.0,12.5,36.24,0,No,No,No,No,NA
5948,36.8,28.6,76.4,1.81,54,Yes,Yes,Yes,Yes,137
5949,27.2,37.8,50.2,3.44,0,No,No,No,No,NA
5950,13.3,71.4,8.3,11.64,0,No,No,No,No,NA
5951,33.0,30.0,31.2,1.8,154,No,No,Yes,Yes,984
5952,14.3,76.1,14.1,19.46,0,No,No,No,No,NA
5953,21.4,48.9,15.0,3.06,0,No,No,No,No,NA
5954,38.6,17.7,63.2,0.99,1268,Yes,Yes,Yes,Yes,4832
5955,30.0,38.8,25.3,1.16,0,No,Yes,Yes,No,NA
5956,10.7,86.4,18.5,21.14,0,No,No,No,No,NA
5957,28.2,33.4,36.1,1.82,0,No,No,No,No,NA
5958,40.6,24.4,91.1,0.62,2456,No,No,Yes,Yes,5780
5959,6.7,76.8,13.6,18.79,0,No,No,No,No,NA
5960,16.7,78.3,21.2,15.0,0,No,No,No,No,NA
5961,14.6,72.6,23.1,4.43,0,No,No,No,No,NA
5962,33.5,16.8,51.0,1.71,0,No,No,No,No,NA
5963,24.0,37.0,59.3,0.65,1263,Yes,Yes,Yes,Yes,180
5964,33.7,39.9,38.4,0.15,0,No,Yes,Yes,No,NA
5965,29.0,28.8,21.9,0.9,146,No,No,Yes,Yes,1290
5966,41.3,29.0,58.8,0.25,308,No,Yes,Yes,Yes,678
5967,32.2,27.0,49.9,1.23,57,Yes,Yes,Yes,Yes,4627
5968,32.8,18.8,77.8,0.1,1951,Yes,Yes,Yes,Yes,531
5969,7.1,91.9,12.4,23.06,0,No,No,No,No,NA
5970,22.8,39.0,40.9,4.1,0,No,No,No,No,NA
5971,41.7,14.7,62.8,0.92,687,Yes,Yes,Yes,Yes,3489
5972,36.3,11.2,80.9,0.2,4,No,Yes,Yes,Yes,3126
5973,25.7,27.9,57.5,1.81,1149,No,Yes,Yes,Yes,180
5974,33.4,10.9,85.4,0.78,132,No,Yes,Yes,Yes,7633
5975,31.7,15.3,69.3,1.62,484,No,No,Yes,Yes,184
5976,32.6,12.8,81.5,0.33,1418,No,No,Yes,Yes,2749
5977,23.0,53.7,25.4,6.61,0,No,No,Yes,No,NA
5978,34.3,36.1,45.5,0.48,389,No,No,Yes,Yes,286
5979,19.7,60.3,23.8,7.09,0,No,No,No,No,NA
5980,23.3,70.4,14.5,5.81,0,No,No,No,No,NA
5981,20.6,55.6,8.8,7.63,0,No,No,No,No,NA
5982,7.0,85.8,24.1,22.72,0,No,No,No,No,NA
5983,29.3,25.1,51.0,1.19,0,No,No,No,No,NA
5984,22.1,77.9,23.2,2.23,0,No,No,No,No,NA
5985,26.2,22.6,38.0,3.65,0,No,No,No,No,NA
5986,31.1,36.5,27.7,0.5,6,No,No,Yes,Yes,552
5987,26.3,32.7,56.6,1.23,0,No,Yes,Yes,No,NA
5988,39.6,32.6,71.5,1.69,1308,No,No,Yes,Yes,2212
5989,12.4,75.8,14.0,8.87,0,No,No,No,No,NA
5990,44.6,19.2,79.1,0.49,943,No,No,Yes,Yes,1960
5991,21.5,62.9,29.2,6.39,0,No,No,No,No,NA
5992,16.2,64.7,23.6,16.25,0,No,No,No,No,NA
5993,35.3,18.3,57.8,0.88,21,No,Yes,Yes,Yes,100
5994,35.4,28.7,98.8,0.52,348,No,No,Yes,Yes,1158
5995,35.8,21.6,51.8,0.9,151,No,No,Yes,Yes,593
5996,21.1,43.6,20.3,6.72,0,No,No,Yes,No,NA
5997,28.8,23.5,53.4,3.49,0,No,Yes,Yes,No,NA
5998,26.8,20.8,36.5,1.6,0,No,No,No,No,NA
5999,23.0,38.0,52.6,0.81,89,No,Yes,Yes,Yes,1017
6000,33.9,28.8,66.8,0.78,303,No,Yes,Yes,Yes,6364
6001,30.0,30.9,48.3,0.93,0,No,No,No,No,NA
6002,16.8,87.3,15.4,22.03,0,No,No,No,No,NA
6003,23.7,39.1,38.7,7.19,0,No,No,No,No,NA
6004,20.5,73.9,14.4,23.58,0,No,Yes,Yes,No,NA
6005,18.7,68.7,24.6,2.01,0,No,No,Yes,No,NA
6006,37.1,8.5,34.2,0.2,249,No,Yes,Yes,Yes,1304
6007,34.3,23.0,76.5,0.21,93,No,Yes,Yes,Yes,1811
6008,29.6,23.7,56.2,1.99,0,No,No,No,No,NA
6009,14.0,91.2,16.6,34.08,0,No,No,No,No,NA
6010,25.0,76.0,26.5,16.34,0,No,No,Yes,No,NA
6011,34.3,22.3,63.3,0.5,193,No,Yes,Yes,Yes,7646
6012,15.6,90.6,6.6,16.64,0,No,No,No,No,NA
6013,26.3,26.0,27.2,3.01,570,No,Yes,Yes,Yes,2067
6014,19.2,72.1,31.4,19.71,0,No,No,No,No,NA
6015,18.1,63.4,23.4,5.67,0,No,No,No,No,NA
6016,12.7,61.4,28.9,22.88,0,No,No,No,No,NA
6017,32.8,21.5,53.9,0.2,498,No,Yes,Yes,Yes,4290
6018,20.6,29.1,28.9,1.2,0,No,No,No,No,NA
6019,25.6,20.5,59.0,3.95,0,No,No,No,No,NA
6020,15.6,71.3,28.7,12.61,0,No,No,No,No,NA
6021,42.4,15.7,53.6,0.6,388,No,Yes,Yes,Yes,672
6022,28.8,25.4,59.7,0.9,0,No,No,Yes,No,NA
6023,23.8,36.2,58.2,0.06,628,No,No,Yes,Yes,618
6024,38.3,29.9,42.0,1.97,1309,No,No,Yes,Yes,4085
6025,44.2,20.1,80.2,0.19,875,No,No,Yes,Yes,1800
6026,21.7,70.4,18.1,4.06,0,No,No,No,No,NA
6027,27.3,22.8,61.9,3.54,0,No,Yes,Yes,No,NA
6028,17.7,85.2,16.9,12.47,0,No,No,No,No,NA
6029,19.1,62.2,22.6,11.43,0,No,No,No,No,NA
6030,42.5,16.8,68.0,0.11,856,No,No,Yes,Yes,2431
6031,26.8,38.3,34.0,7.38,55,No,No,Yes,Yes,790
6032,23.6,72.3,16.9,2.22,0,No,No,No,No,NA
6033,39.1,24.7,52.7,0.62,401,No,No,Yes,Yes,3467
6034,22.6,60.2,11.2,12.12,0,No,No,No,No,NA
6035,39.8,10.5,33.9,0.38,670,No,Yes,Yes,Yes,593
6036,23.2,40.9,18.1,0.73,0,No,No,No,No,NA
6037,14.3,76.3,23.5,10.37,0,No,No,No,No,NA
6038,34.0,16.8,67.8,0.49,1165,Yes,Yes,Yes,Yes,2318
6039,32.6,13.4,54.2,0.25,14,No,No,Yes,Yes,6114
6040,31.7,22.7,24.3,1.35,408,No,Yes,Yes,Yes,2375
6041,32.7,21.4,49.0,1.2,4,Yes,Yes,Yes,Yes,1137
6042,38.1,21.0,56.5,0.6,0,No,No,No,No,NA
6043,28.1,16.0,74.3,1.03,675,Yes,Yes,Yes,Yes,186
6044,15.1,61.2,10.7,11.11,0,No,No,No,No,NA
6045,14.5,77.4,12.6,38.01,0,No,No,No,No,NA
6046,25.2,39.5,46.9,0.09,0,No,No,No,No,NA
6047,20.8,32.2,52.3,1.51,0,No,Yes,Yes,No,NA
6048,29.3,39.5,44.6,5.12,210,No,No,Yes,Yes,2018
6049,30.5,19.4,63.9,1.59,197,No,No,Yes,Yes,1430
6050,17.4,84.1,22.5,16.46,0,No,No,No,No,NA
6051,40.4,22.0,99.3,0.22,722,No,Yes,Yes,Yes,7324
6052,33.8,21.7,48.5,1.49,288,No,No,Yes,Yes,1375
6053,41.2,10.5,42.5,0.15,440,No,Yes,Yes,Yes,2408
6054,8.8,92.7,10.8,13.81,0,No,No,No,No,NA
6055,23.5,44.0,46.3,2.96,0,No,No,No,No,NA
6056,23.2,50.5,16.0,4.77,74,No,No,Yes,Yes,816
6057,22.7,42.8,21.8,2.55,0,No,Yes,Yes,No,NA
6058,35.9,25.5,53.8,0.99,806,No,No,Yes,Yes,251
6059,32.6,38.6,25.4,1.01,0,Yes,Yes,Yes,No,NA
6060,27.5,52.4,20.4,1.61,0,No,No,No,No,NA
6061,18.4,56.8,20.7,9.18,0,No,No,No,No,NA
6062,33.3,8.3,76.5,0.28,169,Yes,Yes,Yes,Yes,915
6063,22.2,38.1,35.8,2.76,0,No,No,No,No,NA
6064,23.8,70.6,28.4,10.47,0,No,No,Yes,No,NA
6065,25.8,32.2,22.2,2.06,186,No,Yes,Yes,Yes,192
6066,8.8,92.5,19.8,6.21,0,No,No,No,No,NA
6067,27.0,35.3,39.1,6.34,235,No,Yes,Yes,Yes,2252
6068,24.3,42.1,43.0,6.04,0,No,No,No,No,NA
6069,34.6,10.2,70.7,0.45,2066,No,No,Yes,Yes,2554
6070,40.5,23.3,89.2,0.08,1636,Yes,Yes,Yes,Yes,3914
6071,14.8,77.6,24.8,12.43,0,No,No,No,No,NA
6072,26.4,21.0,25.4,0.68,635,No,No,Yes,Yes,349
6073,33.4,22.5,73.5,0.3,21,Yes,Yes,Yes,Yes,4250
6074,27.0,38.7,38.2,1.3,0,Yes,Yes,Yes,No,NA
6075,36.6,18.0,41.0,1.74,0,No,Yes,Yes,No,NA
6076,20.1,71.6,23.4,15.33,0,No,No,No,No,NA
6077,29.5,27.3,33.9,1.9,0,No,No,No,No,NA
6078,30.2,26.4,46.3,1.3,0,No,No,Yes,No,NA
6079,17.9,66.2,26.6,19.03,0,No,No,No,No,NA
6080,39.5,21.0,71.9,1.32,17,No,No,Yes,Yes,655
6081,15.0,63.3,26.0,11.6,0,No,No,No,No,NA
6082,30.0,15.1,77.2,0.92,238,No,Yes,Yes,Yes,8013
6083,31.1,16.9,70.1,0.55,183,Yes,Yes,Yes,Yes,5592
6084,18.5,75.1,29.4,9.51,0,No,No,No,No,NA
6085,19.8,62.3,22.7,8.4,0,No,No,No,No,NA
6086,27.1,38.3,52.2,0.42,0,No,No,No,No,NA
6087,26.7,31.4,30.6,0.09,0,No,Yes,Yes,No,NA
6088,26.9,38.4,63.8,1.1,301,No,Yes,Yes,Yes,243
6089,23.5,79.8,25.6,14.07,0,No,No,No,No,NA
6090,35.4,15.6,34.1,0.03,1079,No,No,Yes,Yes,1472
6091,19.2,56.0,19.1,9.05,26,No,No,Yes,Yes,162
6092,15.6,75.6,19.6,14.29,0,No,No,No,No,NA
6093,33.7,17.3,59.2,0.8,130,No,No,Yes,Yes,103
6094,21.9,30.0,46.2,0.32,0,Yes,Yes,Yes,No,NA
6095,30.6,28.0,82.6,0.73,211,No,Yes,Yes,Yes,1426
6096,29.3,32.5,45.3,0.44,857,No,Yes,Yes,Yes,1798
6097,32.4,14.0,58.6,0.13,1709,No,No,Yes,Yes,3657
6098,28.0,29.1,43.7,1.34,0,No,No,Yes,No,NA
6099,24.4,35.1,51.6,2.38,46,No,Yes,Yes,Yes,315
6100,27.0,30.5,62.7,2.2,156,No,No,Yes,Yes,2974
6101,26.7,37.9,38.7,0.02,0,No,No,No,No,NA
6102,21.4,62.2,19.7,7.18,108,No,Yes,Yes,Yes,90
6103,24.5,68.4,14.4,11.58,0,No,No,No,No,NA
6104,37.9,32.1,61.7,0.08,920,No,No,Yes,Yes,3129
6105,25.7,35.6,49.1,2.0,0,Yes,Yes,Yes,No,NA
6106,30.7,33.1,21.6,1.59,36,No,No,Yes,Yes,25
6107,21.8,45.6,33.6,4.37,0,No,No,No,No,NA
6108,21.4,78.9,30.7,16.78,0,No,No,No,No,NA
6109,23.7,44.9,28.6,2.14,14,Yes,Yes,Yes,Yes,460
6110,32.5,21.7,23.6,0.41,10,Yes,Yes,Yes,Yes,1110
6111,44.2,12.7,46.4,0.27,1501,No,Yes,Yes,Yes,1888
6112,21.1,47.0,18.0,6.52,100,No,No,Yes,Yes,128
6113,31.1,22.6,51.3,0.92,237,No,No,Yes,Yes,2356
6114,28.1,26.3,50.0,1.9,0,No,No,No,No,NA
6115,9.7,90.7,24.8,37.95,0,No,No,No,No,NA
6116,33.6,13.1,71.8,0.37,403,Yes,Yes,Yes,Yes,876
6117,10.3,85.1,21.3,24.09,0,No,No,No,No,NA
6118,25.9,35.7,44.2,2.68,0,No,No,No,No,NA
6119,23.0,56.2,14.6,11.12,0,No,No,No,No,NA
6120,37.4,19.7,64.5,1.85,4,Yes,Yes,Yes,Yes,2523
6121,39.2,24.2,63.5,1.79,2686,Yes,Yes,Yes,Yes,1205
6122,25.3,33.9,24.3,1.39,400,No,No,Yes,Yes,237
6123,17.9,72.4,14.0,36.75,0,No,No,No,No,NA
6124,10.5,88.4,18.8,28.84,0,No,No,No,No,NA
6125,17.9,64.8,36.9,3.52,0,No,No,No,No,NA
6126,5.6,70.7,11.4,7.07,0,No,No,No,No,NA
6127,12.5,84.8,15.5,12.82,0,No,No,No,No,NA
6128,17.1,77.4,13.1,19.4,0,No,No,No,No,NA
6129,39.9,15.2,82.4,0.4,293,No,No,Yes,Yes,5947
6130,20.1,70.4,32.4,23.41,206,No,Yes,Yes,Yes,221
6131,22.3,29.6,20.2,0.54,76,No,No,Yes,Yes,94
6132,22.9,25.1,39.7,0.87,0,No,No,Yes,No,NA
6133,21.6,77.6,7.6,2.23,0,No,No,No,No,NA
6134,17.7,65.5,21.0,17.58,42,Yes,Yes,Yes,Yes,10
6135,23.9,51.9,22.5,1.57,0,No,No,Yes,No,NA
6136,42.6,23.3,34.8,0.1,39,No,Yes,Yes,Yes,206
6137,25.4,32.5,36.6,1.33,0,No,No,No,No,NA
6138,44.9,20.5,76.0,0.31,3659,Yes,Yes,Yes,Yes,229
6139,32.0,31.7,27.2,2.08,260,No,No,Yes,Yes,35
6140,37.6,13.6,75.1,0.73,600,No,Yes,Yes,Yes,4574
6141,29.2,19.3,44.4,0.58,79,Yes,Yes,Yes,Yes,830
6142,27.9,46.6,26.5,1.15,154,No,No,Yes,Yes,413
6143,27.5,40.8,40.8,7.33,231,No,No,Yes,Yes,214
6144,42.1,17.1,77.9,0.07,989,No,No,Yes,Yes,3766
6145,17.3,87.5,12.5,38.4,0,No,No,No,No,NA
6146,28.1,42.2,36.0,7.2,0,No,No,No,No,NA
6147,19.6,56.0,6.1,14.74,0,No,No,No,No,NA
6148,39.1,13.8,86.8,0.71,1947,No,No,Yes,Yes,7513
6149,27.7,49.3,33.4,2.86,0,No,No,Yes,No,NA
6150,22.0,32.2,56.0,0.65,171,No,Yes,Yes,Yes,1297
6151,22.5,35.2,28.1,4.58,0,No,No,No,No,NA
6152,30.2,26.6,104.1,0.66,17,No,Yes,Yes,Yes,1904
6153,19.2,72.7,13.8,13.72,0,No,No,No,No,NA
6154,20.2,29.4,34.6,3.51,0,No,No,No,No,NA
6155,22.5,21.8,60.1,2.74,0,No,No,No,No,NA
6156,45.0,14.5,79.0,0.42,55,No,No,Yes,Yes,8188
6157,36.1,26.0,71.7,1.19,96,No,Yes,Yes,Yes,4427
6158,15.1,59.1,25.4,13.04,0,No,No,No,No,NA
6159,16.5,62.9,13.9,11.25,0,No,No,No,No,NA
6160,32.0,28.6,56.1,0.8,0,No,No,Yes,No,NA
6161,38.2,27.9,61.7,0.44,1203,Yes,Yes,Yes,Yes,3993
6162,43.2,16.8,77.4,0.2,1621,No,No,Yes,Yes,6208
6163,24.4,55.1,25.3,9.91,0,No,No,No,No,NA
6164,23.7,48.9,45.2,6.88,263,No,Yes,Yes,Yes,471
6165,44.3,20.9,48.8,0.25,0,No,No,No,No,NA
6166,19.6,79.3,25.1,7.38,0,No,No,No,No,NA
6167,30.0,42.7,54.7,1.29,1076,No,Yes,Yes,Yes,1900
6168,23.2,67.1,16.6,11.69,0,No,No,No,No,NA
6169,31.4,36.6,38.8,0.84,0,Yes,Yes,Yes,No,NA
6170,42.8,20.6,72.1,0.02,1416,Yes,Yes,Yes,Yes,6713
6171,6.2,76.2,9.5,27.68,0,No,No,No,No,NA
6172,15.6,73.1,11.6,28.53,0,No,No,No,No,NA
6173,36.0,23.6,78.9,0.43,0,No,No,Yes,No,NA
6174,23.0,29.1,28.1,1.28,4,No,No,Yes,Yes,324
6175,26.1,25.0,34.2,1.79,36,No,No,Yes,Yes,1032
6176,33.8,12.5,80.2,0.24,185,No,No,Yes,Yes,499
6177,24.2,41.3,38.1,3.57,438,No,Yes,Yes,Yes,722
6178,29.2,19.7,54.0,1.47,801,No,No,Yes,Yes,1731
6179,33.8,30.1,68.0,0.25,0,No,Yes,Yes,No,NA
6180,32.9,18.1,49.7,1.73,2,No,No,Yes,Yes,2680
6181,29.0,34.7,78.9,1.8,0,No,No,Yes,No,NA
6182,32.0,16.9,89.7,0.42,149,Yes,Yes,Yes,Yes,2941
6183,39.8,17.4,39.1,0.29,461,No,Yes,Yes,Yes,252
6184,42.3,11.1,104.1,0.88,3682,No,No,Yes,Yes,15278
6185,18.0,84.2,28.9,21.51,0,No,No,No,No,NA
6186,44.2,24.6,75.9,0.39,1982,No,Yes,Yes,Yes,2258
6187,35.6,12.8,36.5,0.43,1254,Yes,Yes,Yes,Yes,2045
6188,15.2,91.5,9.3,27.73,0,No,No,No,No,NA
6189,36.5,26.1,51.8,0.32,67,No,No,Yes,Yes,3078
6190,30.7,30.1,42.1,1.88,0,No,No,Yes,No,NA
6191,5.3,73.2,8.5,35.03,0,No,No,No,No,NA
6192,40.7,12.1,93.3,0.45,1940,No,Yes,Yes,Yes,6341
6193,37.4,12.5,67.6,0.97,101,No,No,Yes,Yes,5224
6194,32.3,19.3,49.3,0.46,24,Yes,Yes,Yes,Yes,1409
6195,33.4,27.6,35.4,1.32,29,No,Yes,Yes,Yes,624
6196,28.1,39.4,49.3,4.63,0,No,No,No,No,NA
6197,16.6,57.5,19.6,8.96,0,No,No,No,No,NA
6198,39.8,11.1,107.3,0.5,866,Yes,Yes,Yes,Yes,11449
6199,10.4,83.3,10.4,16.0,0,No,No,No,No,NA
6200,30.9,34.4,69.8,0.27,252,No,Yes,Yes,Yes,1234
6201,33.4,39.0,26.2,0.85,0,No,Yes,Yes,No,NA
6202,29.6,42.6,22.0,1.05,0,No,Yes,Yes,No,NA
6203,31.1,26.3,105.4,0.12,513,No,Yes,Yes,Yes,4186
6204,28.3,35.1,45.8,0.97,4,No,Yes,Yes,Yes,99
6205,5.0,87.4,18.0,9.75,0,No,No,No,No,NA
6206,32.3,18.0,74.7,0.48,1173,Yes,Yes,Yes,Yes,1910
6207,29.0,31.4,40.1,0.77,205,Yes,Yes,Yes,Yes,1158
6208,15.1,66.5,24.5,22.26,0,No,No,No,No,NA
6209,6.8,92.6,9.9,20.5,0,No,No,No,No,NA
6210,33.1,30.4,43.4,0.48,0,No,No,No,No,NA
6211,28.4,34.8,38.1,1.72,0,No,No,No,No,NA
6212,21.5,56.8,19.1,10.27,0,No,No,No,No,NA
6213,12.8,85.4,13.6,14.83,0,No,No,No,No,NA
6214,36.9,15.9,57.9,0.78,937,No,No,Yes,Yes,1812
6215,31.5,31.6,49.5,1.8,303,No,No,Yes,Yes,488
6216,27.5,46.7,32.1,2.9,0,No,No,No,No,NA
6217,15.0,76.2,23.8,5.34,0,No,No,No,No,NA
6218,17.8,89.4,15.3,24.43,0,No,No,No,No,NA
6219,25.3,32.2,53.0,0.97,0,No,No,Yes,No,NA
6220,21.8,63.3,16.7,17.14,0,No,No,No,No,NA
6221,23.1,79.7,11.0,10.4,0,No,No,No,No,NA
6222,22.3,46.0,37.8,6.84,52,Yes,Yes,Yes,Yes,285
6223,24.8,63.1,28.6,10.11,0,No,No,No,No,NA
6224,38.0,13.5,70.0,0.34,410,Yes,Yes,Yes,Yes,4124
6225,41.4,19.6,50.9,0.21,718,No,Yes,Yes,Yes,1701
6226,31.9,26.7,35.2,1.15,0,No,Yes,Yes,No,NA
6227,30.6,16.2,70.2,0.13,206,No,Yes,Yes,Yes,5815
6228,15.8,81.2,7.4,23.56,0,No,No,No,No,NA
6229,27.6,54.9,41.5,6.15,0,No,No,No,No,NA
6230,39.5,23.2,88.7,0.46,0,No,Yes,Yes,No,NA
6231,29.9,32.3,41.3,1.86,0,No,No,No,No,NA
6232,42.7,13.3,55.9,0.17,1192,No,No,Yes,Yes,3119
6233,23.6,34.3,42.7,1.78,0,No,No,No,No,NA
6234,10.2,81.9,22.8,22.42,0,No,No,No,No,NA
6235,21.6,62.4,16.2,3.31,0,No,No,No,No,NA
6236,29.0,28.6,51.0,1.47,148,No,Yes,Yes,Yes,1389
6237,30.7,33.9,35.7,0.29,0,No,No,Yes,No,NA
6238,23.9,64.3,19.6,12.65,0,No,Yes,Yes,No,NA
6239,35.0,17.8,47.6,0.13,221,Yes,Yes,Yes,Yes,2622
6240,28.3,18.5,49.7,1.59,991,Yes,Yes,Yes,Yes,2259
6241,40.5,13.4,66.6,0.03,74,No,No,Yes,Yes,1288
6242,28.0,39.3,49.6,0.82,82,No,Yes,Yes,Yes,1127
6243,40.0,12.4,100.0,0.93,265,No,Yes,Yes,Yes,4269
6244,23.8,79.5,8.9,4.49,0,No,No,No,No,NA
6245,16.9,78.7,12.7,10.42,0,No,No,No,No,NA
6246,20.6,51.1,39.5,1.09,0,No,No,No,No,NA
6247,12.4,79.4,15.3,6.5,0,No,No,No,No,NA
6248,18.3,65.2,36.8,8.04,0,No,No,No,No,NA
6249,21.8,62.6,21.4,17.98,0,No,No,No,No,NA
6250,27.1,30.4,22.3,1.89,68,No,Yes,Yes,Yes,1244
6251,17.7,76.4,17.6,6.91,0,No,No,No,No,NA
6252,37.3,27.3,62.3,0.68,0,No,No,No,No,NA
6253,25.0,73.9,5.5,15.48,0,No,No,No,No,NA
6254,25.1,23.7,23.1,1.43,504,No,No,Yes,Yes,1001
6255,34.3,24.3,97.8,0.4,430,No,No,Yes,Yes,8300
6256,34.4,12.4,90.8,0.58,2106,No,No,Yes,Yes,6683
6257,23.7,73.6,15.5,16.33,0,No,No,No,No,NA
6258,13.2,89.8,12.2,20.58,0,No,No,No,No,NA
6259,18.7,65.6,27.0,4.33,0,No,No,No,No,NA
6260,21.9,37.9,35.3,7.14,239,No,No,Yes,Yes,260
6261,23.2,38.9,56.9,3.19,496,No,Yes,Yes,Yes,430
6262,11.2,78.3,10.3,30.14,0,No,No,No,No,NA
6263,12.8,82.3,38.9,18.57,0,No,No,Yes,No,NA
6264,32.9,32.2,50.9,1.97,373,No,No,Yes,Yes,1541
6265,39.7,22.6,61.7,0.79,570,No,No,Yes,Yes,6518
6266,29.8,43.4,47.6,2.3,0,No,No,No,No,NA
6267,25.5,49.3,32.2,4.54,71,Yes,Yes,Yes,Yes,1381
6268,22.0,41.2,19.7,3.03,5,Yes,Yes,Yes,Yes,571
6269,25.3,20.3,38.2,2.46,0,No,No,No,No,NA
6270,37.9,16.3,74.3,0.3,645,No,No,Yes,Yes,75
6271,17.5,80.7,8.4,19.2,0,No,No,No,No,NA
6272,24.4,26.5,57.5,1.67,0,No,No,Yes,No,NA
6273,24.9,28.4,54.3,2.84,0,Yes,Yes,Yes,No,NA
6274,25.2,34.4,32.4,1.39,256,No,No,Yes,Yes,1321
6275,15.9,59.2,20.4,10.4,0,No,No,No,No,NA
6276,18.8,63.7,38.9,3.69,0,No,No,No,No,NA
6277,24.6,53.2,24.5,2.61,0,No,No,No,No,NA
6278,27.8,35.1,17.4,3.48,46,No,No,Yes,Yes,695
6279,27.9,38.1,59.0,0.34,95,No,No,Yes,Yes,1808
6280,25.5,32.3,60.2,0.23,901,No,Yes,Yes,Yes,2634
6281,15.2,71.0,31.0,3.95,0,No,No,No,No,NA
6282,28.5,23.3,75.0,1.2,602,No,No,Yes,Yes,20
6283,15.9,74.6,35.4,23.74,0,No,No,Yes,No,NA
6284,22.9,20.9,30.9,0.32,62,No,No,Yes,Yes,1462
6285,34.6,24.5,69.4,0.45,1264,No,No,Yes,Yes,4073
6286,40.4,22.0,54.2,0.79,1224,No,Yes,Yes,Yes,1930
6287,18.3,58.0,8.2,7.36,0,No,No,No,No,NA
6288,15.8,59.6,18.5,9.97,0,No,No,No,No,NA
6289,31.8,24.3,26.0,1.81,0,No,No,No,No,NA
6290,7.9,75.5,6.0,30.44,0,No,No,No,No,NA
6291,34.4,33.4,42.9,1.52,37,Yes,Yes,Yes,Yes,651
6292,39.0,16.6,87.3,0.2,1382,No,No,Yes,Yes,8466
6293,16.1,58.7,7.0,19.02,0,No,No,No,No,NA
6294,29.4,31.6,57.3,0.65,0,No,No,No,No,NA
6295,31.0,20.1,51.7,0.63,977,No,Yes,Yes,Yes,158
6296,30.1,22.6,91.9,0.5,542,No,No,Yes,Yes,797
6297,30.6,28.9,51.3,2.61,212,No,No,Yes,Yes,3600
6298,28.7,27.6,26.7,0.23,126,No,Yes,Yes,Yes,2365
6299,19.3,77.7,28.9,10.34,0,No,No,No,No,NA
6300,36.7,23.1,72.4,0.53,246,No,Yes,Yes,Yes,7113
6301,18.4,62.5,33.7,23.68,0,No,No,No,No,NA
6302,19.4,60.2,23.3,18.35,0,No,No,No,No,NA
6303,29.6,42.5,20.6,2.96,0,No,No,No,No,NA
6304,25.8,49.0,17.7,7.67,0,No,Yes,Yes,No,NA
6305,30.8,27.5,51.7,0.02,0,No,No,No,No,NA
6306,35.5,30.7,58.5,1.99,0,Yes,Yes,Yes,No,NA
6307,38.1,32.3,59.3,1.07,589,No,No,Yes,Yes,4149
6308,21.6,59.6,14.3,18.97,0,No,No,No,No,NA
6309,16.0,71.7,16.2,6.27,0,No,No,No,No,NA
6310,16.4,75.3,39.5,17.66,0,No,No,No,No,NA
6311,12.4,91.2,23.8,27.93,0,No,No,No,No,NA
6312,29.5,38.1,46.0,2.99,0,Yes,Yes,Yes,No,NA
6313,34.5,14.3,89.5,0.48,1150,Yes,Yes,Yes,Yes,9435
6314,24.7,40.2,19.9,7.81,0,No,No,No,No,NA
6315,23.2,47.6,32.4,1.57,0,No,No,No,No,NA
6316,25.2,31.4,27.7,3.47,217,No,No,Yes,Yes,185
6317,26.6,51.4,43.6,7.29,336,No,No,Yes,Yes,1701
6318,13.7,79.0,16.3,28.35,0,No,No,No,No,NA
6319,33.0,20.1,43.4,0.22,0,No,No,No,No,NA
6320,39.2,17.8,48.0,0.28,760,No,Yes,Yes,Yes,3141
6321,40.6,9.9,34.1,0.04,405,No,No,Yes,Yes,1021
6322,15.3,66.0,38.4,15.98,0,No,No,No,No,NA
6323,22.9,36.6,31.7,1.91,334,No,No,Yes,Yes,609
6324,27.8,20.9,51.3,1.51,197,No,No,Yes,Yes,1267
6325,12.0,92.5,6.5,24.37,0,No,No,No,No,NA
6326,22.1,72.7,20.1,16.93,0,No,No,No,No,NA
6327,18.8,30.4,47.2,2.26,0,No,No,No,No,NA
6328,25.5,33.8,53.3,1.77,928,No,No,Yes,Yes,1523
6329,32.6,17.2,91.8,0.34,162,No,No,Yes,Yes,623
6330,29.6,28.6,49.3,1.65,871,No,Yes,Yes,Yes,2870
6331,32.3,12.2,89.6,0.14,339,No,Yes,Yes,Yes,1631
6332,15.7,73.8,16.9,22.23,1,No,No,Yes,Yes,94
6333,19.4,66.6,40.0,11.62,0,No,No,No,No,NA
6334,29.7,29.8,58.5,1.87,0,Yes,Yes,Yes,No,NA
6335,30.5,17.7,65.2,0.16,337,No,Yes,Yes,Yes,2039
6336,32.4,27.4,21.0,1.65,0,No,Yes,Yes,No,NA
6337,41.6,20.2,82.3,0.26,1200,No,Yes,Yes,Yes,8016
6338,36.0,27.9,63.6,0.23,0,No,Yes,Yes,No,NA
6339,24.9,70.6,12.5,3.57,0,No,No,Yes,No,NA
6340,5.7,72.4,23.3,12.13,0,No,No,No,No,NA
6341,38.7,20.5,46.4,0.06,676,No,Yes,Yes,Yes,994
6342,27.4,35.2,66.1,1.87,1421,No,Yes,Yes,Yes,58
6343,29.3,34.6,57.2,0.01,632,No,Yes,Yes,Yes,442
6344,6.2,80.2,5.7,22.55,0,No,No,No,No,NA
6345,18.6,28.3,43.9,3.22,0,No,No,No,No,NA
6346,30.2,21.0,36.6,0.57,0,No,Yes,Yes,No,NA
6347,16.0,58.4,21.6,11.54,0,No,No,Yes,No,NA
6348,39.6,10.0,84.9,0.38,198,No,Yes,Yes,Yes,3020
6349,18.8,26.0,25.5,3.16,0,No,No,No,No,NA
6350,16.3,79.6,28.6,13.75,0,No,No,No,No,NA
6351,28.1,26.2,34.1,2.63,183,No,No,Yes,Yes,176
6352,17.9,63.4,25.1,17.0,0,No,No,No,No,NA
6353,13.3,62.9,29.9,12.29,0,No,No,Yes,No,NA
6354,44.1,20.4,52.6,0.18,36,No,No,Yes,Yes,3645
6355,12.9,81.5,23.1,11.34,0,No,No,No,No,NA
6356,31.1,21.7,57.3,1.47,522,No,No,Yes,Yes,3560
6357,29.7,41.3,39.1,1.15,631,No,Yes,Yes,Yes,1875
6358,34.3,21.6,43.9,1.34,0,No,No,No,No,NA
6359,16.3,60.1,7.1,15.32,0,No,No,No,No,NA
6360,42.9,13.1,44.2,0.12,37,No,Yes,Yes,Yes,2908
6361,28.3,30.5,39.0,1.36,2,No,No,Yes,Yes,1223
6362,44.4,9.1,35.9,0.47,194,No,No,Yes,Yes,2014
6363,32.2,19.7,51.3,1.4,0,No,No,No,No,NA
6364,24.8,35.6,55.6,2.14,0,No,No,No,No,NA
6365,21.3,37.3,51.6,1.21,0,No,No,No,No,NA
6366,28.3,30.3,64.7,1.86,0,No,No,No,No,NA
6367,24.1,68.1,18.2,15.73,0,No,No,No,No,NA
6368,33.4,36.1,62.1,1.31,411,Yes,Yes,Yes,Yes,1801
6369,13.7,93.8,10.7,14.99,0,No,No,No,No,NA
6370,20.2,64.0,12.9,16.82,0,No,No,No,No,NA
6371,27.4,36.3,44.2,2.16,0,No,No,No,No,NA
6372,21.4,39.4,29.1,2.3,0,No,No,No,No,NA
6373,25.7,41.8,39.4,1.29,0,No,No,No,No,NA
6374,29.1,27.1,43.0,0.96,848,No,No,Yes,Yes,1668
6375,24.7,29.4,57.6,1.38,362,No,Yes,Yes,Yes,2350
6376,20.8,70.1,12.6,15.17,0,No,No,No,No,NA
6377,23.7,61.6,15.8,4.48,0,No,No,No,No,NA
6378,34.5,20.3,54.7,0.35,0,No,No,No,No,NA
6379,27.8,37.0,23.6,0.3,495,No,No,Yes,Yes,673
6380,36.0,23.4,59.3,0.47,1413,No,No,Yes,Yes,2756
6381,21.8,59.4,28.9,2.67,0,No,No,No,No,NA
6382,25.2,24.6,65.6,1.0,175,No,Yes,Yes,Yes,1462
6383,24.7,75.7,17.4,16.03,0,No,No,No,No,NA
6384,30.9,33.6,24.6,1.59,107,No,No,Yes,Yes,1045
6385,37.3,21.3,83.4,0.29,2180,No,No,Yes,Yes,3075
6386,19.7,77.0,7.4,2.51,0,No,No,No,No,NA
6387,16.7,59.3,25.5,13.0,0,No,No,No,No,NA
6388,26.9,46.3,49.0,4.48,0,No,No,No,No,NA
6389,28.4,26.6,22.2,1.74,0,Yes,Yes,Yes,No,NA
6390,20.7,51.9,34.4,4.29,42,No,No,Yes,Yes,1343
6391,43.5,11.6,68.0,0.14,74,No,No,Yes,Yes,20
6392,28.6,28.0,35.2,0.02,487,No,Yes,Yes,Yes,1679
6393,28.1,32.5,51.8,0.94,0,No,Yes,Yes,No,NA
6394,33.0,41.9,24.3,1.65,25,No,Yes,Yes,Yes,171
6395,20.3,25.0,34.1,1.01,0,No,Yes,Yes,No,NA
6396,21.8,76.5,28.6,20.21,0,No,No,No,No,NA
6397,35.7,16.8,64.0,0.94,94,No,Yes,Yes,Yes,3116
6398,25.0,28.3,51.8,2.57,312,Yes,Yes,Yes,Yes,1295
6399,14.1,81.3,36.4,19.93,0,No,No,No,No,NA
6400,37.8,30.2,72.7,0.17,1243,Yes,Yes,Yes,Yes,1646
6401,39.1,20.0,83.7,0.45,572,No,Yes,Yes,Yes,3195
6402,33.7,33.4,40.9,0.87,16,No,No,Yes,Yes,635
6403,39.6,17.3,69.6,0.16,202,Yes,Yes,Yes,Yes,1544
6404,32.7,21.1,31.6,0.46,274,No,No,Yes,Yes,2080
6405,43.2,16.1,88.9,0.0,1746,No,No,Yes,Yes,2215
6406,23.7,38.3,35.1,3.55,0,No,No,No,No,NA
6407,24.6,33.6,51.1,1.01,168,Yes,Yes,Yes,Yes,947
6408,17.9,65.6,28.5,13.59,0,No,No,No,No,NA
6409,14.3,78.7,33.1,6.56,0,No,No,No,No,NA
6410,16.8,83.8,21.1,9.0,0,No,No,No,No,NA
6411,38.3,11.1,51.9,0.76,1266,No,Yes,Yes,Yes,2105
6412,27.6,52.5,34.3,5.44,0,No,No,No,No,NA
6413,40.9,20.5,55.2,0.33,1766,No,Yes,Yes,Yes,2717
6414,25.3,26.6,59.3,0.42,1295,No,Yes,Yes,Yes,3670
6415,12.0,71.9,29.2,24.83,0,No,No,No,No,NA
6416,39.6,28.7,104.7,0.18,1455,No,Yes,Yes,Yes,1080
6417,15.9,60.6,19.9,11.62,0,No,No,No,No,NA
6418,30.0,52.9,48.2,6.2,0,No,No,Yes,No,NA
6419,18.2,27.8,27.3,3.23,0,No,No,No,No,NA
6420,15.6,79.7,14.6,11.38,0,No,No,No,No,NA
6421,9.5,74.6,17.6,16.98,0,No,No,No,No,NA
6422,42.6,15.4,79.4,0.94,2828,No,Yes,Yes,Yes,445
6423,31.9,38.2,28.9,0.32,356,No,No,Yes,Yes,340
6424,23.9,46.6,39.2,2.05,304,No,No,Yes,Yes,680
6425,26.7,41.2,49.9,0.63,18,No,Yes,Yes,Yes,861
6426,34.9,31.6,44.0,0.53,0,No,No,No,No,NA
6427,29.5,21.0,47.0,0.72,429,No,No,Yes,Yes,1239
6428,18.2,69.2,30.0,7.99,0,No,No,No,No,NA
6429,25.3,22.0,46.3,2.86,0,No,No,Yes,No,NA
6430,29.8,34.4,48.2,2.21,0,Yes,Yes,Yes,No,NA
6431,22.0,78.9,6.7,13.73,0,No,No,No,No,NA
6432,30.2,33.8,28.3,2.77,0,No,No,Yes,No,NA
6433,18.2,21.1,34.5,2.81,0,No,No,No,No,NA
6434,15.5,57.8,13.9,18.02,0,No,No,No,No,NA
6435,32.4,18.3,43.8,0.28,926,No,No,Yes,Yes,1029
6436,30.6,25.3,106.7,0.31,1436,No,No,Yes,Yes,2031
6437,28.8,35.0,21.6,1.87,0,No,Yes,Yes,No,NA
6438,40.0,24.3,68.9,1.45,0,No,No,No,No,NA
6439,22.4,40.4,56.6,1.8,0,No,No,No,No,NA
6440,31.3,26.4,51.4,2.7,0,No,No,No,No,NA
6441,21.1,71.2,9.1,18.98,0,No,Yes,Yes,No,NA
6442,38.2,18.0,58.8,0.86,1225,No,No,Yes,Yes,4188
6443,19.8,68.1,19.4,20.43,66,No,No,Yes,Yes,412
6444,28.6,31.2,24.8,0.79,5,No,Yes,Yes,Yes,134
6445,5.6,73.0,5.6,11.52,0,No,No,No,No,NA
6446,20.7,37.7,47.1,0.47,72,No,No,Yes,Yes,1412
6447,16.2,90.1,20.4,23.96,0,No,No,No,No,NA
6448,22.4,30.9,51.6,2.94,0,No,No,No,No,NA
6449,19.0,78.1,31.5,15.88,0,No,No,No,No,NA
6450,19.3,33.8,38.8,1.9,5,Yes,Yes,Yes,Yes,1116
6451,24.0,66.2,29.4,18.35,0,No,No,No,No,NA
6452,22.0,72.8,18.1,3.08,0,No,No,Yes,No,NA
6453,30.4,42.3,30.1,2.79,0,No,No,Yes,No,NA
6454,29.5,43.8,50.1,0.15,673,No,No,Yes,Yes,2000
6455,25.3,53.5,37.4,4.19,0,No,No,No,No,NA
6456,36.9,10.0,81.4,0.17,2848,No,No,Yes,Yes,1906
6457,26.7,37.7,27.9,2.97,0,Yes,Yes,Yes,No,NA
6458,33.2,17.8,57.7,1.97,586,No,No,Yes,Yes,5269
6459,39.9,24.8,75.5,0.19,762,No,No,Yes,Yes,708
6460,31.6,25.6,39.7,1.2,545,No,No,Yes,Yes,1359
6461,39.8,26.0,49.1,0.85,193,No,No,Yes,Yes,1289
6462,11.2,88.8,24.9,10.54,0,No,No,No,No,NA
6463,31.1,31.2,40.3,2.04,257,No,No,Yes,Yes,2940
6464,32.8,35.8,39.2,1.33,0,No,No,Yes,No,NA
6465,42.6,26.9,96.3,0.95,186,No,No,Yes,Yes,9985
6466,21.6,63.3,15.9,16.96,0,No,No,No,No,NA
6467,32.8,20.3,28.3,1.99,0,No,No,No,No,NA
6468,30.8,39.2,63.0,0.79,150,No,No,Yes,Yes,5373
6469,22.6,42.9,49.5,3.87,0,No,No,No,No,NA
6470,19.4,72.4,12.9,7.51,0,No,No,No,No,NA
6471,21.0,58.8,17.7,3.77,49,No,Yes,Yes,Yes,260
6472,22.3,39.4,41.0,1.18,0,No,No,No,No,NA
6473,25.1,27.0,32.9,1.77,361,No,No,Yes,Yes,872
6474,37.8,22.4,67.2,1.33,6,No,Yes,Yes,Yes,2133
6475,26.6,22.9,42.5,0.61,528,No,No,Yes,Yes,2875
6476,17.5,88.2,19.4,12.63,0,No,No,No,No,NA
6477,22.0,60.0,9.2,19.58,0,No,No,Yes,No,NA
6478,25.6,38.4,34.4,1.9,235,No,No,Yes,Yes,79
6479,13.0,92.3,16.4,28.94,0,No,No,No,No,NA
6480,41.7,22.7,68.2,0.04,1169,Yes,Yes,Yes,Yes,6618
6481,24.5,43.9,48.7,0.05,0,No,Yes,Yes,No,NA
6482,30.0,30.2,47.3,0.49,907,No,Yes,Yes,Yes,296
6483,23.0,23.5,42.9,2.33,33,No,No,Yes,Yes,3128
6484,32.9,21.5,76.7,0.76,502,No,Yes,Yes,Yes,1267
6485,25.4,28.3,47.9,3.54,103,No,No,Yes,Yes,1719
6486,20.7,65.3,28.9,14.33,0,No,No,No,No,NA
6487,24.5,35.1,26.8,2.39,0,No,No,No,No,NA
6488,33.7,32.1,63.4,1.29,577,No,Yes,Yes,Yes,679
6489,18.1,72.3,15.7,9.91,0,No,No,Yes,No,NA
6490,17.5,67.9,8.4,13.89,0,No,Yes,Yes,No,NA
6491,9.7,91.0,10.9,33.05,0,No,No,No,No,NA
6492,5.8,72.5,10.7,33.72,0,No,No,No,No,NA
6493,26.1,37.9,39.4,1.7,0,Yes,Yes,Yes,No,NA
6494,5.3,79.9,8.6,22.07,0,No,No,No,No,NA
6495,26.2,49.4,15.3,6.61,64,No,Yes,Yes,Yes,306
6496,43.0,12.1,31.5,0.43,382,No,No,Yes,Yes,2264
6497,44.3,22.5,58.1,0.08,89,No,Yes,Yes,Yes,137
6498,20.3,58.1,27.4,3.71,0,No,No,No,No,NA
6499,36.4,17.2,42.0,0.44,170,No,No,Yes,Yes,1898
6500,27.7,37.8,24.4,1.07,11,Yes,Yes,Yes,Yes,711
6501,43.5,20.4,31.3,0.07,643,No,Yes,Yes,Yes,797
6502,16.9,64.8,13.9,18.38,0,No,No,No,No,NA
6503,19.1,71.9,18.3,11.9,0,No,No,No,No,NA
6504,44.1,13.9,30.9,0.25,523,No,Yes,Yes,Yes,2918
6505,16.1,71.3,23.4,14.27,0,No,No,No,No,NA
6506,15.6,70.2,20.2,18.71,0,No,No,No,No,NA
6507,29.0,54.0,46.7,6.33,0,No,No,No,No,NA
6508,29.5,26.2,50.9,1.5,0,No,No,Yes,No,NA
6509,34.3,23.0,90.7,0.38,152,Yes,Yes,Yes,Yes,93
6510,32.7,20.7,89.9,0.32,154,No,Yes,Yes,Yes,2993
6511,23.4,30.7,37.3,0.9,77,No,Yes,Yes,Yes,2168
6512,21.8,73.9,24.4,14.76,0,No,No,No,No,NA
6513,24.8,77.5,18.5,10.32,0,No,No,No,No,NA
6514,38.7,17.6,56.0,0.87,1814,No,No,Yes,Yes,7204
6515,39.8,20.4,74.3,0.23,241,No,Yes,Yes,Yes,4229
6516,32.5,22.1,73.5,0.33,160,No,Yes,Yes,Yes,1668
6517,29.3,29.8,56.1,1.99,0,No,Yes,Yes,Yes,425
6518,21.3,65.9,19.5,16.2,0,No,No,No,No,NA
6519,28.2,40.1,22.8,4.56,0,No,No,No,No,NA
6520,32.9,33.1,55.0,0.7,16,No,Yes,Yes,Yes,1723
6521,34.2,23.9,45.6,1.93,0,No,No,Yes,No,NA
6522,26.2,20.3,66.8,0.27,112,No,Yes,Yes,Yes,2895
6523,26.6,42.5,45.0,1.3,27,No,No,Yes,Yes,966
6524,33.0,41.0,23.0,1.27,0,No,No,No,No,NA
6525,35.4,30.5,67.7,0.24,0,No,No,Yes,No,NA
6526,29.0,20.8,34.8,3.25,0,No,No,No,No,NA
6527,5.2,84.8,10.4,34.24,0,No,No,No,No,NA
6528,9.9,73.4,20.1,28.06,0,No,No,No,No,NA
6529,43.9,12.4,83.6,0.34,646,No,No,Yes,Yes,4759
6530,25.9,35.4,37.1,2.34,312,No,No,Yes,Yes,37
6531,29.7,35.0,47.0,1.29,0,No,No,No,No,NA
6532,27.4,41.2,43.2,2.32,0,No,No,No,No,NA
6533,21.8,65.6,21.9,18.66,0,No,No,No,No,NA
6534,32.3,35.6,32.2,0.78,0,No,No,No,No,NA
6535,27.8,24.1,52.8,0.07,0,No,No,No,No,NA
6536,15.2,74.1,22.0,4.65,0,No,No,No,No,NA
6537,25.5,40.2,39.8,6.56,0,No,No,No,No,NA
6538,36.8,11.9,36.5,0.17,33,No,No,Yes,Yes,2989
6539,21.3,37.7,48.5,3.59,202,No,Yes,Yes,Yes,703
6540,38.5,30.4,58.1,1.95,752,No,No,Yes,Yes,1144
6541,32.9,16.6,88.6,0.3,762,No,No,Yes,Yes,1406
6542,31.6,25.5,32.5,2.45,22,No,No,Yes,Yes,396
6543,26.0,23.6,49.9,1.72,802,No,No,Yes,Yes,1362
6544,27.6,44.7,46.5,1.85,0,No,No,No,No,NA
6545,37.8,15.4,82.8,0.59,57,No,Yes,Yes,Yes,5601
6546,34.1,30.0,46.9,0.71,901,No,No,Yes,Yes,1544
6547,33.6,21.6,63.8,0.93,0,No,No,No,No,NA
6548,28.3,30.7,62.6,0.47,0,No,No,Yes,No,NA
6549,25.7,25.3,26.3,1.5,51,No,Yes,Yes,Yes,1213
6550,31.9,40.9,38.7,1.14,0,No,No,No,No,NA
6551,31.1,40.6,21.1,2.75,0,No,No,No,No,NA
6552,24.6,37.4,27.4,3.81,0,No,Yes,Yes,No,NA
6553,33.6,11.1,59.6,0.75,505,No,No,Yes,Yes,4885
6554,39.8,27.1,67.5,0.61,202,No,No,Yes,Yes,3074
6555,40.2,17.9,54.6,0.89,166,No,No,Yes,Yes,3574
6556,35.5,27.7,59.1,1.2,751,No,Yes,Yes,Yes,1557
6557,37.7,16.4,66.8,1.94,357,No,Yes,Yes,Yes,2450
6558,11.7,87.3,11.1,26.07,0,No,No,No,No,NA
6559,29.5,32.0,48.8,0.71,182,No,Yes,Yes,Yes,2898
6560,27.5,46.5,28.4,7.1,0,No,Yes,Yes,No,NA
6561,25.3,47.4,40.5,1.18,0,No,Yes,Yes,No,NA
6562,34.8,29.1,58.9,0.99,752,No,No,Yes,Yes,2705
6563,39.5,22.1,36.1,0.16,490,No,Yes,Yes,Yes,220
6564,16.5,88.6,9.2,5.87,0,No,No,No,No,NA
6565,20.2,65.2,29.0,6.19,0,No,No,No,No,NA
6566,32.4,34.3,27.9,0.55,0,No,No,No,No,NA
6567,17.2,80.4,33.5,21.91,0,No,No,No,No,NA
6568,19.7,70.6,38.8,10.13,0,No,No,No,No,NA
6569,12.7,82.9,26.3,16.5,0,No,No,No,No,NA
6570,27.0,29.0,29.3,0.75,0,No,No,No,No,NA
6571,39.6,23.7,41.3,0.35,6,No,Yes,Yes,Yes,1786
6572,16.6,72.8,18.8,19.57,0,No,No,No,No,NA
6573,19.8,36.8,56.8,2.01,0,No,No,No,No,NA
6574,41.4,11.4,99.8,0.37,742,No,No,Yes,Yes,820
6575,20.0,46.9,16.0,2.26,0,No,No,No,No,NA
6576,20.6,66.7,6.2,14.34,0,No,No,No,No,NA
6577,29.9,35.8,31.5,0.7,271,No,No,Yes,Yes,560
6578,30.0,39.9,29.2,2.18,0,Yes,Yes,Yes,No,NA
6579,24.5,45.5,46.7,1.48,396,No,No,Yes,Yes,1424
6580,15.6,60.6,29.7,19.8,0,No,No,No,No,NA
6581,35.8,15.8,76.9,0.91,1035,No,Yes,Yes,Yes,820
6582,36.7,13.7,100.3,0.25,2051,No,Yes,Yes,Yes,8085
6583,27.0,26.1,55.6,1.99,0,No,No,No,No,NA
6584,38.3,24.3,60.1,1.75,0,No,No,Yes,Yes,1686
6585,35.9,18.6,68.9,0.23,0,Yes,Yes,Yes,No,NA
6586,33.2,25.1,60.6,0.0,79,Yes,Yes,Yes,Yes,2779
6587,32.7,22.3,81.0,0.4,24,Yes,Yes,Yes,Yes,6413
6588,43.8,16.7,41.0,0.43,294,No,Yes,Yes,Yes,3762
6589,42.4,26.9,96.3,0.8,1391,Yes,Yes,Yes,Yes,8448
6590,26.7,26.7,35.4,1.41,0,No,No,No,No,NA
6591,34.0,8.1,32.4,0.05,498,No,Yes,Yes,Yes,4508
6592,8.2,73.7,21.5,20.45,0,No,No,No,No,NA
6593,37.9,23.2,52.2,0.96,1000,No,Yes,Yes,Yes,2940
6594,21.6,74.1,29.7,13.1,0,No,No,No,No,NA
6595,30.3,41.9,27.2,1.2,93,No,Yes,Yes,Yes,1901
6596,29.7,42.3,37.0,2.51,489,No,No,Yes,Yes,603
6597,39.8,16.4,62.0,1.62,2314,No,No,Yes,Yes,3786
6598,30.8,14.8,89.0,0.52,635,No,Yes,Yes,Yes,3100
6599,21.6,46.4,29.4,7.83,0,No,No,No,No,NA
6600,38.7,18.5,55.7,0.01,505,Yes,Yes,Yes,Yes,3954
6601,34.3,20.5,66.0,0.06,631,Yes,Yes,Yes,Yes,2009
6602,18.3,39.9,46.6,1.54,238,Yes,Yes,Yes,Yes,992
6603,29.0,30.6,22.2,0.16,0,No,Yes,Yes,No,NA
6604,22.6,32.8,23.6,0.39,49,Yes,Yes,Yes,Yes,232
6605,11.0,77.6,20.9,11.93,0,No,No,No,No,NA
6606,28.1,34.2,57.6,2.15,0,No,No,Yes,No,NA
6607,25.8,40.9,47.1,2.2,573,No,Yes,Yes,Yes,792
6608,15.6,62.5,23.6,4.36,0,No,No,No,No,NA
6609,24.4,75.8,17.0,8.25,0,No,No,No,No,NA
6610,21.9,27.9,49.2,2.44,0,No,No,No,No,NA
6611,20.2,48.7,26.7,7.96,0,No,No,No,No,NA
6612,13.8,93.0,23.1,31.77,0,No,No,No,No,NA
6613,26.7,46.3,19.6,4.17,97,No,Yes,Yes,Yes,851
6614,35.8,19.9,40.7,0.5,10,No,No,Yes,Yes,1762
6615,30.7,28.0,96.7,0.3,418,Yes,Yes,Yes,Yes,5354
6616,15.8,69.9,16.7,13.69,0,No,No,No,No,NA
6617,20.6,61.1,23.4,13.87,0,No,No,No,No,NA
6618,28.7,25.2,67.8,0.29,0,No,No,No,No,NA
6619,21.0,35.4,40.0,0.17,0,No,No,No,No,NA
6620,12.4,90.2,17.6,36.06,0,No,No,No,No,NA
6621,42.3,20.9,49.7,0.4,452,No,No,Yes,Yes,5916
6622,33.8,19.4,88.9,0.07,384,No,No,Yes,Yes,806
6623,16.0,64.5,19.6,13.06,0,No,No,Yes,No,NA
6624,27.9,26.9,49.7,1.67,0,No,No,No,No,NA
6625,5.9,86.7,24.8,37.41,0,No,No,No,No,NA
6626,34.4,18.1,56.7,0.04,559,No,No,Yes,Yes,3723
6627,25.6,35.5,33.3,0.66,0,No,No,Yes,No,NA
6628,22.7,41.3,25.6,3.85,0,No,No,No,No,NA
6629,26.8,21.1,49.4,0.08,43,No,Yes,Yes,Yes,2305
6630,34.1,13.0,30.1,0.37,391,No,Yes,Yes,Yes,2093
6631,23.4,41.0,59.2,0.8,0,No,No,No,No,NA
6632,28.4,46.8,15.8,4.28,0,No,No,No,No,NA
6633,11.4,70.6,24.8,24.08,0,No,No,No,No,NA
6634,8.0,77.3,10.6,12.18,0,No,No,No,No,NA
6635,20.2,34.2,56.3,3.29,0,No,No,Yes,No,NA
6636,26.3,22.2,47.1,0.37,0,No,No,No,No,NA
6637,37.5,23.8,44.6,0.02,0,No,Yes,Yes,No,NA
6638,12.4,79.2,10.7,9.86,0,No,No,No,No,NA
6639,7.4,82.5,21.3,21.84,0,No,No,No,No,NA
6640,34.8,31.3,33.8,1.86,501,No,Yes,Yes,Yes,508
6641,25.7,36.6,20.1,2.25,160,No,Yes,Yes,Yes,421
6642,20.0,80.5,22.2,12.36,0,No,Yes,Yes,No,NA
6643,16.0,72.0,8.0,10.64,0,No,No,No,No,NA
6644,31.9,22.5,23.5,1.41,0,No,No,No,No,NA
6645,38.8,22.9,56.0,0.97,0,Yes,Yes,Yes,No,NA
6646,12.9,82.2,11.1,36.06,0,No,No,No,No,NA
6647,31.4,15.2,106.1,0.67,415,No,No,Yes,Yes,3881
6648,15.8,72.6,7.7,29.12,0,No,No,No,No,NA
6649,32.9,15.7,51.6,0.26,182,No,Yes,Yes,Yes,3152
6650,23.3,71.2,12.6,6.32,0,No,No,No,No,NA
6651,33.3,10.2,76.8,0.34,419,No,Yes,Yes,Yes,810
6652,29.7,27.6,70.5,1.68,74,No,Yes,Yes,Yes,175
6653,17.5,72.2,29.3,4.27,0,No,No,No,No,NA
6654,23.2,78.6,18.3,13.0,0,No,No,No,No,NA
6655,34.9,22.1,40.1,0.58,0,No,Yes,Yes,No,NA
6656,41.2,8.7,50.7,0.4,834,No,Yes,Yes,Yes,3501
6657,30.8,26.3,55.2,0.04,358,No,Yes,Yes,Yes,2046
6658,5.8,89.6,8.7,33.69,0,No,No,No,No,NA
6659,30.5,25.3,46.1,0.02,35,No,No,Yes,Yes,2827
6660,42.9,20.1,64.5,0.35,1262,No,No,Yes,Yes,4158
6661,18.9,31.5,35.0,0.83,0,No,No,Yes,No,NA
6662,33.8,20.4,46.6,1.11,0,No,No,No,No,NA
6663,38.7,19.6,51.8,0.2,159,No,No,Yes,Yes,6168
6664,12.8,82.2,39.8,15.05,0,No,No,No,No,NA
6665,15.6,60.7,28.8,14.81,0,No,No,No,No,NA
6666,18.2,25.8,56.0,3.62,29,No,No,Yes,Yes,1355
6667,30.9,36.1,57.0,0.26,0,No,No,Yes,No,NA
6668,23.7,40.4,17.3,4.29,167,No,Yes,Yes,Yes,76
6669,20.3,47.0,35.2,4.66,129,No,Yes,Yes,Yes,660
6670,13.0,63.7,19.8,6.8,0,No,No,No,No,NA
6671,14.1,92.4,20.5,16.55,0,No,No,No,No,NA
6672,35.5,31.2,69.6,0.62,1194,No,No,Yes,Yes,408
6673,29.1,44.3,45.0,1.2,0,No,Yes,Yes,No,NA
6674,22.0,36.7,43.9,5.19,323,No,Yes,Yes,Yes,918
6675,21.0,44.4,17.4,4.02,0,No,No,No,No,NA
6676,28.0,35.8,23.7,1.03,111,No,Yes,Yes,Yes,409
6677,18.4,64.5,28.4,3.44,0,No,No,No,No,NA
6678,20.9,83.1,15.5,8.5,0,No,No,No,No,NA
6679,27.8,51.6,28.8,3.32,0,No,No,No,No,NA
6680,32.4,44.6,20.3,0.29,291,No,Yes,Yes,Yes,319
6681,24.6,66.4,21.4,15.97,0,No,No,No,No,NA
6682,27.4,30.2,34.0,2.67,0,No,No,No,No,NA
6683,7.7,77.0,5.9,29.16,0,No,No,No,No,NA
6684,28.4,28.5,22.3,2.34,60,Yes,Yes,Yes,Yes,572
6685,35.9,18.8,48.1,1.7,199,No,No,Yes,Yes,330
6686,31.6,11.3,67.8,0.73,35,No,Yes,Yes,Yes,954
6687,23.3,54.2,40.7,0.53,0,No,No,No,No,NA
6688,41.6,12.3,57.1,0.17,1856,Yes,Yes,Yes,Yes,3447
6689,26.3,27.2,24.0,1.31,76,No,No,Yes,Yes,111
6690,44.0,9.9,68.7,0.44,393,No,Yes,Yes,Yes,1219
6691,33.5,25.9,61.6,1.0,0,No,Yes,Yes,No,NA
6692,16.1,77.7,28.8,4.26,0,No,No,No,No,NA
6693,30.5,20.1,21.5,0.91,0,No,No,Yes,No,NA
6694,33.2,33.4,55.0,0.93,0,No,No,No,No,NA
6695,30.7,22.4,67.1,1.79,801,Yes,Yes,Yes,Yes,3789
6696,13.7,76.8,13.6,21.8,0,No,No,No,No,NA
6697,21.9,72.8,6.7,14.74,0,No,No,No,No,NA
6698,31.7,26.0,25.6,0.47,58,No,Yes,Yes,Yes,14
6699,42.8,17.3,73.8,0.52,535,No,Yes,Yes,Yes,730
6700,33.9,24.6,57.6,0.48,0,No,No,No,No,NA
6701,34.8,18.1,85.4,0.02,1035,Yes,Yes,Yes,Yes,836
6702,22.7,41.7,39.6,7.23,0,No,No,No,No,NA
6703,34.8,38.3,54.0,1.36,59,Yes,Yes,Yes,Yes,3212
6704,13.3,82.2,19.0,23.72,0,No,No,No,No,NA
6705,18.4,78.5,18.5,3.62,0,No,No,No,No,NA
6706,34.7,23.3,65.2,1.04,2018,No,No,Yes,Yes,3289
6707,17.4,70.7,21.7,18.91,0,No,No,No,No,NA
6708,20.2,64.2,25.5,11.55,0,No,No,No,No,NA
6709,19.1,60.5,13.7,4.13,0,No,No,No,No,NA
6710,28.7,49.7,45.9,6.4,594,Yes,Yes,Yes,Yes,33
6711,29.8,39.8,42.9,1.05,0,No,No,No,No,NA
6712,24.2,78.8,29.9,4.34,0,No,No,No,No,NA
6713,18.9,72.0,20.5,20.06,0,No,No,No,No,NA
6714,38.5,25.0,93.3,0.48,734,No,Yes,Yes,Yes,4929
6715,20.3,43.8,25.7,2.26,0,No,No,Yes,No,NA
6716,34.8,9.6,85.1,0.42,1759,No,Yes,Yes,Yes,48
6717,32.0,26.0,53.3,0.06,0,No,No,Yes,No,NA
6718,32.3,36.6,56.2,0.43,425,No,Yes,Yes,Yes,2671
6719,39.1,10.8,78.9,0.43,906,Yes,Yes,Yes,Yes,1583
6720,40.0,19.2,76.4,0.5,0,Yes,Yes,Yes,No,NA
6721,22.0,45.9,15.9,5.38,6,No,Yes,Yes,Yes,231
6722,32.6,43.5,46.2,0.1,33,Yes,Yes,Yes,Yes,1286
6723,5.6,88.0,22.3,7.81,0,No,No,No,No,NA
6724,35.5,27.8,58.9,1.0,19,Yes,Yes,Yes,Yes,2245
6725,21.0,71.3,27.9,12.83,0,No,No,No,No,NA
6726,23.0,52.4,45.3,4.23,0,No,No,Yes,No,NA
6727,39.2,24.2,35.7,0.19,292,No,No,Yes,Yes,45
6728,21.6,73.5,16.9,16.75,0,No,No,No,No,NA
6729,30.0,31.6,43.7,1.92,269,No,Yes,Yes,Yes,500
6730,36.0,22.7,56.2,1.71,816,No,Yes,Yes,Yes,1678
6731,21.1,36.8,35.9,3.66,0,No,Yes,Yes,No,NA
6732,34.3,24.0,98.6,0.64,653,No,Yes,Yes,Yes,2902
6733,28.2,15.3,68.3,1.37,0,No,No,No,No,NA
6734,23.5,39.2,46.6,1.88,0,No,No,No,No,NA
6735,23.4,32.4,55.2,2.51,0,No,No,Yes,No,NA
6736,20.9,46.8,41.1,7.66,75,No,No,Yes,Yes,398
6737,20.4,57.3,10.9,2.41,0,No,No,No,No,NA
6738,12.6,71.2,32.0,14.74,0,No,No,No,No,NA
6739,26.4,23.9,37.1,0.95,0,No,Yes,Yes,No,NA
6740,8.3,91.6,5.5,34.77,0,No,No,No,No,NA
6741,38.2,30.0,71.6,0.24,584,No,No,Yes,Yes,4424
6742,21.9,32.4,50.4,1.45,0,No,No,No,No,NA
6743,30.5,24.5,43.2,1.8,20,No,Yes,Yes,Yes,316
6744,23.2,48.5,29.1,3.96,0,No,No,No,No,NA
6745,13.2,78.4,5.1,28.52,0,No,No,No,No,NA
6746,43.0,15.8,36.2,0.38,634,No,No,Yes,Yes,883
6747,25.1,25.3,24.4,0.42,0,No,Yes,Yes,No,NA
6748,21.0,41.8,34.8,4.47,0,No,No,No,No,NA
6749,40.7,13.2,46.8,0.2,91,No,No,Yes,Yes,1258
6750,29.1,40.0,44.8,0.4,0,Yes,Yes,Yes,No,NA
6751,39.3,28.8,75.9,0.92,504,No,Yes,Yes,Yes,2801
6752,23.4,20.9,54.3,3.26,0,No,No,No,No,NA
6753,19.0,73.9,25.8,16.92,0,No,No,No,No,NA
6754,21.3,37.1,16.9,4.29,0,No,Yes,Yes,No,NA
6755,27.8,21.2,33.4,1.22,0,Yes,Yes,Yes,No,NA
6756,40.9,20.1,73.7,0.94,5,No,No,Yes,Yes,3499
6757,31.6,12.7,97.8,0.52,1462,Yes,Yes,Yes,Yes,5910
6758,31.8,30.3,40.7,0.61,0,No,No,No,No,NA
6759,18.1,72.6,35.4,11.71,0,No,No,No,No,NA
6760,33.6,20.9,59.7,1.94,227,No,No,Yes,Yes,4829
6761,17.2,65.7,24.6,8.39,0,No,No,No,No,NA
6762,28.1,24.3,43.1,1.95,1014,No,No,Yes,Yes,968
6763,35.7,29.0,60.4,0.97,173,Yes,Yes,Yes,Yes,1646
6764,27.3,25.8,21.5,1.53,131,Yes,Yes,Yes,Yes,1829
6765,33.9,18.5,44.4,1.6,0,Yes,Yes,Yes,No,NA
6766,33.8,35.1,20.1,0.11,0,No,Yes,Yes,No,NA
6767,23.5,36.8,38.0,4.56,0,No,No,No,No,NA
6768,6.7,89.6,22.9,8.16,0,No,No,No,No,NA
6769,39.4,17.3,75.9,0.66,14,No,No,Yes,Yes,455
6770,28.5,39.0,19.8,0.57,0,No,No,No,No,NA
6771,29.7,30.7,38.3,2.31,0,No,No,No,No,NA
6772,39.3,19.8,35.7,0.3,263,Yes,Yes,Yes,Yes,3738
6773,36.9,20.7,89.5,0.48,1936,Yes,Yes,Yes,Yes,2229
6774,25.7,49.0,41.0,1.48,0,Yes,Yes,Yes,No,NA
6775,36.5,12.6,44.7,0.33,32,Yes,Yes,Yes,Yes,383
6776,29.6,24.2,37.5,0.22,192,No,No,Yes,Yes,897
6777,12.8,77.7,6.3,10.63,0,No,No,No,No,NA
6778,21.6,58.0,22.2,5.49,0,No,No,No,No,NA
6779,6.4,79.2,9.2,15.17,0,No,No,No,No,NA
6780,14.3,66.5,26.5,12.1,0,No,No,No,No,NA
6781,21.0,38.2,45.7,6.25,0,No,Yes,Yes,No,NA
6782,21.5,30.1,43.7,3.4,245,No,Yes,Yes,Yes,1427
6783,38.5,22.0,67.5,0.59,0,No,No,No,No,NA
6784,12.9,69.7,33.9,20.85,0,No,No,No,No,NA
6785,8.3,88.5,16.1,17.8,0,No,No,No,No,NA
6786,24.0,35.9,49.5,1.74,0,No,No,No,No,NA
6787,31.6,10.6,81.8,0.06,1685,Yes,Yes,Yes,Yes,1146
6788,18.0,58.3,29.5,18.98,0,No,No,No,No,NA
6789,11.0,89.6,13.4,5.88,0,No,No,No,No,NA
6790,36.7,34.1,56.6,0.77,0,No,No,No,No,NA
6791,34.8,21.5,58.2,0.38,0,No,No,No,No,NA
6792,42.9,14.7,52.8,0.55,33,No,No,Yes,Yes,5972
6793,16.0,61.9,20.5,9.7,130,No,No,Yes,Yes,78
6794,27.0,26.0,35.2,1.3,326,No,No,Yes,Yes,2547
6795,35.7,23.3,70.8,1.25,11,No,No,Yes,Yes,2999
6796,38.0,28.6,99.4,0.63,609,No,Yes,Yes,Yes,5408
6797,22.6,42.2,30.1,2.37,0,No,No,No,No,NA
6798,35.9,15.6,53.9,0.35,413,No,Yes,Yes,Yes,1252
6799,18.2,82.2,16.5,5.37,0,No,No,No,No,NA
6800,28.5,21.2,65.9,1.95,0,No,No,Yes,No,NA
6801,33.0,15.2,55.3,0.74,458,No,No,Yes,Yes,1497
6802,27.1,26.8,37.8,0.13,0,No,No,No,No,NA
6803,22.7,63.3,18.1,12.93,0,No,No,No,No,NA
6804,20.9,61.2,13.3,12.8,0,No,No,No,No,NA
6805,36.8,8.5,43.8,0.26,1391,No,Yes,Yes,Yes,520
6806,20.9,39.1,49.8,3.96,221,No,No,Yes,Yes,1145
6807,25.5,48.5,19.4,2.12,0,No,No,No,No,NA
6808,18.3,58.5,12.6,13.22,0,No,No,No,No,NA
6809,17.4,82.5,18.4,16.68,0,No,No,No,No,NA
6810,21.8,56.6,13.1,6.48,0,No,No,No,No,NA
6811,29.7,45.4,24.0,2.97,0,No,No,No,No,NA
6812,37.4,18.9,42.7,0.3,430,Yes,Yes,Yes,Yes,2230
6813,41.8,19.4,64.5,0.17,9,No,No,Yes,Yes,4456
6814,43.8,18.0,75.2,0.18,1248,No,Yes,Yes,Yes,779
6815,6.6,94.5,13.3,7.32,0,No,No,No,No,NA
6816,17.8,72.1,29.8,17.08,0,No,No,No,No,NA
6817,36.7,10.6,78.5,0.04,624,No,Yes,Yes,Yes,1568
6818,27.6,36.4,21.9,1.64,92,No,No,Yes,Yes,523
6819,26.7,26.7,33.2,2.7,301,No,No,Yes,Yes,503
6820,30.1,32.5,25.3,2.09,0,No,Yes,Yes,No,NA
6821,23.2,35.8,48.9,2.27,0,No,No,No,No,NA
6822,39.6,33.2,60.0,0.63,0,No,Yes,Yes,No,NA
6823,6.6,86.4,24.4,12.75,0,No,No,No,No,NA
6824,17.6,60.6,20.8,8.47,0,No,No,No,No,NA
6825,21.8,61.2,23.9,5.84,0,No,No,No,No,NA
6826,22.3,36.5,41.2,3.7,7,No,Yes,Yes,Yes,744
6827,28.6,22.5,29.8,2.46,0,No,Yes,Yes,No,NA
6828,31.9,33.7,23.2,1.03,0,No,No,No,No,NA
6829,30.8,32.5,65.8,0.99,1309,No,No,Yes,Yes,4334
6830,34.7,23.7,58.0,1.28,0,No,No,No,No,NA
6831,7.8,77.9,23.8,22.82,0,No,No,No,No,NA
6832,6.1,78.9,6.4,14.08,0,No,No,No,No,NA
6833,20.1,50.3,35.4,4.67,0,No,No,No,No,NA
6834,33.6,19.6,62.6,0.9,111,No,Yes,Yes,Yes,1133
6835,42.6,22.2,37.8,0.16,16,No,No,Yes,Yes,988
6836,23.3,44.4,34.7,0.51,236,No,Yes,Yes,Yes,748
6837,29.5,18.5,45.3,1.16,209,No,No,Yes,Yes,3591
6838,40.8,23.3,71.5,0.25,1789,No,No,Yes,Yes,489
6839,10.6,85.0,8.5,28.84,0,No,No,No,No,NA
6840,12.7,77.7,30.4,13.03,0,No,No,No,No,NA
6841,26.8,47.9,45.1,5.75,169,Yes,Yes,Yes,Yes,209
6842,15.7,84.3,21.7,13.14,0,No,No,No,No,NA
6843,16.0,69.5,15.8,9.49,0,No,No,No,No,NA
6844,20.0,64.6,19.0,12.2,0,No,No,No,No,NA
6845,26.8,31.3,54.1,1.96,0,Yes,Yes,Yes,No,NA
6846,23.8,77.9,23.2,10.3,0,No,No,No,No,NA
6847,40.4,15.3,78.6,0.67,2021,No,No,Yes,Yes,10592
6848,27.4,41.1,36.2,0.31,36,No,No,Yes,Yes,554
6849,39.4,14.0,77.1,0.83,877,No,No,Yes,Yes,4983
6850,14.8,72.4,22.4,18.97,0,No,No,No,No,NA
6851,37.8,23.3,60.3,1.82,1293,No,Yes,Yes,Yes,1240
6852,21.0,35.1,40.3,7.76,186,No,No,Yes,Yes,371
6853,35.1,13.5,84.3,0.14,71,Yes,Yes,Yes,Yes,2354
6854,10.6,79.4,17.9,17.85,0,No,No,No,No,NA
6855,29.2,23.0,42.1,1.96,1000,No,Yes,Yes,Yes,84
6856,17.7,91.5,18.1,25.36,0,No,No,No,No,NA
6857,34.6,29.4,74.6,1.41,0,Yes,Yes,Yes,No,NA
6858,17.7,86.7,15.6,22.8,0,No,No,No,No,NA
6859,34.1,21.8,58.8,0.04,1954,No,No,Yes,Yes,1155
6860,33.8,27.3,81.9,0.44,32,No,No,Yes,Yes,1181
6861,13.3,71.5,23.7,10.12,0,No,No,No,No,NA
6862,10.7,75.6,16.8,14.45,0,No,No,No,No,NA
6863,38.7,19.7,79.1,1.04,2255,No,No,Yes,Yes,713
6864,19.4,70.7,39.4,16.5,0,No,No,No,No,NA
6865,29.5,26.7,50.8,1.66,970,Yes,Yes,Yes,Yes,2038
6866,33.2,21.2,38.7,1.09,357,No,No,Yes,Yes,1450
6867,33.0,25.0,69.3,0.32,0,Yes,Yes,Yes,No,NA
6868,34.4,16.1,52.1,1.96,215,No,Yes,Yes,Yes,3727
6869,20.9,36.2,54.2,1.08,0,No,No,No,No,NA
6870,23.9,63.8,16.7,16.96,0,No,No,No,No,NA
6871,23.9,24.7,26.8,1.24,305,No,Yes,Yes,Yes,778
6872,17.0,66.5,22.1,9.9,0,No,No,No,No,NA
6873,20.7,42.7,25.8,3.05,169,No,No,Yes,Yes,775
6874,23.6,74.7,22.4,19.5,0,No,No,No,No,NA
6875,11.8,86.8,21.5,39.6,0,No,No,No,No,NA
6876,14.1,62.7,39.1,11.33,0,No,No,No,No,NA
6877,34.1,16.1,68.0,0.29,1344,No,No,Yes,Yes,5680
6878,15.3,75.2,24.6,14.27,0,No,No,No,No,NA
6879,24.9,27.7,58.7,0.37,378,Yes,Yes,Yes,Yes,934
6880,38.6,20.3,83.1,0.3,85,No,Yes,Yes,Yes,232
6881,36.1,19.7,56.8,0.46,0,No,No,Yes,No,NA
6882,20.9,32.6,63.6,2.44,33,Yes,Yes,Yes,Yes,726
6883,16.1,79.3,20.9,11.02,0,No,No,No,No,NA
6884,32.9,18.5,49.9,0.52,0,No,No,No,No,NA
6885,7.9,84.3,12.7,20.83,0,No,No,No,No,NA
6886,12.7,61.8,19.5,17.74,0,No,No,No,No,NA
6887,20.1,39.6,36.1,2.02,17,No,No,Yes,Yes,1461
6888,29.6,22.9,51.3,3.01,0,No,No,No,No,NA
6889,14.3,72.8,19.0,30.25,0,No,No,No,No,NA
6890,24.9,54.2,46.3,3.82,87,No,No,Yes,Yes,694
6891,29.6,19.8,78.7,1.1,1873,No,No,Yes,Yes,2190
6892,32.9,25.3,74.1,0.55,0,No,No,Yes,No,NA
6893,29.0,41.2,23.6,1.34,0,No,Yes,Yes,No,NA
6894,28.9,34.8,60.2,0.62,1108,No,Yes,Yes,Yes,955
6895,27.9,31.9,36.1,1.93,0,No,No,No,No,NA
6896,43.3,15.9,54.7,0.12,229,Yes,Yes,Yes,Yes,1194
6897,35.3,27.9,50.1,0.99,315,No,Yes,Yes,Yes,1641
6898,21.1,52.5,19.3,4.4,0,No,No,No,No,NA
6899,28.6,44.6,20.5,6.1,461,No,Yes,Yes,Yes,38
6900,28.3,22.0,45.3,1.34,0,No,Yes,Yes,No,NA
6901,36.7,15.6,54.3,0.09,764,No,No,Yes,Yes,1797
6902,30.4,26.0,42.2,1.68,1066,No,No,Yes,Yes,717
6903,24.5,54.8,30.6,5.68,36,Yes,Yes,Yes,Yes,135
6904,32.3,30.1,52.0,2.72,15,No,No,Yes,Yes,1496
6905,29.4,21.4,42.7,0.55,474,No,No,Yes,Yes,2079
6906,23.1,46.2,22.5,5.61,303,No,Yes,Yes,Yes,215
6907,40.9,16.4,62.6,0.36,1254,No,No,Yes,Yes,277
6908,31.0,10.0,91.9,0.47,520,Yes,Yes,Yes,Yes,275
6909,34.1,24.4,21.3,0.18,154,Yes,Yes,Yes,Yes,65
6910,23.3,65.2,23.9,7.65,0,No,No,No,No,NA
6911,34.5,27.7,76.8,0.16,365,No,No,Yes,Yes,2570
6912,32.9,31.8,33.3,1.85,142,No,No,Yes,Yes,1301
6913,38.1,15.1,64.5,0.77,85,No,No,Yes,Yes,272
6914,10.9,93.6,8.8,36.59,0,No,No,No,No,NA
6915,27.8,27.6,51.5,1.09,112,No,Yes,Yes,Yes,1039
6916,18.2,64.1,17.6,12.38,0,No,No,No,No,NA
6917,31.5,22.6,49.9,1.64,33,Yes,Yes,Yes,Yes,2843
6918,18.1,63.0,33.2,6.23,0,No,No,No,No,NA
6919,34.4,13.1,42.2,0.38,542,No,No,Yes,Yes,3249
6920,17.0,74.3,17.1,14.09,0,No,No,No,No,NA
6921,33.5,21.2,48.7,0.21,0,Yes,Yes,Yes,No,NA
6922,30.1,23.0,60.0,1.76,931,No,No,Yes,Yes,446
6923,37.7,30.0,43.5,1.65,86,No,No,Yes,Yes,2450
6924,39.4,25.3,55.8,1.26,566,Yes,Yes,Yes,Yes,4223
6925,6.9,78.9,23.7,39.1,0,No,No,No,No,NA
6926,25.7,38.7,37.4,1.48,0,No,No,Yes,No,NA
6927,37.9,31.6,52.4,0.32,442,No,Yes,Yes,Yes,232
6928,33.8,18.0,43.6,1.55,0,No,No,No,No,NA
6929,28.1,16.6,77.1,1.46,259,Yes,Yes,Yes,Yes,3571
6930,14.4,75.5,21.4,21.86,0,No,No,No,No,NA
6931,28.3,35.8,46.4,0.45,0,No,No,No,No,NA
6932,19.9,72.5,11.2,17.16,0,No,No,No,No,NA
6933,12.3,80.2,18.2,36.28,0,No,No,No,No,NA
6934,40.5,22.5,92.0,0.66,924,No,Yes,Yes,Yes,4682
6935,31.2,22.0,69.5,0.53,121,No,No,Yes,Yes,2840
6936,18.8,28.6,55.9,0.99,75,No,Yes,Yes,Yes,685
6937,8.1,77.9,21.1,16.5,0,No,No,No,No,NA
6938,15.9,76.2,19.7,37.97,0,No,No,No,No,NA
6939,27.0,35.8,27.2,6.81,99,No,No,Yes,Yes,718
6940,22.0,65.1,27.1,18.49,0,No,No,No,No,NA
6941,14.6,68.2,36.4,18.93,0,No,No,No,No,NA
6942,31.5,18.5,68.0,1.03,21,No,Yes,Yes,Yes,2311
6943,16.5,80.3,13.6,27.11,0,No,No,No,No,NA
6944,16.7,71.8,11.8,5.49,0,No,No,No,No,NA
6945,32.9,29.9,33.2,0.02,210,No,No,Yes,Yes,1022
6946,22.6,45.1,24.9,7.64,0,No,No,No,No,NA
6947,35.7,25.3,42.7,1.51,242,No,Yes,Yes,Yes,2549
6948,25.2,20.8,64.4,1.83,0,No,No,No,No,NA
6949,21.6,59.2,17.2,13.95,0,No,No,Yes,No,NA
6950,27.2,39.4,16.1,1.88,0,No,No,No,No,NA
6951,32.4,12.4,80.2,0.74,49,Yes,Yes,Yes,Yes,2632
6952,14.4,79.4,31.6,15.01,0,No,No,No,No,NA
6953,38.8,17.1,71.3,0.97,1407,No,Yes,Yes,Yes,1786
6954,25.2,37.5,21.2,1.31,0,No,No,No,No,NA
6955,18.0,83.7,8.7,39.21,0,No,No,No,No,NA
6956,35.1,11.1,69.8,0.07,765,Yes,Yes,Yes,Yes,2925
6957,44.4,13.0,81.8,0.43,1470,No,No,Yes,Yes,4225
6958,40.2,19.9,90.4,0.85,2116,No,No,Yes,Yes,5212
6959,23.3,65.5,13.4,17.6,0,No,No,No,No,NA
6960,29.0,17.8,54.2,0.61,0,No,Yes,Yes,No,NA
6961,33.0,9.2,67.0,0.46,0,No,No,Yes,No,NA
6962,9.2,70.1,14.8,32.91,0,No,No,No,No,NA
6963,32.5,23.6,32.2,1.13,0,Yes,Yes,Yes,No,NA
6964,37.6,18.7,44.6,0.33,337,Yes,Yes,Yes,Yes,729
6965,21.9,36.9,63.2,1.22,0,No,No,No,No,NA
6966,22.3,37.4,30.8,4.77,0,No,Yes,Yes,No,NA
6967,25.3,20.8,23.8,1.23,336,No,Yes,Yes,Yes,772
6968,22.9,41.4,54.2,2.35,0,No,No,Yes,No,NA
6969,29.3,36.5,23.3,2.2,0,No,Yes,Yes,No,NA
6970,35.3,18.8,35.7,0.02,812,Yes,Yes,Yes,Yes,2151
6971,39.8,34.7,51.1,1.83,59,No,Yes,Yes,Yes,263
6972,25.7,53.4,42.0,5.68,83,No,No,Yes,Yes,284
6973,29.6,19.6,62.7,1.18,404,No,Yes,Yes,Yes,2274
6974,25.3,24.4,30.4,3.37,0,No,Yes,Yes,No,NA
6975,38.5,13.6,82.7,0.48,135,Yes,Yes,Yes,Yes,2285
6976,25.1,33.2,42.2,0.78,0,No,No,Yes,No,NA
6977,30.0,33.9,70.2,1.13,350,No,Yes,Yes,Yes,3706
6978,17.5,88.7,14.5,12.64,0,No,No,No,No,NA
6979,14.1,78.5,10.8,15.22,0,No,No,No,No,NA
6980,15.3,76.3,6.0,25.76,0,No,No,No,No,NA
6981,16.6,94.2,8.7,25.58,0,No,No,No,No,NA
6982,34.5,19.7,62.7,0.11,14,No,No,Yes,Yes,1143
6983,28.2,39.2,41.6,1.25,205,No,Yes,Yes,Yes,840
6984,36.7,18.2,42.4,0.21,70,No,Yes,Yes,Yes,3188
6985,25.1,44.4,31.9,1.59,75,No,No,Yes,Yes,1723
6986,31.6,29.8,99.2,0.01,76,No,No,Yes,Yes,4493
6987,35.4,21.2,107.1,0.18,8,No,Yes,Yes,Yes,4490
6988,29.8,38.3,33.2,3.21,0,No,No,No,No,NA
6989,29.5,21.4,71.2,0.74,593,No,No,Yes,Yes,2211
6990,22.3,26.0,55.3,0.48,0,No,No,No,No,NA
6991,32.7,41.0,33.6,2.82,380,No,No,Yes,Yes,1177
6992,30.6,32.5,60.7,1.1,158,Yes,Yes,Yes,Yes,3592
6993,34.3,32.0,43.6,0.79,1370,Yes,Yes,Yes,Yes,1665
6994,27.4,27.8,35.6,0.38,226,No,No,Yes,Yes,403
6995,30.6,28.2,66.8,1.46,1145,Yes,Yes,Yes,Yes,2308
6996,35.0,34.5,51.8,0.64,296,No,Yes,Yes,Yes,459
6997,27.1,32.2,57.4,0.57,144,No,Yes,Yes,Yes,1256
6998,23.8,25.9,38.6,1.24,0,No,No,No,No,NA
6999,16.2,72.4,17.8,18.46,0,No,No,No,No,NA
7000,27.9,37.7,27.9,1.21,520,No,No,Yes,Yes,576
7001,27.1,30.9,49.9,0.86,0,No,No,No,No,NA
7002,28.6,17.0,59.6,0.93,195,No,No,Yes,Yes,1976
7003,39.4,21.3,87.2,0.39,295,No,No,Yes,Yes,2701
7004,30.5,20.5,56.9,0.67,0,Yes,Yes,Yes,No,NA
7005,27.3,30.2,41.2,1.83,0,No,No,No,No,NA
7006,19.3,59.2,22.1,3.36,0,No,No,No,No,NA
7007,15.8,67.4,12.7,9.55,0,No,No,No,No,NA
7008,27.9,41.1,29.8,5.75,0,No,No,No,No,NA
7009,26.1,45.5,30.2,3.55,0,No,No,No,No,NA
7010,34.7,28.7,46.1,0.34,838,No,No,Yes,Yes,2756
7011,38.9,17.5,58.6,0.18,351,No,Yes,Yes,Yes,5304
7012,33.3,26.5,91.7,0.58,1955,No,Yes,Yes,Yes,226
7013,14.1,84.7,31.8,5.46,0,No,No,No,No,NA
7014,31.9,38.3,53.7,1.42,0,No,No,Yes,No,NA
7015,31.2,10.9,100.9,0.74,444,Yes,Yes,Yes,Yes,11051
7016,38.0,30.3,78.7,0.08,0,Yes,Yes,Yes,No,NA
7017,39.9,17.5,33.8,0.11,1092,No,No,Yes,Yes,1420
7018,18.8,27.9,27.4,3.5,0,No,No,No,No,NA
7019,17.9,76.8,29.4,4.8,0,No,No,No,No,NA
7020,20.3,62.5,11.1,18.55,0,No,No,No,No,NA
7021,30.1,39.9,49.7,1.28,0,No,No,No,No,NA
7022,37.9,21.9,81.4,0.79,1092,No,Yes,Yes,Yes,3617
7023,24.8,41.4,35.4,3.86,0,Yes,Yes,Yes,No,NA
7024,36.5,28.8,77.9,0.94,0,No,No,Yes,No,NA
7025,19.2,67.7,11.7,6.68,2,No,No,Yes,Yes,141
7026,23.8,54.1,34.4,0.98,0,No,No,No,No,NA
7027,15.2,77.9,12.3,13.26,0,No,Yes,Yes,No,NA
7028,40.1,15.3,51.8,0.11,1012,No,Yes,Yes,Yes,1329
7029,20.8,33.9,63.9,0.65,0,Yes,Yes,Yes,No,NA
7030,35.2,23.5,81.8,0.26,449,No,No,Yes,Yes,500
7031,27.4,33.5,26.8,0.84,58,No,No,Yes,Yes,398
7032,26.8,43.8,41.9,7.08,511,No,No,Yes,Yes,1340
7033,36.2,23.9,48.4,0.39,949,No,Yes,Yes,Yes,2539
7034,21.6,53.4,27.6,5.31,232,Yes,Yes,Yes,Yes,101
7035,37.9,34.3,55.1,0.12,62,No,Yes,Yes,Yes,713
7036,26.5,35.4,47.0,3.5,51,No,No,Yes,Yes,2016
7037,26.2,29.8,32.5,1.97,0,No,No,No,No,NA
7038,32.6,27.3,62.5,1.71,0,No,No,No,No,NA
7039,15.8,65.7,17.5,11.06,0,No,No,No,No,NA
7040,31.8,30.7,27.8,1.08,703,Yes,Yes,Yes,Yes,1028
7041,21.9,35.1,19.4,2.73,207,No,Yes,Yes,Yes,270
7042,32.5,9.2,42.3,0.19,80,No,Yes,Yes,Yes,619
7043,17.2,94.5,17.4,39.34,0,No,No,No,No,NA
7044,20.0,84.5,38.3,3.33,0,No,No,No,No,NA
7045,23.3,29.2,27.3,0.26,0,No,No,Yes,No,NA
7046,31.3,13.6,58.4,0.32,1353,No,Yes,Yes,Yes,1092
7047,15.5,90.1,18.3,28.1,0,No,No,No,No,NA
7048,33.9,19.0,73.3,0.04,780,No,No,Yes,Yes,126
7049,39.4,18.9,70.7,1.06,291,No,No,Yes,Yes,1766
7050,28.8,42.8,53.1,0.8,0,No,No,Yes,No,NA
7051,19.7,37.5,52.3,0.66,0,No,No,Yes,No,NA
7052,22.0,22.2,63.7,3.17,0,No,No,Yes,No,NA
7053,32.5,25.1,86.8,0.9,220,No,Yes,Yes,Yes,2308
7054,10.1,81.6,16.7,7.88,0,No,No,No,No,NA
7055,16.6,61.5,30.9,11.08,0,No,No,No,No,NA
7056,17.2,60.6,11.2,5.33,0,No,No,No,No,NA
7057,36.4,28.6,52.1,1.24,73,No,No,Yes,Yes,3453
7058,22.2,33.6,30.8,0.95,0,No,No,No,No,NA
7059,38.8,23.9,62.3,1.94,1398,No,Yes,Yes,Yes,4214
7060,21.2,51.9,19.7,1.99,0,No,No,No,No,NA
7061,22.5,50.4,23.0,1.58,34,No,Yes,Yes,Yes,245
7062,23.7,68.3,28.0,18.35,0,No,No,No,No,NA
7063,8.2,79.8,17.6,33.18,0,No,No,No,No,NA
7064,21.8,54.0,35.3,7.06,0,Yes,Yes,Yes,No,NA
7065,27.8,25.5,67.1,1.37,220,No,Yes,Yes,Yes,2197
7066,31.2,31.6,70.3,1.92,0,No,Yes,Yes,No,NA
7067,32.2,9.5,70.4,0.05,109,No,Yes,Yes,Yes,2218
7068,34.1,20.1,61.3,0.98,0,No,No,Yes,No,NA
7069,31.5,20.4,73.6,0.66,182,Yes,Yes,Yes,Yes,4848
7070,38.8,26.0,54.9,1.63,1687,No,No,Yes,Yes,2011
7071,20.4,54.3,26.4,7.44,0,No,Yes,Yes,No,NA
7072,14.5,85.8,21.1,31.9,0,No,No,No,No,NA
7073,7.3,74.8,17.6,8.32,0,No,No,No,No,NA
7074,19.5,57.0,28.1,17.17,0,No,No,No,No,NA
7075,23.3,40.6,23.7,2.43,0,No,No,No,No,NA
7076,28.4,43.1,29.9,1.87,104,No,Yes,Yes,Yes,569
7077,13.8,75.5,18.7,24.9,0,No,No,No,No,NA
7078,17.4,70.9,18.6,7.62,0,No,No,No,No,NA
7079,26.1,32.5,50.5,0.51,252,No,Yes,Yes,Yes,629
7080,26.0,31.5,27.4,0.07,50,Yes,Yes,Yes,Yes,1956
7081,43.0,17.0,58.4,0.31,118,No,No,Yes,Yes,1366
7082,32.2,34.3,57.3,1.7,1265,No,No,Yes,Yes,3367
7083,38.7,23.9,59.6,0.47,32,No,Yes,Yes,Yes,693
7084,22.5,28.2,50.1,1.74,0,No,No,No,No,NA
7085,34.1,37.3,55.7,1.9,661,No,Yes,Yes,Yes,1284
7086,44.9,14.5,69.0,0.3,1221,No,Yes,Yes,Yes,390
7087,33.5,26.7,29.0,2.0,0,No,No,No,No,NA
7088,31.9,26.9,66.1,1.65,0,No,No,No,No,NA
7089,39.1,20.2,101.5,0.04,110,Yes,Yes,Yes,Yes,6247
7090,15.6,77.1,24.8,3.7,0,No,No,No,No,NA
7091,18.3,25.2,44.7,0.8,0,Yes,Yes,Yes,No,NA
7092,22.9,33.1,28.8,1.66,244,No,Yes,Yes,Yes,426
7093,42.1,15.3,40.8,0.09,895,No,No,Yes,Yes,465
7094,13.4,90.8,12.7,13.03,0,No,No,No,No,NA
7095,23.7,37.7,42.5,3.11,0,No,No,No,No,NA
7096,22.7,62.9,7.8,2.18,0,No,No,No,No,NA
7097,12.3,72.7,9.2,37.98,0,No,No,No,No,NA
7098,32.8,18.6,54.7,0.35,97,No,Yes,Yes,Yes,1548
7099,24.4,35.5,21.7,1.88,0,No,No,No,No,NA
7100,27.3,28.0,60.4,0.62,62,No,No,Yes,Yes,1086
7101,28.8,44.3,46.1,2.98,87,No,Yes,Yes,Yes,770
7102,28.1,41.4,27.2,0.26,0,No,Yes,Yes,No,NA
7103,24.3,38.5,29.5,2.42,31,No,Yes,Yes,Yes,1603
7104,14.7,79.5,26.6,11.72,0,No,No,No,No,NA
7105,21.9,52.3,41.4,6.3,246,No,No,Yes,Yes,44
7106,41.3,24.9,57.9,0.47,270,No,Yes,Yes,Yes,3062
7107,23.9,56.9,6.2,8.72,0,No,Yes,Yes,No,NA
7108,28.9,45.0,24.8,3.15,0,No,No,No,No,NA
7109,22.1,79.1,25.4,16.19,0,No,No,No,No,NA
7110,18.7,61.7,26.7,12.03,0,No,No,No,No,NA
7111,28.6,33.1,54.2,1.08,0,No,No,No,No,NA
7112,42.2,20.2,88.2,0.39,1907,Yes,Yes,Yes,Yes,8818
7113,17.9,59.0,24.6,14.87,0,No,No,Yes,No,NA
7114,11.4,73.6,24.7,27.04,64,Yes,Yes,Yes,Yes,26
7115,31.2,22.9,73.3,0.95,329,Yes,Yes,Yes,Yes,2683
7116,29.2,37.4,31.6,6.95,0,No,No,No,No,NA
7117,24.6,24.9,54.9,1.98,0,No,No,No,No,NA
7118,17.3,62.2,15.9,8.22,0,No,No,No,No,NA
7119,30.5,34.9,32.1,0.45,72,No,No,Yes,Yes,769
7120,30.2,19.0,109.7,0.59,2127,No,Yes,Yes,Yes,3073
7121,25.0,25.1,52.2,2.44,0,No,No,No,No,NA
7122,28.5,42.8,45.3,1.78,283,No,Yes,Yes,Yes,145
7123,29.4,40.8,25.6,0.01,0,No,No,No,No,NA
7124,19.2,70.1,25.0,9.7,0,No,No,No,No,NA
7125,42.5,18.1,37.8,0.39,8,No,No,Yes,Yes,1571
7126,21.4,70.7,7.5,10.43,0,No,No,No,No,NA
7127,18.2,72.7,23.3,6.37,0,No,No,No,No,NA
7128,26.4,29.6,46.4,2.04,0,No,No,No,No,NA
7129,26.9,36.7,64.5,0.77,0,Yes,Yes,Yes,No,NA
7130,39.3,17.7,32.7,0.01,724,No,No,Yes,Yes,2223
7131,36.9,11.5,81.3,0.22,853,No,No,Yes,Yes,575
7132,31.4,26.9,59.7,1.77,233,No,Yes,Yes,Yes,3262
7133,34.0,24.1,51.9,1.68,689,No,Yes,Yes,Yes,1005
7134,23.6,41.1,49.1,7.22,0,Yes,Yes,Yes,No,NA
7135,33.3,24.2,81.2,0.13,846,Yes,Yes,Yes,Yes,3812
7136,29.7,25.7,30.6,1.5,0,No,No,No,No,NA
7137,29.9,26.7,64.3,0.07,0,No,No,No,No,NA
7138,18.5,61.7,9.9,19.16,0,No,No,No,No,NA
7139,43.1,17.6,55.5,0.16,535,No,No,Yes,Yes,2909
7140,22.9,74.4,9.0,6.02,0,No,No,No,No,NA
7141,28.6,28.3,29.2,1.59,386,No,Yes,Yes,Yes,1610
7142,19.3,70.4,12.1,8.53,0,No,No,No,No,NA
7143,38.5,22.8,79.7,0.49,21,No,No,Yes,Yes,1144
7144,26.3,34.4,44.8,2.38,333,No,No,Yes,Yes,1910
7145,26.4,33.7,27.4,1.96,0,No,No,Yes,No,NA
7146,18.3,79.8,21.9,5.55,0,No,No,No,No,NA
7147,16.3,58.0,16.4,6.58,0,No,No,No,No,NA
7148,8.4,73.4,8.2,20.85,0,No,No,No,No,NA
7149,26.1,43.6,59.7,1.61,0,No,No,No,No,NA
7150,26.3,39.4,54.2,1.7,0,No,Yes,Yes,No,NA
7151,17.9,75.2,12.1,7.39,0,No,No,No,No,NA
7152,27.3,43.7,34.2,1.26,0,No,Yes,Yes,No,NA
7153,18.7,68.8,26.1,9.74,106,No,No,Yes,Yes,263
7154,5.4,92.4,20.8,25.98,0,No,No,No,No,NA
7155,31.2,17.0,76.4,0.54,285,No,No,Yes,Yes,146
7156,20.9,76.6,27.1,22.42,0,No,No,No,No,NA
7157,38.6,11.5,71.3,0.06,11,No,Yes,Yes,Yes,8096
7158,15.1,60.2,29.5,4.17,0,No,No,No,No,NA
7159,19.6,80.2,34.3,20.55,0,No,No,No,No,NA
7160,20.1,49.8,45.4,2.54,0,No,No,No,No,NA
7161,24.0,41.3,47.2,1.6,18,No,Yes,Yes,Yes,776
7162,31.3,38.3,29.9,1.61,0,No,No,Yes,No,NA
7163,10.3,92.2,6.4,19.53,0,No,No,No,No,NA
7164,38.9,16.8,60.4,0.07,251,No,Yes,Yes,Yes,4335
7165,23.4,52.1,40.7,2.55,0,No,No,No,No,NA
7166,13.0,69.4,25.9,24.48,0,No,No,No,No,NA
7167,38.2,24.4,42.6,1.14,800,Yes,Yes,Yes,Yes,3181
7168,27.7,41.3,36.0,2.89,0,No,No,No,No,NA
7169,17.1,71.3,11.9,13.78,0,No,No,No,No,NA
7170,31.8,38.4,60.0,0.64,405,No,Yes,Yes,Yes,2204
7171,33.7,37.8,41.3,1.23,353,No,No,Yes,Yes,915
7172,41.5,13.7,75.3,0.8,18,Yes,Yes,Yes,Yes,3500
7173,33.5,34.9,79.7,2.0,589,No,No,Yes,Yes,1636
7174,39.9,13.4,54.2,0.22,515,No,No,Yes,Yes,2386
7175,31.9,24.5,38.5,0.11,0,No,Yes,Yes,No,NA
7176,40.1,23.7,32.8,0.46,147,No,No,Yes,Yes,2685
7177,12.3,73.8,7.2,35.85,0,No,No,No,No,NA
7178,26.0,26.7,58.9,1.68,0,No,Yes,Yes,No,NA
7179,37.0,10.6,88.6,0.5,339,Yes,Yes,Yes,Yes,1245
7180,38.9,19.8,99.7,0.81,4570,No,Yes,Yes,Yes,3967
7181,17.2,73.3,5.0,21.2,0,No,No,No,No,NA
7182,21.3,79.2,25.4,4.19,0,No,No,No,No,NA
7183,17.5,62.2,26.5,16.84,15,No,No,Yes,Yes,270
7184,29.1,20.7,26.2,0.26,8,No,Yes,Yes,Yes,285
7185,28.3,45.2,48.5,1.95,437,No,Yes,Yes,Yes,618
7186,24.1,26.3,34.2,2.68,0,No,No,No,No,NA
7187,28.3,35.7,43.2,4.92,0,No,No,No,No,NA
7188,32.1,32.9,53.5,1.5,244,No,Yes,Yes,Yes,694
7189,14.2,64.9,38.8,8.3,22,No,No,Yes,Yes,342
7190,44.2,11.1,67.2,0.17,11,No,Yes,Yes,Yes,3675
7191,28.2,33.9,20.4,2.87,0,No,No,Yes,No,NA
7192,39.6,21.9,49.9,0.3,1208,No,No,Yes,Yes,897
7193,26.7,20.8,43.9,2.3,278,No,Yes,Yes,Yes,1131
7194,25.1,27.0,30.1,0.23,0,No,Yes,Yes,No,NA
7195,15.4,77.0,24.9,6.28,0,No,No,No,No,NA
7196,16.5,78.8,6.6,19.47,0,No,No,Yes,No,NA
7197,6.7,72.2,24.9,15.9,0,No,No,No,No,NA
7198,34.3,33.4,40.9,1.64,0,No,No,Yes,No,NA
7199,25.9,23.7,48.9,0.52,1077,No,No,Yes,Yes,408
7200,17.0,64.5,25.3,11.68,0,No,No,No,No,NA
7201,17.7,63.9,23.9,12.94,0,No,No,No,No,NA
7202,17.3,68.9,38.1,10.52,0,No,No,No,No,NA
7203,36.1,23.4,64.3,0.32,114,No,Yes,Yes,Yes,6800
7204,19.1,26.0,55.4,1.53,0,No,No,No,No,NA
7205,16.6,72.4,24.4,6.0,0,No,No,No,No,NA
7206,35.2,13.8,65.3,0.47,472,No,No,Yes,Yes,3320
7207,24.9,35.1,21.6,3.04,0,No,No,No,No,NA
7208,27.9,24.1,49.7,0.01,0,No,No,No,No,NA
7209,5.9,94.5,20.5,33.2,0,No,No,No,No,NA
7210,39.4,24.1,61.0,1.24,247,No,Yes,Yes,Yes,7906
7211,27.9,22.9,46.9,0.55,0,No,No,Yes,No,NA
7212,20.9,37.7,30.0,2.93,186,Yes,Yes,Yes,Yes,269
7213,35.6,27.3,77.5,1.33,17,No,Yes,Yes,Yes,1198
7214,6.5,91.5,23.0,23.54,0,No,No,No,No,NA
7215,43.8,18.5,39.2,0.29,24,No,No,Yes,Yes,3462
7216,27.9,42.9,37.2,0.8,12,No,No,Yes,Yes,368
7217,7.4,79.4,14.0,14.52,0,No,No,No,No,NA
7218,42.4,18.7,75.1,0.39,3164,No,No,Yes,Yes,2235
7219,18.4,38.1,46.6,0.26,0,No,No,No,No,NA
7220,28.7,34.8,24.9,2.88,127,No,No,Yes,Yes,103
7221,22.7,54.4,32.9,3.27,0,No,No,No,No,NA
7222,26.0,37.8,27.9,2.0,21,No,No,Yes,Yes,1292
7223,39.6,25.6,55.3,1.54,133,No,No,Yes,Yes,1763
7224,36.5,22.1,49.9,0.24,26,No,No,Yes,Yes,3847
7225,23.9,48.6,47.3,5.89,0,No,No,No,No,NA
7226,8.0,83.0,21.8,7.08,0,No,No,No,No,NA
7227,17.3,83.7,39.3,4.1,0,No,No,No,No,NA
7228,29.5,38.3,28.7,3.6,0,No,No,No,No,NA
7229,32.3,19.7,81.5,0.71,1008,No,Yes,Yes,Yes,4503
7230,23.2,37.6,15.3,5.38,0,No,No,No,No,NA
7231,39.8,29.7,63.7,0.54,117,Yes,Yes,Yes,Yes,2770
7232,31.2,30.4,30.5,0.46,400,No,Yes,Yes,Yes,599
7233,31.8,20.7,62.7,1.24,373,No,Yes,Yes,Yes,3328
7234,18.9,75.2,21.3,3.21,0,No,No,No,No,NA
7235,30.9,42.7,57.8,1.55,0,No,No,No,No,NA
7236,13.8,77.0,34.4,9.36,0,No,No,Yes,No,NA
7237,34.7,20.7,42.8,0.38,832,No,No,Yes,Yes,3912
7238,42.8,23.6,73.7,0.04,1754,No,Yes,Yes,Yes,5185
7239,35.5,20.9,78.3,0.81,937,Yes,Yes,Yes,Yes,1461
7240,26.9,39.3,28.6,0.84,419,No,No,Yes,Yes,2107
7241,30.9,33.4,40.7,0.42,228,Yes,Yes,Yes,Yes,2729
7242,24.3,77.6,25.1,18.72,0,No,No,No,No,NA
7243,33.1,15.7,66.4,0.19,2496,No,No,Yes,Yes,294
7244,6.6,92.9,12.2,7.47,0,No,No,No,No,NA
7245,14.1,92.2,9.4,18.89,0,No,No,No,No,NA
7246,18.7,61.0,17.7,12.91,0,No,No,No,No,NA
7247,23.7,63.3,29.6,4.59,0,No,No,No,No,NA
7248,25.4,26.3,29.6,0.09,0,Yes,Yes,Yes,No,NA
7249,24.5,74.0,16.8,18.7,0,No,Yes,Yes,No,NA
7250,20.7,23.4,59.2,2.05,0,No,No,No,No,NA
7251,6.0,94.0,5.5,7.39,0,No,No,No,No,NA
7252,23.9,37.2,23.0,2.84,0,No,No,No,No,NA
7253,15.2,94.4,8.9,20.24,0,No,No,No,No,NA
7254,17.6,57.4,15.4,9.41,0,No,Yes,Yes,No,NA
7255,13.4,63.5,17.3,12.53,0,No,No,No,No,NA
7256,39.7,26.5,60.9,1.43,575,No,Yes,Yes,Yes,860
7257,37.0,14.4,70.4,0.15,557,Yes,Yes,Yes,Yes,3886
7258,21.2,56.1,16.7,18.78,0,No,No,No,No,NA
7259,30.3,30.3,21.6,1.87,0,Yes,Yes,Yes,No,NA
7260,12.9,80.4,24.2,17.87,0,No,No,No,No,NA
7261,39.7,14.1,104.7,0.68,739,Yes,Yes,Yes,Yes,9878
7262,32.7,32.8,53.5,0.85,497,Yes,Yes,Yes,Yes,2083
7263,17.9,70.6,27.6,11.75,0,No,No,No,No,NA
7264,24.6,64.6,29.5,11.11,0,No,No,No,No,NA
7265,32.0,21.6,46.7,0.67,0,No,Yes,Yes,No,NA
7266,37.7,12.3,52.7,0.01,657,No,Yes,Yes,Yes,5632
7267,36.3,13.3,47.2,0.09,614,Yes,Yes,Yes,Yes,752
7268,37.2,14.4,35.3,0.0,591,No,No,Yes,Yes,4220
7269,31.7,32.0,21.0,0.7,0,No,No,No,No,NA
7270,22.0,46.2,38.7,5.04,85,Yes,Yes,Yes,Yes,259
7271,41.4,16.8,70.0,0.26,2450,No,No,Yes,Yes,3666
7272,29.6,20.7,23.8,0.91,125,No,No,Yes,Yes,1262
7273,30.2,28.6,100.6,0.46,659,No,Yes,Yes,Yes,826
7274,33.8,13.3,96.7,0.39,858,Yes,Yes,Yes,Yes,1596
7275,37.8,13.8,88.5,0.16,1732,No,Yes,Yes,Yes,7478
7276,28.5,37.5,69.8,1.93,866,No,Yes,Yes,Yes,463
7277,20.7,65.6,27.6,16.71,0,No,No,No,No,NA
7278,33.7,32.6,55.2,1.02,245,No,Yes,Yes,Yes,1653
7279,33.2,23.1,46.2,1.59,0,No,No,No,No,NA
7280,24.0,43.1,37.5,3.79,0,No,No,No,No,NA
7281,13.2,60.3,27.0,21.09,0,No,No,No,No,NA
7282,37.2,26.6,60.3,0.6,786,No,Yes,Yes,Yes,3634
7283,39.2,19.2,58.1,0.34,807,No,Yes,Yes,Yes,463
7284,44.7,10.1,73.6,0.22,376,No,No,Yes,Yes,10118
7285,21.4,64.9,22.1,8.21,0,No,No,No,No,NA
7286,38.8,19.7,37.8,0.19,131,No,No,Yes,Yes,2133
7287,22.4,36.3,51.8,1.96,0,No,No,No,No,NA
7288,28.8,25.6,57.6,0.05,0,No,Yes,Yes,No,NA
7289,32.6,44.2,47.5,0.95,773,No,Yes,Yes,Yes,46
7290,12.5,86.3,15.2,35.91,0,No,No,No,No,NA
7291,29.4,27.5,34.8,0.76,845,No,No,Yes,Yes,1417
7292,15.2,75.7,15.3,9.65,0,No,No,No,No,NA
7293,9.0,81.0,6.4,28.7,0,No,No,No,No,NA
7294,14.1,60.8,27.6,14.78,0,No,No,No,No,NA
7295,35.1,10.6,42.1,0.16,901,No,Yes,Yes,Yes,1922
7296,26.5,53.8,24.2,6.12,0,No,No,No,No,NA
7297,40.6,25.0,82.0,0.2,1896,No,Yes,Yes,Yes,8433
7298,38.5,21.4,53.6,0.18,486,No,Yes,Yes,Yes,2161
7299,38.2,29.1,99.5,0.51,1080,No,No,Yes,Yes,531
7300,9.5,89.2,12.9,10.92,0,No,No,No,No,NA
7301,20.3,63.5,8.3,10.21,0,No,No,No,No,NA
7302,29.1,30.4,41.3,2.35,0,No,No,No,No,NA
7303,30.0,28.9,64.5,1.85,88,No,No,Yes,Yes,1773
7304,29.0,29.6,35.5,2.12,0,No,Yes,Yes,No,NA
7305,21.9,58.4,20.8,19.57,0,No,No,No,No,NA
7306,31.1,17.4,46.3,0.51,0,No,No,No,No,NA
7307,33.4,24.8,51.5,0.48,677,No,Yes,Yes,Yes,3099
7308,25.3,40.4,45.5,5.57,0,No,No,No,No,NA
7309,5.6,77.0,13.0,12.69,0,No,No,No,No,NA
7310,37.8,28.9,73.0,1.84,0,No,No,No,No,NA
7311,24.5,44.5,24.2,2.37,0,No,No,No,No,NA
7312,31.1,21.4,84.3,0.07,678,No,No,Yes,Yes,7010
7313,27.5,50.2,29.2,7.83,0,Yes,Yes,Yes,No,NA
7314,29.1,19.6,75.8,1.61,71,No,Yes,Yes,Yes,190
7315,27.6,30.4,21.3,0.08,0,No,No,No,No,NA
7316,13.3,73.0,23.9,23.86,0,No,No,No,No,NA
7317,13.4,81.5,5.0,39.61,0,No,No,No,No,NA
7318,28.6,46.8,16.4,4.77,0,No,No,Yes,No,NA
7319,20.1,32.0,51.0,1.14,0,No,No,No,No,NA
7320,21.0,84.1,29.4,9.51,0,No,No,Yes,No,NA
7321,27.8,26.1,55.7,1.84,34,No,Yes,Yes,Yes,2579
7322,32.9,28.0,107.2,0.75,2122,No,No,Yes,Yes,4329
7323,28.3,33.0,32.9,1.21,0,No,No,No,No,NA
7324,21.2,49.8,47.6,6.74,83,No,No,Yes,Yes,764
7325,13.4,72.9,22.8,18.69,0,No,No,No,No,NA
7326,27.5,44.0,17.6,7.43,0,No,No,No,No,NA
7327,29.6,26.6,51.0,1.33,0,No,No,No,No,NA
7328,32.3,32.8,34.7,1.47,123,No,No,Yes,Yes,2990
7329,44.6,9.9,69.1,0.38,0,Yes,Yes,Yes,No,NA
7330,17.0,61.1,35.5,7.67,71,No,No,Yes,Yes,821
7331,32.0,16.2,45.9,1.67,163,No,No,Yes,Yes,1302
7332,24.3,40.8,34.5,3.12,2,No,Yes,Yes,Yes,1351
7333,31.1,25.9,45.3,1.33,0,No,No,Yes,No,NA
7334,7.0,83.4,10.4,14.05,0,No,No,No,No,NA
7335,25.1,28.5,39.3,2.1,0,No,No,No,No,NA
7336,29.5,42.8,53.5,1.17,0,No,No,No,No,NA
7337,22.0,42.7,33.2,7.32,0,No,No,No,No,NA
7338,33.3,10.1,58.5,0.0,167,No,No,Yes,Yes,1714
7339,33.9,27.0,37.5,1.14,0,No,No,No,No,NA
7340,18.5,67.3,18.2,5.07,0,No,No,No,No,NA
7341,31.6,36.8,39.5,2.65,969,No,Yes,Yes,Yes,282
7342,29.5,44.2,39.0,2.43,254,No,Yes,Yes,Yes,295
7343,21.2,70.7,39.0,5.5,0,No,No,No,No,NA
7344,34.6,15.7,31.2,0.23,253,Yes,Yes,Yes,Yes,220
7345,26.7,29.3,24.8,0.46,0,No,No,No,No,NA
7346,37.4,16.4,46.1,0.14,48,No,Yes,Yes,Yes,159
7347,43.9,24.5,34.6,0.39,684,No,No,Yes,Yes,532
7348,20.5,39.8,48.3,1.3,0,No,Yes,Yes,No,NA
7349,31.0,28.9,62.6,0.13,310,No,No,Yes,Yes,970
7350,34.4,33.6,50.1,0.78,134,No,No,Yes,Yes,1158
7351,29.1,33.5,40.1,0.36,372,No,No,Yes,Yes,46
7352,33.1,17.0,74.1,1.16,773,No,No,Yes,Yes,1845
7353,38.3,14.4,74.6,0.21,230,Yes,Yes,Yes,Yes,5853
7354,31.8,26.6,63.8,0.86,0,Yes,Yes,Yes,No,NA
7355,44.7,15.6,47.3,0.45,901,No,Yes,Yes,Yes,2657
7356,5.8,83.0,6.4,29.53,0,No,No,No,No,NA
7357,42.1,17.8,96.4,0.78,395,No,Yes,Yes,Yes,9194
7358,21.8,39.9,29.8,1.76,0,No,No,Yes,No,NA
7359,29.0,34.5,40.0,2.29,0,No,Yes,Yes,No,NA
7360,40.6,22.5,67.0,0.36,532,Yes,Yes,Yes,Yes,7090
7361,25.0,51.9,18.3,4.86,0,No,No,No,No,NA
7362,9.8,73.1,12.3,8.94,0,No,No,No,No,NA
7363,19.5,57.8,28.9,6.27,0,No,No,No,No,NA
7364,35.2,23.5,78.4,0.49,1584,Yes,Yes,Yes,Yes,2890
7365,30.8,20.5,64.1,0.35,416,Yes,Yes,Yes,Yes,3038
7366,25.2,25.7,30.0,3.34,0,No,No,No,No,NA
7367,11.8,87.3,17.6,22.66,0,No,No,No,No,NA
7368,14.9,74.7,35.3,19.93,0,No,No,No,No,NA
7369,26.4,26.5,64.3,2.62,0,No,No,No,No,NA
7370,28.8,44.1,30.8,2.31,0,No,No,No,No,NA
7371,35.4,17.7,89.1,0.8,489,No,No,Yes,Yes,725
7372,39.9,23.8,77.3,1.36,854,No,No,Yes,Yes,517
7373,22.6,31.4,56.3,0.24,25,No,Yes,Yes,Yes,1361
7374,38.4,16.3,72.0,0.38,345,No,No,Yes,Yes,3684
7375,28.8,45.1,33.7,2.97,0,No,No,No,No,NA
7376,27.0,53.8,34.6,2.58,0,No,No,No,No,NA
7377,37.0,22.0,78.1,1.16,161,No,No,Yes,Yes,266
7378,32.4,19.1,78.8,0.47,2114,No,No,Yes,Yes,132
7379,21.6,75.5,21.4,19.28,0,No,Yes,Yes,No,NA
7380,37.5,31.1,68.0,1.93,0,No,No,No,No,NA
7381,20.8,58.0,24.1,9.27,41,No,Yes,Yes,Yes,589
7382,31.7,28.3,102.3,0.6,1022,Yes,Yes,Yes,Yes,7684
7383,29.0,36.6,24.6,4.65,0,No,No,No,No,NA
7384,28.2,22.3,53.3,3.34,0,No,No,No,No,NA
7385,24.6,24.7,54.0,3.14,0,No,No,No,No,NA
7386,12.9,82.6,18.2,5.14,0,No,No,No,No,NA
7387,40.4,20.7,55.0,0.1,676,No,No,Yes,Yes,389
7388,30.8,36.5,30.5,2.9,196,No,No,Yes,Yes,113
7389,22.0,76.0,24.7,3.86,0,No,No,No,No,NA
7390,26.0,24.8,69.3,1.63,0,No,No,No,No,NA
7391,33.8,24.5,43.3,1.61,945,No,No,Yes,Yes,618
7392,17.0,62.7,30.0,18.74,0,No,No,No,No,NA
7393,24.1,22.3,62.4,0.28,0,No,No,Yes,No,NA
7394,23.5,40.0,35.8,2.15,0,No,Yes,Yes,No,NA
7395,12.4,64.3,13.0,21.17,0,No,No,No,No,NA
7396,44.7,17.0,57.7,0.23,2165,No,Yes,Yes,Yes,3783
7397,24.6,43.8,42.4,2.43,0,Yes,Yes,Yes,No,NA
7398,30.5,16.7,71.3,0.36,344,No,Yes,Yes,Yes,155
7399,31.5,26.6,66.8,1.0,1139,No,Yes,Yes,Yes,3151
7400,41.4,13.1,92.1,0.29,131,No,No,Yes,Yes,11076
7401,26.8,21.4,52.5,0.54,0,No,No,No,No,NA
7402,31.0,18.7,64.5,0.67,221,No,Yes,Yes,Yes,565
7403,36.1,29.4,101.9,0.74,192,No,No,Yes,Yes,469
7404,30.5,28.0,57.3,1.8,0,No,No,No,No,NA
7405,12.8,65.4,27.5,24.85,0,No,No,No,No,NA
7406,25.1,31.7,25.4,0.21,0,No,No,No,No,NA
7407,32.4,27.2,77.3,0.96,32,No,No,Yes,Yes,3345
7408,36.5,16.0,71.0,0.77,125,No,No,Yes,Yes,6280
7409,36.6,9.7,45.0,0.06,0,No,No,Yes,No,NA
7410,23.8,41.5,36.4,2.05,0,Yes,Yes,Yes,No,NA
7411,21.7,20.3,43.5,2.57,0,No,No,No,No,NA
7412,9.2,78.3,6.7,28.6,0,No,Yes,Yes,Yes,12
7413,16.2,67.4,28.8,22.83,0,No,No,No,No,NA
7414,35.5,25.4,75.6,0.87,1457,No,No,Yes,Yes,263
7415,22.1,36.3,27.0,0.96,0,No,No,No,No,NA
7416,17.5,64.9,6.9,19.13,0,No,No,Yes,No,NA
7417,32.1,34.3,41.7,1.49,0,Yes,Yes,Yes,No,NA
7418,41.3,27.3,84.4,0.44,569,No,No,Yes,Yes,2988
7419,21.1,49.0,39.8,3.52,455,No,Yes,Yes,Yes,593
7420,13.9,69.0,21.1,7.77,0,No,No,No,No,NA
7421,26.3,44.5,15.5,4.24,4,No,No,Yes,Yes,178
7422,20.4,57.2,6.0,17.3,0,No,No,No,No,NA
7423,31.8,34.0,33.7,1.61,0,Yes,Yes,Yes,No,NA
7424,24.2,71.2,17.7,18.7,0,No,No,No,No,NA
7425,33.3,33.1,76.3,1.57,1314,Yes,Yes,Yes,Yes,2870
7426,32.0,22.7,37.3,0.23,0,No,No,Yes,No,NA
7427,31.4,33.6,65.3,0.43,0,No,No,Yes,No,NA
7428,28.3,50.2,29.0,6.41,270,No,Yes,Yes,Yes,1016
7429,32.4,28.3,60.4,1.06,0,No,No,No,No,NA
7430,21.6,78.6,23.9,19.65,0,No,No,No,No,NA
7431,26.1,32.4,36.2,0.15,126,Yes,Yes,Yes,Yes,1511
7432,25.6,26.5,43.7,2.91,0,No,No,No,No,NA
7433,26.8,29.9,42.7,0.27,0,Yes,Yes,Yes,No,NA
7434,10.9,86.2,15.6,22.4,0,No,Yes,Yes,No,NA
7435,30.2,24.7,72.1,0.6,220,No,No,Yes,Yes,5845
7436,12.1,79.2,32.2,13.02,0,No,No,No,No,NA
7437,23.8,29.9,57.9,2.26,0,No,No,Yes,No,NA
7438,26.2,37.2,26.8,1.38,0,No,No,No,No,NA
7439,13.2,95.0,12.5,15.44,0,No,No,No,No,NA
7440,27.8,43.4,29.3,7.76,0,No,No,Yes,No,NA
7441,33.0,19.0,87.5,0.19,922,Yes,Yes,Yes,Yes,2126
7442,15.6,78.4,19.3,19.07,0,No,No,No,No,NA
7443,22.3,45.7,27.9,4.03,0,No,No,Yes,No,NA
7444,20.6,74.0,18.7,5.11,0,No,No,No,No,NA
7445,20.4,26.2,59.8,1.83,0,No,No,No,No,NA
7446,25.3,36.1,36.5,1.38,622,No,Yes,Yes,Yes,1004
7447,13.8,60.7,19.2,23.04,0,No,No,No,No,NA
7448,28.6,36.3,54.9,2.59,0,No,No,No,No,NA
7449,27.6,32.5,29.8,1.79,46,Yes,Yes,Yes,Yes,949
7450,17.3,84.7,21.4,35.11,0,No,No,No,No,NA
7451,43.1,17.7,53.9,0.21,150,No,Yes,Yes,Yes,1786
7452,20.9,56.1,8.7,8.64,0,No,No,No,No,NA
7453,12.4,89.4,7.0,24.43,0,No,No,No,No,NA
7454,15.8,85.7,10.0,36.73,0,No,No,No,No,NA
7455,15.4,82.9,24.5,27.67,0,No,No,No,No,NA
7456,21.1,70.3,15.9,17.86,0,No,No,No,No,NA
7457,40.2,12.9,37.8,0.09,1083,No,Yes,Yes,Yes,1255
7458,39.5,20.8,87.7,0.24,0,No,No,Yes,No,NA
7459,10.6,76.1,19.5,31.98,0,No,No,No,No,NA
7460,30.6,22.0,42.4,1.1,6,No,Yes,Yes,Yes,269
7461,29.3,34.0,59.3,2.32,0,No,Yes,Yes,No,NA
7462,32.5,41.0,50.4,1.01,0,No,Yes,Yes,No,NA
7463,20.5,76.9,25.5,24.45,0,No,No,No,No,NA
7464,17.0,86.2,16.0,34.73,0,No,No,No,No,NA
7465,21.9,28.3,36.3,3.05,0,No,No,Yes,No,NA
7466,17.2,64.4,16.4,14.09,0,No,No,No,No,NA
7467,27.9,39.5,22.9,0.75,0,No,No,No,No,NA
7468,37.4,16.7,82.2,0.26,736,No,Yes,Yes,Yes,6103
7469,43.9,13.1,49.8,0.01,113,No,Yes,Yes,Yes,1866
7470,38.6,20.2,47.6,0.08,243,No,No,Yes,Yes,1445
7471,32.5,17.2,69.1,1.09,323,No,No,Yes,Yes,2744
7472,37.3,16.2,58.9,0.21,1765,No,No,Yes,Yes,700
7473,43.1,8.3,80.1,0.11,192,Yes,Yes,Yes,Yes,591
7474,29.7,40.5,21.6,1.88,0,Yes,Yes,Yes,No,NA
7475,26.7,23.3,33.5,0.1,382,No,No,Yes,Yes,47
7476,33.5,18.1,72.3,0.86,948,No,Yes,Yes,Yes,1611
7477,39.2,21.3,62.2,0.73,1242,No,Yes,Yes,Yes,2017
7478,18.7,68.1,19.8,2.47,0,No,No,No,No,NA
7479,30.7,40.3,37.7,0.81,0,No,No,No,No,NA
7480,33.3,27.9,40.9,0.5,448,No,Yes,Yes,Yes,1294
7481,43.7,21.1,54.1,0.21,788,No,Yes,Yes,Yes,5490
7482,21.4,37.7,27.7,0.76,0,Yes,Yes,Yes,No,NA
7483,18.0,57.2,23.3,4.5,0,No,No,No,No,NA
7484,43.6,20.9,66.2,0.1,268,No,No,Yes,Yes,3902
7485,41.4,13.7,83.6,0.39,8,Yes,Yes,Yes,Yes,2541
7486,12.1,66.1,27.9,10.91,0,No,No,No,No,NA
7487,39.0,12.1,74.6,0.53,343,No,Yes,Yes,Yes,6847
7488,33.4,21.0,63.2,0.45,2236,No,No,Yes,Yes,483
7489,40.1,24.1,92.5,0.99,1762,No,Yes,Yes,Yes,6202
7490,16.6,84.4,7.1,20.97,0,No,No,No,No,NA
7491,29.3,15.2,49.2,0.97,1043,No,No,Yes,Yes,865
7492,24.9,75.7,9.0,9.96,0,No,No,Yes,No,NA
7493,35.5,23.1,79.1,1.18,83,No,Yes,Yes,Yes,287
7494,20.8,54.9,31.8,3.31,0,No,No,No,No,NA
7495,12.7,83.6,13.4,15.73,0,No,No,No,No,NA
7496,23.9,35.0,47.1,3.64,356,Yes,Yes,Yes,Yes,2339
7497,15.0,93.1,20.4,5.46,0,No,No,No,No,NA
7498,26.9,42.9,50.4,1.77,0,No,No,No,No,NA
7499,22.7,26.6,53.2,1.92,450,No,No,Yes,Yes,1073
7500,8.0,92.0,16.5,10.94,0,No,No,No,No,NA
7501,31.1,28.9,37.6,1.18,508,No,Yes,Yes,Yes,1484
7502,16.7,61.9,23.3,8.88,0,No,No,No,No,NA
7503,20.9,63.7,13.4,2.27,0,No,No,No,No,NA
7504,17.7,56.3,18.3,13.81,0,No,No,No,No,NA
7505,30.5,12.7,95.8,0.43,18,No,Yes,Yes,Yes,5898
7506,25.5,32.2,61.6,1.29,0,No,No,Yes,No,NA
7507,27.4,36.0,51.0,1.75,0,No,No,No,No,NA
7508,32.8,26.1,45.2,1.73,0,No,No,No,No,NA
7509,16.2,79.6,38.3,15.09,0,No,No,No,No,NA
7510,20.5,84.9,13.7,6.74,0,No,No,No,No,NA
7511,23.8,35.4,48.2,0.1,644,No,Yes,Yes,Yes,1155
7512,38.3,10.2,79.0,0.47,1024,No,Yes,Yes,Yes,3980
7513,6.6,75.9,23.8,34.36,0,No,No,No,No,NA
7514,14.0,77.1,16.7,9.62,0,No,No,No,No,NA
7515,20.2,70.8,23.6,20.69,0,No,No,No,No,NA
7516,22.1,66.0,21.7,10.98,0,No,No,No,No,NA
7517,19.0,75.9,38.2,13.44,0,No,No,No,No,NA
7518,18.5,21.9,28.6,3.86,311,No,Yes,Yes,Yes,10
7519,30.0,34.4,31.1,2.76,0,No,No,No,No,NA
7520,18.4,28.2,29.5,3.01,44,No,No,Yes,Yes,1553
7521,23.5,44.3,46.9,2.45,0,No,No,No,No,NA
7522,26.9,28.5,27.9,1.83,0,No,No,No,No,NA
7523,33.8,20.8,66.9,1.5,1361,No,No,Yes,Yes,2690
7524,22.7,44.0,48.0,6.9,218,No,Yes,Yes,Yes,333
7525,24.6,42.8,37.7,7.07,111,No,Yes,Yes,Yes,363
7526,38.7,18.1,65.1,0.24,2256,No,No,Yes,Yes,4335
7527,12.4,79.0,16.3,33.11,0,No,No,No,No,NA
7528,12.5,85.4,21.5,15.71,0,No,No,No,No,NA
7529,29.8,30.1,64.3,1.19,950,Yes,Yes,Yes,Yes,2782
7530,28.0,51.6,24.2,3.9,175,No,No,Yes,Yes,486
7531,7.2,83.7,18.6,20.18,0,No,No,No,No,NA
7532,37.6,22.0,76.3,0.99,1986,Yes,Yes,Yes,Yes,2374
7533,34.7,20.6,82.5,0.41,1058,No,No,Yes,Yes,1941
7534,19.6,69.5,30.9,13.22,0,No,No,No,No,NA
7535,9.8,80.9,12.0,23.96,0,No,No,No,No,NA
7536,38.5,16.0,74.6,0.13,2060,No,No,Yes,Yes,3761
7537,22.0,39.0,43.3,2.37,281,No,Yes,Yes,Yes,759
7538,26.8,42.0,45.0,2.13,0,No,No,No,No,NA
7539,28.2,20.4,77.8,1.89,618,No,Yes,Yes,Yes,3124
7540,7.5,78.9,16.8,13.02,0,No,No,No,No,NA
7541,37.1,16.4,60.8,0.3,1,No,No,Yes,Yes,4258
7542,10.8,81.4,23.2,37.72,0,No,No,No,No,NA
7543,26.6,37.5,21.8,1.42,43,No,Yes,Yes,Yes,377
7544,30.2,21.7,22.0,1.26,2,No,Yes,Yes,Yes,109
7545,43.4,10.2,46.8,0.12,2038,No,No,Yes,Yes,1855
7546,28.1,34.5,27.7,0.71,0,No,No,Yes,No,NA
7547,23.2,38.6,34.8,0.94,0,No,No,No,No,NA
7548,31.4,19.2,47.5,0.94,334,No,No,Yes,Yes,834
7549,37.2,17.2,79.4,0.25,327,No,Yes,Yes,Yes,2318
7550,24.8,35.8,44.3,5.36,516,Yes,Yes,Yes,Yes,22
7551,16.0,81.8,29.6,16.56,0,No,No,No,No,NA
7552,21.2,39.7,15.4,4.03,0,No,No,No,No,NA
7553,34.4,23.2,84.3,0.27,2157,No,No,Yes,Yes,4692
7554,27.6,41.0,50.8,2.11,0,No,Yes,Yes,No,NA
7555,21.1,40.7,28.9,6.73,0,No,Yes,Yes,No,NA
7556,25.4,51.1,17.9,2.74,215,Yes,Yes,Yes,Yes,222
7557,20.7,77.8,23.9,4.56,0,No,No,No,No,NA
7558,22.6,38.8,32.9,2.64,198,No,No,Yes,Yes,520
7559,29.7,20.2,75.5,1.28,0,No,No,Yes,No,NA
7560,36.7,18.1,66.8,0.48,539,No,No,Yes,Yes,209
7561,33.9,30.8,52.9,0.6,281,No,No,Yes,Yes,114
7562,28.2,44.4,24.8,1.27,0,No,No,No,No,NA
7563,26.6,24.9,64.7,0.87,0,No,No,No,No,NA
7564,29.2,26.3,61.7,1.2,0,No,No,No,No,NA
7565,12.7,60.4,15.0,21.56,0,No,No,No,No,NA
7566,31.6,39.0,53.7,1.91,79,No,No,Yes,Yes,771
7567,18.5,25.4,29.6,1.23,438,No,No,Yes,Yes,576
7568,32.9,27.8,48.1,1.19,0,No,No,Yes,No,NA
7569,25.0,59.0,12.7,16.22,0,No,No,No,No,NA
7570,38.4,9.0,67.4,0.08,1429,No,Yes,Yes,Yes,726
7571,43.0,16.6,54.6,0.27,0,No,No,Yes,Yes,2790
7572,29.2,47.8,40.1,4.87,193,No,Yes,Yes,Yes,1348
7573,14.6,75.2,14.2,33.53,0,No,No,No,No,NA
7574,24.1,44.8,34.4,1.67,0,No,No,No,No,NA
7575,10.1,89.6,10.8,35.78,0,No,No,No,No,NA
7576,19.5,80.7,25.8,6.88,0,No,No,No,No,NA
7577,25.2,26.9,52.1,2.25,423,No,No,Yes,Yes,2621
7578,21.4,69.5,14.4,18.68,0,No,No,No,No,NA
7579,27.2,33.9,30.3,0.32,0,Yes,Yes,Yes,No,NA
7580,23.6,38.9,36.5,5.52,190,No,Yes,Yes,Yes,1993
7581,26.7,31.1,43.6,1.33,0,No,Yes,Yes,No,NA
7582,35.9,24.4,72.6,1.64,0,No,Yes,Yes,No,NA
7583,9.4,89.5,7.4,35.54,0,No,No,No,No,NA
7584,8.5,87.3,21.6,13.94,0,No,No,No,No,NA
7585,36.1,28.1,78.1,0.97,823,No,No,Yes,Yes,2023
7586,28.5,27.7,46.2,3.73,0,No,No,No,No,NA
7587,27.2,27.6,28.2,1.65,0,No,Yes,Yes,No,NA
7588,37.0,14.3,84.9,0.01,2242,No,No,Yes,Yes,556
7589,34.3,27.1,62.3,0.33,81,Yes,Yes,Yes,Yes,2242
7590,38.0,32.1,58.9,0.19,1171,No,No,Yes,Yes,671
7591,32.7,26.7,36.6,1.86,0,No,Yes,Yes,No,NA
7592,19.4,83.2,20.0,20.41,0,No,No,No,No,NA
7593,27.5,23.7,25.4,0.36,0,No,No,No,No,NA
7594,16.5,84.1,13.0,39.03,0,No,No,No,No,NA
7595,23.6,49.7,15.8,5.42,43,No,No,Yes,Yes,10
7596,31.4,22.6,59.8,0.75,1356,No,Yes,Yes,Yes,1195
7597,12.7,84.9,12.6,39.04,0,No,No,No,No,NA
7598,18.8,61.0,16.8,3.49,0,No,No,No,No,NA
7599,37.8,29.2,52.9,0.33,1543,No,No,Yes,Yes,3315
7600,18.6,74.8,36.2,20.62,0,No,No,No,No,NA
7601,25.6,51.6,41.7,1.43,451,No,Yes,Yes,Yes,1197
7602,34.7,18.7,66.8,1.2,311,No,Yes,Yes,Yes,2465
7603,36.1,19.2,64.7,1.32,0,No,No,Yes,No,NA
7604,23.8,42.0,25.2,0.47,0,No,No,No,No,NA
7605,21.9,82.1,32.8,3.81,0,No,No,No,No,NA
7606,34.0,31.3,45.2,1.54,172,No,No,Yes,Yes,575
7607,12.6,72.0,17.6,17.95,0,No,No,No,No,NA
7608,18.9,80.6,20.9,21.68,0,No,No,No,No,NA
7609,37.7,27.5,90.4,0.09,516,No,Yes,Yes,Yes,9321
7610,25.8,29.6,68.0,0.67,0,No,No,No,No,NA
7611,29.0,37.5,51.7,1.08,0,No,Yes,Yes,No,NA
7612,30.1,34.9,25.6,1.05,0,No,No,No,No,NA
7613,7.5,71.5,14.6,16.43,0,No,No,No,No,NA
7614,42.1,25.3,70.7,0.22,1401,No,Yes,Yes,Yes,3113
7615,25.0,22.9,51.4,2.11,0,No,No,No,No,NA
7616,18.5,63.2,8.6,10.35,0,No,No,No,No,NA
7617,28.6,26.7,45.4,1.39,126,No,Yes,Yes,Yes,48
7618,34.7,29.9,30.8,1.31,0,No,Yes,Yes,No,NA
7619,36.4,33.3,63.6,0.45,0,No,Yes,Yes,No,NA
7620,30.3,29.5,43.5,0.79,90,No,No,Yes,Yes,3363
7621,39.8,16.1,54.6,0.23,358,Yes,Yes,Yes,Yes,238
7622,37.7,20.4,56.3,0.61,199,No,No,Yes,Yes,735
7623,30.6,18.5,61.4,1.83,310,No,Yes,Yes,Yes,3078
7624,17.4,64.6,17.6,3.33,0,No,No,No,No,NA
7625,26.5,26.7,64.3,1.87,0,No,Yes,Yes,No,NA
7626,23.2,36.8,33.0,1.96,0,No,No,No,No,NA
7627,44.8,14.3,78.5,0.25,495,Yes,Yes,Yes,Yes,6690
7628,41.8,18.9,91.4,0.94,2720,No,Yes,Yes,Yes,10595
7629,38.5,21.2,54.6,0.26,816,No,Yes,Yes,Yes,1333
7630,26.1,27.7,29.3,1.72,243,No,No,Yes,Yes,1184
7631,24.7,65.5,25.2,13.44,0,No,No,No,No,NA
7632,43.0,18.2,45.9,0.16,436,No,No,Yes,Yes,968
7633,24.3,37.9,45.8,0.62,347,No,No,Yes,Yes,470
7634,44.1,16.4,31.0,0.49,952,No,Yes,Yes,Yes,634
7635,15.8,58.7,5.6,16.25,0,No,No,No,No,NA
7636,21.5,25.9,26.3,0.77,0,No,No,No,No,NA
7637,26.5,38.4,54.0,0.77,33,No,Yes,Yes,Yes,1481
7638,37.9,19.8,60.6,0.12,50,No,Yes,Yes,Yes,3724
7639,23.1,47.5,43.1,0.81,0,No,No,No,No,NA
7640,30.9,19.9,44.2,0.2,0,Yes,Yes,Yes,No,NA
7641,39.1,17.0,44.3,0.14,631,No,Yes,Yes,Yes,1312
7642,19.7,70.6,32.9,20.42,0,No,No,No,No,NA
7643,43.9,18.5,57.7,0.23,280,No,Yes,Yes,Yes,1648
7644,39.4,16.7,53.6,0.25,469,No,Yes,Yes,Yes,1652
7645,44.5,22.9,41.8,0.48,199,No,Yes,Yes,Yes,2142
7646,16.9,66.0,28.7,5.29,0,No,Yes,Yes,No,NA
7647,21.3,68.8,13.5,8.23,0,No,No,No,No,NA
7648,29.2,25.9,28.7,0.63,313,No,No,Yes,Yes,968
7649,43.4,9.5,79.4,0.48,2941,No,No,Yes,Yes,3686
7650,16.6,90.6,17.6,16.34,0,No,No,No,No,NA
7651,38.0,34.6,71.9,0.25,379,No,No,Yes,Yes,1590
7652,23.5,45.3,48.1,1.84,0,No,No,No,No,NA
7653,19.3,69.6,29.5,11.96,0,No,No,No,No,NA
7654,35.0,34.5,52.2,0.28,0,No,Yes,Yes,No,NA
7655,10.1,83.6,20.6,7.76,0,No,No,No,No,NA
7656,29.0,39.8,52.5,3.98,0,No,No,No,No,NA
7657,12.0,71.8,13.2,7.15,0,No,No,No,No,NA
7658,38.0,17.6,68.1,0.39,1715,No,Yes,Yes,Yes,880
7659,17.8,70.1,6.4,30.97,0,No,No,Yes,No,NA
7660,22.9,59.8,28.2,5.42,0,No,No,No,No,NA
7661,16.3,71.2,25.4,6.26,0,No,No,No,No,NA
7662,34.0,20.3,61.8,1.7,473,No,No,Yes,Yes,1760
7663,32.3,33.7,59.0,1.63,0,No,No,Yes,No,NA
7664,27.3,47.9,48.2,7.15,165,No,Yes,Yes,Yes,1780
7665,39.5,14.8,69.7,0.14,109,Yes,Yes,Yes,Yes,494
7666,28.4,32.1,40.7,2.25,0,No,Yes,Yes,No,NA
7667,39.0,21.3,48.7,1.86,1650,No,Yes,Yes,Yes,1259
7668,32.3,18.1,66.2,0.28,1520,No,Yes,Yes,Yes,1855
7669,10.2,71.4,7.5,15.16,0,No,No,No,No,NA
7670,5.9,73.4,18.9,33.45,0,No,No,No,No,NA
7671,28.5,24.9,63.4,0.9,199,No,No,Yes,Yes,155
7672,21.6,80.5,10.6,14.96,0,No,No,No,No,NA
7673,15.2,56.6,11.7,8.63,0,No,No,No,No,NA
7674,31.9,21.0,61.2,0.28,0,Yes,Yes,Yes,No,NA
7675,7.7,73.6,15.4,20.03,0,No,No,No,No,NA
7676,32.6,17.1,75.6,0.3,883,No,Yes,Yes,Yes,2260
7677,37.4,30.4,78.8,1.58,0,No,No,Yes,No,NA
7678,26.2,31.8,60.5,2.91,0,No,No,No,No,NA
7679,35.3,28.0,73.4,0.12,1068,No,Yes,Yes,Yes,2796
7680,29.2,23.3,56.7,0.64,0,No,No,No,No,NA
7681,36.1,29.3,77.2,0.02,382,Yes,Yes,Yes,Yes,1035
7682,37.6,21.4,55.8,0.95,369,No,No,Yes,Yes,278
7683,16.4,88.2,12.7,8.96,0,No,No,No,No,NA
7684,21.7,72.6,26.9,24.74,0,No,No,No,No,NA
7685,34.4,12.6,71.1,0.02,54,No,Yes,Yes,Yes,5978
7686,36.3,23.8,54.6,1.46,220,No,No,Yes,Yes,4656
7687,23.5,20.8,57.1,2.53,0,No,No,No,No,NA
7688,41.8,13.7,108.5,0.75,1370,Yes,Yes,Yes,Yes,5414
7689,42.7,24.0,43.6,0.36,766,No,Yes,Yes,Yes,1437
7690,28.5,32.1,48.4,3.66,0,No,Yes,Yes,No,NA
7691,23.2,39.4,41.1,1.0,0,No,No,No,No,NA
7692,36.4,10.9,73.3,0.34,1231,No,Yes,Yes,Yes,64
7693,37.7,19.8,89.6,0.32,740,No,No,Yes,Yes,2579
7694,29.3,17.3,63.4,0.75,619,No,Yes,Yes,Yes,1755
7695,32.9,23.1,46.7,0.63,0,Yes,Yes,Yes,No,NA
7696,34.5,20.7,40.4,1.18,0,Yes,Yes,Yes,No,NA
7697,38.2,19.1,55.6,0.2,354,No,No,Yes,Yes,339
7698,9.1,94.3,18.0,29.74,0,No,No,No,No,NA
7699,40.9,18.1,42.3,0.38,111,No,No,Yes,Yes,4976
7700,19.1,63.9,7.0,4.62,0,No,No,No,No,NA
7701,12.7,93.8,17.4,29.64,0,No,No,No,No,NA
7702,16.3,72.9,27.3,10.7,0,No,No,No,No,NA
7703,37.2,33.0,46.0,1.74,0,Yes,Yes,Yes,No,NA
7704,19.3,62.7,19.4,5.53,0,No,No,No,No,NA
7705,28.0,30.5,48.0,2.75,0,No,No,No,No,NA
7706,31.1,35.7,22.1,0.98,0,No,No,Yes,No,NA
7707,12.1,62.0,22.4,21.24,0,No,No,No,No,NA
7708,10.1,93.9,7.6,34.71,0,No,No,No,No,NA
7709,35.9,15.6,50.0,1.41,282,No,No,Yes,Yes,2003
7710,39.4,29.5,55.0,0.43,419,No,Yes,Yes,Yes,1995
7711,27.4,50.1,19.1,3.42,0,No,No,No,No,NA
7712,31.3,37.1,33.3,1.86,727,Yes,Yes,Yes,Yes,701
7713,23.6,53.0,47.1,1.51,405,No,Yes,Yes,Yes,1039
7714,28.0,35.3,27.0,2.97,0,No,Yes,Yes,No,NA
7715,13.5,89.5,12.4,39.84,0,No,No,No,No,NA
7716,16.8,63.2,21.9,15.96,0,No,No,No,No,NA
7717,32.8,19.2,84.4,0.03,2627,Yes,Yes,Yes,Yes,316
7718,33.5,16.8,54.0,0.11,140,No,Yes,Yes,Yes,2589
7719,19.1,56.6,15.9,4.43,0,No,No,Yes,No,NA
7720,22.9,40.4,19.4,5.26,165,No,No,Yes,Yes,124
7721,34.1,33.5,21.9,0.19,187,No,Yes,Yes,Yes,832
7722,16.1,71.6,24.0,25.91,0,No,No,No,No,NA
7723,31.1,34.0,55.7,1.11,525,No,Yes,Yes,Yes,2458
7724,22.8,53.4,25.9,3.97,0,No,No,No,No,NA
7725,28.1,25.9,43.0,3.52,0,No,Yes,Yes,No,NA
7726,20.9,74.7,11.6,14.52,0,No,No,No,No,NA
7727,32.1,35.2,24.4,2.76,0,No,No,Yes,No,NA
7728,24.8,36.7,57.0,0.72,0,No,No,Yes,No,NA
7729,17.9,72.0,21.7,14.58,0,No,No,No,No,NA
7730,13.2,78.8,15.2,37.36,0,No,No,No,No,NA
7731,30.2,27.8,76.3,0.86,1808,No,Yes,Yes,Yes,5464
7732,30.3,23.9,101.9,0.01,431,No,No,Yes,Yes,4217
7733,25.0,36.7,34.8,0.84,259,No,No,Yes,Yes,152
7734,35.1,31.4,50.1,0.52,400,No,Yes,Yes,Yes,1438
7735,29.5,31.5,27.7,1.44,0,No,Yes,Yes,No,NA
7736,28.5,24.8,72.8,1.81,457,No,Yes,Yes,Yes,745
7737,16.5,57.8,8.6,14.27,0,No,No,No,No,NA
7738,40.4,15.7,58.2,0.21,621,No,Yes,Yes,Yes,1995
7739,37.4,10.2,54.7,0.44,1526,Yes,Yes,Yes,Yes,3684
7740,28.1,31.9,43.4,0.48,252,No,No,Yes,Yes,153
7741,16.2,84.1,38.7,23.13,0,No,No,No,No,NA
7742,11.1,73.9,5.4,17.39,0,No,No,No,No,NA
7743,32.6,34.2,27.0,1.01,365,Yes,Yes,Yes,Yes,157
7744,29.9,28.1,45.9,2.69,23,No,Yes,Yes,Yes,2863
7745,23.5,25.6,41.3,3.04,252,No,No,Yes,Yes,1142
7746,24.4,35.3,22.7,5.09,0,No,No,No,No,NA
7747,23.8,60.0,12.5,11.86,0,No,No,No,No,NA
7748,25.6,47.4,32.3,7.78,219,No,No,Yes,Yes,649
7749,12.1,64.0,33.6,18.34,0,No,No,No,No,NA
7750,32.7,22.3,93.8,0.14,635,No,No,Yes,Yes,739
7751,28.2,44.5,27.7,1.92,51,No,No,Yes,Yes,49
7752,17.8,74.4,30.8,20.42,0,No,No,No,No,NA
7753,27.2,32.7,47.3,0.05,348,Yes,Yes,Yes,Yes,587
7754,42.5,27.3,75.8,0.45,115,No,No,Yes,Yes,199
7755,34.1,27.2,53.0,0.43,368,No,Yes,Yes,Yes,3856
7756,23.8,39.0,19.2,3.15,0,No,No,Yes,Yes,531
7757,33.2,35.3,28.1,0.56,0,No,No,No,No,NA
7758,32.9,39.6,33.7,0.65,73,Yes,Yes,Yes,Yes,472
7759,14.4,76.0,15.3,17.78,0,No,No,No,No,NA
7760,28.1,22.1,72.1,0.86,128,No,No,Yes,Yes,4049
7761,26.3,52.2,31.5,5.93,0,No,No,No,No,NA
7762,35.3,23.5,82.6,0.47,627,Yes,Yes,Yes,Yes,5475
7763,5.4,80.0,7.6,26.44,0,No,No,No,No,NA
7764,12.7,73.0,19.4,7.18,0,No,No,No,No,NA
7765,12.6,74.4,25.7,18.76,0,No,No,No,No,NA
7766,29.6,25.5,66.9,1.2,0,No,No,No,No,NA
7767,27.3,34.3,64.9,1.22,0,No,Yes,Yes,No,NA
7768,12.5,66.9,15.2,15.45,0,No,No,No,No,NA
7769,9.0,84.7,6.0,5.74,0,No,No,No,No,NA
7770,17.9,64.4,38.3,10.34,0,No,No,No,No,NA
7771,26.8,28.2,51.4,2.26,0,No,No,No,No,NA
7772,21.7,49.5,38.7,2.69,62,Yes,Yes,Yes,Yes,508
7773,6.8,85.1,8.5,7.46,0,No,No,No,No,NA
7774,17.4,57.4,21.5,19.96,0,No,No,No,No,NA
7775,24.6,55.6,13.4,13.28,0,No,No,No,No,NA
7776,33.1,21.7,30.9,0.39,24,No,Yes,Yes,Yes,1654
7777,30.6,26.0,52.4,2.94,1054,No,Yes,Yes,Yes,2433
7778,16.3,91.1,22.0,25.79,0,No,No,No,No,NA
7779,21.2,40.5,19.4,3.8,0,No,No,No,No,NA
7780,21.5,29.6,46.6,1.71,0,No,Yes,Yes,No,NA
7781,30.0,28.1,74.3,0.4,75,No,Yes,Yes,Yes,828
7782,19.5,74.4,28.5,4.9,0,No,No,No,No,NA
7783,29.4,30.2,55.6,0.25,540,No,No,Yes,Yes,293
7784,32.5,11.7,59.3,0.55,1839,No,Yes,Yes,Yes,4315
7785,32.2,24.1,69.1,1.45,1001,No,Yes,Yes,Yes,4579
7786,15.1,70.4,27.3,13.73,0,No,No,No,No,NA
7787,41.0,13.7,31.4,0.31,61,No,Yes,Yes,Yes,3191
7788,30.1,32.2,57.5,1.83,212,No,Yes,Yes,Yes,748
7789,24.2,45.9,43.3,4.53,0,No,No,No,No,NA
7790,32.8,40.7,22.7,0.2,0,No,No,Yes,No,NA
7791,33.7,9.5,74.4,0.14,2230,No,Yes,Yes,Yes,5979
7792,18.3,83.9,12.8,13.78,0,No,No,No,No,NA
7793,39.2,15.0,52.9,0.3,1199,No,Yes,Yes,Yes,74
7794,32.6,31.5,55.2,0.66,0,No,No,No,No,NA
7795,12.2,93.9,19.8,10.42,0,No,No,No,No,NA
7796,20.6,65.4,20.8,16.17,0,No,No,No,No,NA
7797,25.7,51.8,38.8,5.86,0,No,No,No,No,NA
7798,27.1,46.1,43.9,4.83,0,No,No,No,No,NA
7799,22.7,26.4,29.2,3.74,170,No,Yes,Yes,Yes,138
7800,30.6,28.9,50.9,0.5,0,No,No,No,No,NA
7801,43.9,22.5,58.6,0.42,0,No,No,No,No,NA
7802,31.8,14.5,96.0,0.92,199,No,No,Yes,Yes,11906
7803,19.3,69.5,15.2,17.84,0,No,No,No,No,NA
7804,32.3,26.4,75.8,0.71,84,No,No,Yes,Yes,1640
7805,21.7,78.7,21.0,18.9,0,No,No,No,No,NA
7806,23.3,41.8,34.0,3.89,0,No,Yes,Yes,No,NA
7807,28.4,45.3,41.5,4.69,0,No,No,No,No,NA
7808,27.1,43.2,18.4,5.66,54,No,No,Yes,Yes,733
7809,23.7,79.8,9.8,17.45,0,No,No,No,No,NA
7810,10.4,81.5,24.7,9.75,0,No,No,No,No,NA
7811,30.1,32.2,75.7,1.64,314,No,Yes,Yes,Yes,1472
7812,5.6,76.1,23.2,7.12,0,No,No,No,No,NA
7813,26.7,39.7,23.0,0.76,0,No,No,Yes,No,NA
7814,33.7,28.6,28.0,1.92,0,No,Yes,Yes,No,NA
7815,25.2,31.5,56.8,0.05,230,No,No,Yes,Yes,1147
7816,19.6,66.6,19.8,9.14,0,No,No,No,No,NA
7817,25.3,43.5,43.8,4.71,0,No,No,Yes,No,NA
7818,16.4,76.6,20.1,19.08,0,No,No,No,No,NA
7819,23.5,24.5,33.8,3.88,0,No,No,Yes,No,NA
7820,27.2,39.1,62.7,2.71,0,No,No,No,No,NA
7821,35.1,18.4,63.6,0.01,0,No,No,Yes,No,NA
7822,27.9,48.5,29.7,5.74,0,No,Yes,Yes,No,NA
7823,23.6,27.2,34.6,0.81,0,No,No,No,No,NA
7824,27.3,39.1,29.1,1.28,0,No,No,No,No,NA
7825,27.0,29.1,20.5,0.25,293,Yes,Yes,Yes,Yes,68
7826,23.0,61.8,14.1,13.87,0,No,No,No,No,NA
7827,21.3,36.2,44.3,5.33,141,Yes,Yes,Yes,Yes,764
7828,28.2,40.3,21.8,3.56,0,No,No,No,No,NA
7829,38.9,28.2,71.5,0.36,1258,Yes,Yes,Yes,Yes,4163
7830,22.7,38.7,48.6,6.96,0,No,No,No,No,NA
7831,31.2,26.8,39.5,0.89,0,No,No,Yes,No,NA
7832,19.7,38.2,41.7,1.42,41,Yes,Yes,Yes,Yes,170
7833,34.0,25.9,37.1,0.63,220,No,Yes,Yes,Yes,2388
7834,26.4,32.0,30.3,0.4,0,No,No,No,No,NA
7835,39.0,21.6,78.4,1.8,1273,Yes,Yes,Yes,Yes,3310
7836,40.7,21.0,33.8,0.34,933,No,Yes,Yes,Yes,1239
7837,28.8,32.6,51.0,2.92,264,Yes,Yes,Yes,Yes,2450
7838,12.8,68.4,25.4,11.16,0,No,No,No,No,NA
7839,30.1,10.0,61.4,0.65,53,No,Yes,Yes,Yes,1017
7840,28.3,30.5,35.9,2.51,231,No,No,Yes,Yes,801
7841,40.0,24.4,31.4,0.33,834,Yes,Yes,Yes,Yes,1794
7842,28.1,42.6,41.0,6.55,0,No,No,No,No,NA
7843,21.7,20.5,55.5,3.08,18,No,Yes,Yes,Yes,1139
7844,22.4,50.4,49.1,7.59,0,No,Yes,Yes,No,NA
7845,30.5,28.9,45.0,1.5,253,Yes,Yes,Yes,Yes,212
7846,33.3,28.7,65.8,0.81,0,No,No,No,No,NA
7847,38.1,28.5,51.1,1.15,116,Yes,Yes,Yes,Yes,5635
7848,18.3,30.3,47.3,1.45,18,No,Yes,Yes,Yes,2104
7849,12.2,74.8,10.5,7.34,0,No,No,No,No,NA
7850,31.0,14.5,84.3,0.2,161,No,Yes,Yes,Yes,5584
7851,32.4,39.9,49.6,0.82,0,No,No,No,No,NA
7852,21.1,35.7,27.9,3.04,0,No,No,No,No,NA
7853,15.3,77.7,12.8,10.63,0,No,No,No,No,NA
7854,15.8,91.2,15.3,15.67,0,No,No,No,No,NA
7855,23.5,32.3,58.7,2.96,60,No,Yes,Yes,Yes,661
7856,29.9,25.7,58.1,1.62,1192,Yes,Yes,Yes,Yes,4032
7857,32.6,33.3,41.0,0.9,0,Yes,Yes,Yes,No,NA
7858,24.3,29.1,34.1,1.11,0,No,No,No,No,NA
7859,41.4,12.3,102.8,0.22,1490,No,No,Yes,Yes,533
7860,21.0,62.5,7.3,12.68,4,No,No,Yes,Yes,26
7861,28.1,25.6,22.5,1.55,0,Yes,Yes,Yes,No,NA
7862,30.1,35.0,51.7,1.18,0,No,Yes,Yes,No,NA
7863,25.1,40.6,41.5,7.95,16,No,No,Yes,Yes,1896
7864,14.4,92.4,23.6,35.42,0,No,No,No,No,NA
7865,38.4,23.4,71.9,0.1,569,No,Yes,Yes,Yes,2280
7866,17.9,57.0,18.9,5.21,0,No,No,No,No,NA
7867,40.8,26.9,52.6,0.66,1524,Yes,Yes,Yes,Yes,5443
7868,16.3,67.2,20.0,17.34,0,No,No,No,No,NA
7869,22.9,44.2,49.8,5.09,0,No,No,No,No,NA
7870,34.5,31.3,45.6,1.51,615,No,Yes,Yes,Yes,2084
7871,21.9,31.9,50.7,0.17,0,No,No,Yes,Yes,2183
7872,5.1,81.5,10.9,13.49,0,No,No,No,No,NA
7873,33.7,21.6,81.7,0.57,234,Yes,Yes,Yes,Yes,3664
7874,28.1,45.9,32.6,4.92,0,No,No,No,No,NA
7875,20.2,72.3,39.1,22.04,0,No,No,No,No,NA
7876,32.7,30.2,32.5,0.42,0,No,No,No,No,NA
7877,23.8,45.8,22.3,7.12,33,No,Yes,Yes,Yes,143
7878,22.2,30.2,54.3,2.83,0,No,No,No,No,NA
7879,14.9,75.1,7.0,20.75,0,No,No,No,No,NA
7880,39.4,12.0,64.8,0.1,996,No,No,Yes,Yes,1162
7881,18.7,62.4,5.3,9.48,0,No,Yes,Yes,No,NA
7882,36.0,22.6,107.9,0.22,2501,No,No,Yes,Yes,8968
7883,28.9,39.0,39.1,6.63,0,No,Yes,Yes,No,NA
7884,19.8,80.2,14.8,9.28,0,No,No,No,No,NA
7885,22.8,23.7,61.9,3.99,0,No,No,No,No,NA
7886,21.1,36.9,47.6,3.93,0,No,No,No,No,NA
7887,39.8,15.8,49.2,1.2,34,No,Yes,Yes,Yes,601
7888,41.8,12.0,44.6,0.49,1239,No,No,Yes,Yes,2733
7889,41.2,10.1,51.3,0.07,779,Yes,Yes,Yes,Yes,5478
7890,32.3,32.1,28.9,0.48,52,No,Yes,Yes,Yes,319
7891,26.0,39.5,31.5,3.62,0,No,No,No,No,NA
7892,32.8,22.9,87.3,0.06,352,Yes,Yes,Yes,Yes,2970
7893,33.4,29.2,56.2,1.04,87,Yes,Yes,Yes,Yes,3055
7894,38.8,27.2,47.1,1.33,0,No,No,No,No,NA
7895,31.3,12.7,91.3,0.02,1496,Yes,Yes,Yes,Yes,208
7896,29.8,37.7,29.2,5.32,108,No,Yes,Yes,Yes,1204
7897,9.0,86.1,10.6,16.24,0,No,No,No,No,NA
7898,33.1,31.4,51.8,1.95,13,No,Yes,Yes,Yes,520
7899,21.9,33.0,40.3,2.85,0,No,No,Yes,No,NA
7900,21.4,74.1,32.7,23.84,0,No,No,No,No,NA
7901,41.6,19.9,69.7,0.59,2280,No,Yes,Yes,Yes,4297
7902,32.2,30.7,23.5,1.27,0,No,No,No,No,NA
7903,13.0,77.9,37.1,3.31,0,No,No,No,No,NA
7904,23.2,62.7,10.7,12.53,0,No,No,No,No,NA
7905,26.2,41.0,43.4,1.77,31,No,No,Yes,Yes,543
7906,39.0,17.2,41.0,0.65,222,No,No,Yes,Yes,1452
7907,16.9,79.9,14.7,39.43,0,No,No,No,No,NA
7908,18.3,73.3,5.3,15.45,0,No,No,No,No,NA
7909,29.2,29.2,51.8,2.42,338,No,Yes,Yes,Yes,634
7910,16.4,55.8,18.4,19.45,0,No,Yes,Yes,No,NA
7911,34.2,26.2,72.0,0.31,329,No,Yes,Yes,Yes,389
7912,18.6,77.6,20.2,3.69,0,No,No,No,No,NA
7913,43.2,19.6,35.9,0.0,319,No,Yes,Yes,Yes,1246
7914,20.8,64.9,13.5,11.68,0,Yes,Yes,Yes,No,NA
7915,26.1,25.0,50.4,1.63,0,No,No,Yes,No,NA
7916,29.2,19.0,49.3,1.76,0,No,No,Yes,No,NA
7917,26.6,38.5,27.2,3.18,3,No,No,Yes,Yes,75
7918,16.8,88.4,7.1,15.0,0,No,No,No,No,NA
7919,27.0,35.5,48.4,6.32,0,No,Yes,Yes,No,NA
7920,7.6,78.5,6.3,15.95,0,No,No,No,No,NA
7921,14.9,77.6,37.4,22.39,0,No,No,Yes,No,NA
7922,39.9,15.5,77.6,1.99,93,No,No,Yes,Yes,1479
7923,25.2,35.2,40.8,1.2,0,Yes,Yes,Yes,No,NA
7924,27.5,47.3,35.8,1.47,0,No,No,No,No,NA
7925,12.9,94.4,15.9,10.58,0,No,No,No,No,NA
7926,28.2,22.8,56.1,0.05,0,Yes,Yes,Yes,No,NA
7927,22.8,63.3,23.0,5.85,0,No,No,No,No,NA
7928,15.2,71.6,37.6,17.97,0,No,No,No,No,NA
7929,39.6,27.4,60.6,1.98,675,Yes,Yes,Yes,Yes,734
7930,36.2,27.5,103.3,0.71,1503,No,Yes,Yes,Yes,2779
7931,36.1,22.8,56.9,0.58,0,No,No,Yes,No,NA
7932,8.8,90.6,20.7,16.47,0,No,No,No,No,NA
7933,8.6,89.8,5.5,22.51,0,No,No,No,No,NA
7934,15.5,70.7,27.4,4.72,0,No,No,No,No,NA
7935,25.7,21.8,60.2,2.68,0,No,No,No,No,NA
7936,22.2,56.5,27.9,17.96,0,No,No,No,No,NA
7937,25.0,26.0,59.4,1.7,503,No,No,Yes,Yes,282
7938,16.9,72.1,19.7,27.63,0,No,No,No,No,NA
7939,22.5,54.2,17.0,7.8,0,No,No,No,No,NA
7940,20.6,65.9,19.0,8.69,0,No,No,No,No,NA
7941,22.9,41.4,36.8,0.64,94,No,No,Yes,Yes,347
7942,6.4,75.6,18.0,37.15,0,No,No,No,No,NA
7943,28.8,29.8,62.7,1.49,83,No,No,Yes,Yes,1584
7944,39.5,12.4,69.0,0.97,2519,No,Yes,Yes,Yes,1429
7945,28.7,30.4,27.5,1.96,0,No,No,No,No,NA
7946,34.8,27.2,52.5,0.5,277,No,No,Yes,Yes,1812
7947,39.4,30.5,43.4,0.67,878,No,Yes,Yes,Yes,2163
7948,25.3,36.5,20.1,7.14,237,No,Yes,Yes,Yes,395
7949,12.2,81.2,31.1,18.28,0,No,No,No,No,NA
7950,26.5,38.0,56.6,1.04,15,No,No,Yes,Yes,125
7951,33.6,32.0,58.8,0.56,0,No,No,No,No,NA
7952,17.6,76.8,28.7,8.05,0,No,No,No,No,NA
7953,19.3,69.9,13.0,19.47,0,No,No,No,No,NA
7954,22.2,62.0,8.0,4.68,0,No,No,No,No,NA
7955,25.4,23.7,63.8,0.83,483,No,Yes,Yes,Yes,2846
7956,11.3,76.5,9.8,12.78,0,No,No,No,No,NA
7957,7.8,76.9,18.4,5.22,0,No,No,No,No,NA
7958,42.7,15.8,107.7,0.19,3848,No,Yes,Yes,Yes,2792
7959,29.3,33.2,50.2,0.49,0,No,No,No,No,NA
7960,25.3,34.5,47.3,0.96,0,No,No,No,No,NA
7961,25.0,55.6,29.1,17.83,0,No,No,No,No,NA
7962,15.1,79.1,7.9,21.11,0,No,No,No,No,NA
7963,27.0,37.0,53.6,3.97,681,Yes,Yes,Yes,Yes,1049
7964,32.9,22.6,30.9,0.77,0,No,No,No,No,NA
7965,25.4,34.0,20.8,0.54,0,No,Yes,Yes,No,NA
7966,29.3,31.8,54.5,0.56,1040,No,Yes,Yes,Yes,2078
7967,44.0,9.9,60.8,0.4,1846,No,No,Yes,Yes,5422
7968,18.8,57.5,19.4,19.54,0,No,No,Yes,No,NA
7969,21.9,42.6,38.0,4.93,0,No,No,No,No,NA
7970,33.2,24.2,62.7,0.21,286,No,Yes,Yes,Yes,517
7971,19.9,68.2,20.2,6.17,0,No,No,No,No,NA
7972,14.6,65.4,17.5,21.04,0,No,No,No,No,NA
7973,34.2,31.5,47.2,0.18,581,No,Yes,Yes,Yes,1111
7974,44.3,20.5,72.9,0.07,1067,No,Yes,Yes,Yes,4273
7975,24.8,30.1,59.6,2.23,73,No,No,Yes,Yes,600
7976,18.1,32.0,37.7,1.0,111,No,No,Yes,Yes,951
7977,42.2,14.0,58.6,0.15,284,No,Yes,Yes,Yes,2972
7978,25.9,44.3,41.0,0.43,330,No,No,Yes,Yes,148
7979,29.6,21.9,44.4,0.3,0,No,Yes,Yes,No,NA
7980,22.8,43.1,30.4,2.79,80,Yes,Yes,Yes,Yes,197
7981,29.6,35.5,55.5,2.59,0,No,Yes,Yes,No,NA
7982,29.2,27.8,45.7,0.19,0,No,No,No,No,NA
7983,19.1,55.1,24.5,13.63,0,No,No,No,No,NA
7984,21.4,20.1,53.5,3.4,0,No,No,No,No,NA
7985,16.6,73.8,14.3,15.85,0,No,No,No,No,NA
7986,22.8,38.1,24.8,6.46,0,No,No,No,No,NA
7987,22.3,38.2,33.3,0.06,379,No,No,Yes,Yes,157
7988,19.2,65.7,21.4,13.25,0,No,No,No,No,NA
7989,35.4,23.5,50.1,0.5,159,No,No,Yes,Yes,4176
7990,27.8,25.4,50.4,1.66,0,No,No,Yes,No,NA
7991,13.0,63.2,21.3,19.87,0,No,No,No,No,NA
7992,11.7,79.6,19.2,5.83,0,No,No,No,No,NA
7993,31.6,26.6,75.6,0.91,1562,No,No,Yes,Yes,197
7994,29.7,28.7,63.4,1.98,0,No,Yes,Yes,No,NA
7995,15.9,69.8,38.1,19.88,0,No,No,No,No,NA
7996,31.0,24.0,44.3,1.14,0,No,No,No,No,NA
7997,36.3,28.3,68.0,0.41,1186,No,No,Yes,Yes,5028
7998,21.7,54.3,49.7,1.24,5,No,No,Yes,Yes,82
7999,29.0,43.2,41.1,0.06,0,No,No,No,No,NA
8000,20.4,37.6,49.3,3.28,0,No,No,No,No,NA
8001,26.2,36.9,51.6,1.4,0,No,Yes,Yes,No,NA
8002,22.8,39.7,35.7,0.28,0,No,No,Yes,No,NA
8003,16.5,62.3,10.8,7.76,0,No,No,No,No,NA
8004,28.8,30.2,60.1,0.29,0,No,No,No,No,NA
8005,18.1,65.4,16.2,4.71,0,No,No,No,No,NA
8006,14.9,89.0,22.1,31.26,0,No,No,No,No,NA
8007,24.1,37.2,45.7,7.11,0,No,No,No,No,NA
8008,37.1,33.2,62.2,0.88,358,Yes,Yes,Yes,Yes,2171
8009,22.7,46.8,33.7,3.17,0,Yes,Yes,Yes,No,NA
8010,31.5,28.5,27.4,0.57,0,No,No,No,No,NA
8011,16.2,63.2,13.0,2.44,0,No,No,No,No,NA
8012,27.8,43.7,34.9,1.37,0,No,No,No,No,NA
8013,8.5,71.6,5.7,12.22,0,No,No,No,No,NA
8014,18.1,70.0,29.2,14.38,0,No,No,No,No,NA
8015,26.8,40.6,28.1,3.99,0,No,Yes,Yes,No,NA
8016,17.5,60.3,25.9,18.27,0,No,No,No,No,NA
8017,31.8,20.9,55.9,1.65,31,No,No,Yes,Yes,1946
8018,27.1,36.7,53.0,1.2,165,No,Yes,Yes,Yes,962
8019,16.8,70.5,33.4,11.77,0,No,No,No,No,NA
8020,23.2,53.5,30.4,4.02,0,No,No,No,No,NA
8021,32.6,25.5,38.3,0.92,278,Yes,Yes,Yes,Yes,1306
8022,22.3,60.5,19.8,10.52,0,No,No,No,No,NA
8023,22.0,63.5,20.7,5.43,0,No,No,No,No,NA
8024,28.1,26.0,62.5,0.79,0,No,No,No,No,NA
8025,22.4,53.0,30.9,6.87,0,No,No,No,No,NA
8026,32.3,24.3,58.9,0.77,0,No,Yes,Yes,No,NA
8027,26.5,35.9,29.7,1.89,294,No,Yes,Yes,Yes,883
8028,30.3,21.3,91.8,0.5,31,No,Yes,Yes,Yes,3226
8029,38.8,24.8,66.0,1.69,0,Yes,Yes,Yes,No,NA
8030,28.9,22.7,48.2,0.34,0,No,No,No,No,NA
8031,13.6,72.4,10.2,13.72,0,No,No,No,No,NA
8032,16.6,72.4,21.2,3.05,0,No,No,No,No,NA
8033,14.2,92.5,20.3,40.0,0,No,No,No,No,NA
8034,27.1,51.0,30.5,4.25,0,No,No,No,No,NA
8035,29.7,37.2,38.6,0.42,52,No,Yes,Yes,Yes,1858
8036,22.1,39.2,43.5,1.54,528,No,Yes,Yes,Yes,497
8037,34.9,11.2,62.0,0.15,97,No,Yes,Yes,Yes,252
8038,18.9,82.4,23.2,13.55,0,No,No,No,No,NA
8039,24.5,57.0,11.4,13.36,0,No,No,No,No,NA
8040,33.6,17.1,40.9,0.8,0,No,Yes,Yes,No,NA
8041,14.0,81.5,17.7,20.75,0,No,No,No,No,NA
8042,23.6,53.2,42.7,0.95,0,No,No,No,No,NA
8043,14.7,70.6,6.1,34.18,0,No,No,No,No,NA
8044,17.4,78.6,10.4,11.67,0,No,No,No,No,NA
8045,31.2,32.3,70.1,1.51,16,No,Yes,Yes,Yes,2907
8046,30.7,26.5,51.1,0.34,728,No,No,Yes,Yes,4306
8047,5.7,88.5,23.2,21.94,0,No,No,No,No,NA
8048,39.9,12.7,69.0,0.22,388,No,Yes,Yes,Yes,2747
8049,41.2,13.7,76.5,0.3,1638,Yes,Yes,Yes,Yes,10102
8050,21.3,61.9,26.6,11.41,0,No,No,No,No,NA
8051,39.2,28.3,90.6,0.69,421,No,No,Yes,Yes,3524
8052,44.4,16.8,31.6,0.42,1658,No,No,Yes,Yes,1189
8053,29.3,44.3,42.0,4.28,53,No,Yes,Yes,Yes,322
8054,23.8,41.2,22.4,4.02,106,No,Yes,Yes,Yes,582
8055,5.1,87.3,22.0,18.74,0,No,No,No,No,NA
8056,27.4,43.3,40.1,1.66,0,No,No,Yes,No,NA
8057,25.1,23.4,44.5,0.52,635,No,No,Yes,Yes,25
8058,24.7,38.1,37.7,2.06,0,No,No,No,No,NA
8059,38.7,26.1,66.6,0.65,967,Yes,Yes,Yes,Yes,2037
8060,30.0,36.2,30.9,0.6,46,No,No,Yes,Yes,120
8061,33.3,25.4,49.4,0.47,0,No,No,Yes,No,NA
8062,27.3,39.4,37.5,1.85,0,No,No,No,No,NA
8063,16.8,64.5,11.9,12.96,4,No,No,Yes,Yes,103
8064,24.7,35.7,60.4,3.16,0,No,No,No,No,NA
8065,30.9,14.4,105.0,0.07,713,Yes,Yes,Yes,Yes,4668
8066,18.6,35.5,38.2,1.74,0,No,No,No,No,NA
8067,27.2,24.4,27.5,0.64,151,No,No,Yes,Yes,2208
8068,22.6,79.1,14.8,19.26,0,No,No,No,No,NA
8069,22.1,26.9,52.6,0.83,389,No,No,Yes,Yes,303
8070,43.9,24.0,39.1,0.35,12,No,Yes,Yes,Yes,1559
8071,28.7,30.1,59.7,2.31,426,No,Yes,Yes,Yes,3449
8072,31.4,24.7,71.3,0.43,531,No,Yes,Yes,Yes,1373
8073,31.5,20.9,104.3,0.4,836,No,No,Yes,Yes,1662
8074,29.1,27.8,51.6,3.38,0,No,No,Yes,No,NA
8075,15.9,74.3,17.2,15.24,0,No,No,No,No,NA
8076,19.7,76.1,17.2,8.41,0,No,No,No,No,NA
8077,17.5,65.9,11.1,18.13,0,No,No,No,No,NA
8078,18.5,27.2,48.5,3.74,0,No,No,No,No,NA
8079,25.0,34.4,62.4,0.93,803,No,Yes,Yes,Yes,3809
8080,11.4,89.4,21.2,12.16,18,No,No,Yes,Yes,32
8081,36.4,17.8,85.5,0.03,73,No,No,Yes,Yes,1919
8082,30.7,26.0,21.5,0.87,99,No,No,Yes,Yes,541
8083,15.8,83.2,11.4,21.36,0,No,No,No,No,NA
8084,28.0,38.7,30.2,0.22,65,No,No,Yes,Yes,756
8085,23.4,33.7,41.8,1.24,0,No,No,No,No,NA
8086,23.5,62.9,11.7,8.75,0,No,No,No,No,NA
8087,33.0,21.3,82.2,0.49,1248,Yes,Yes,Yes,Yes,4351
8088,19.7,33.5,39.1,1.85,0,No,No,No,No,NA
8089,30.5,17.3,96.1,0.47,878,No,Yes,Yes,Yes,1070
8090,31.5,24.8,44.6,0.95,67,No,Yes,Yes,Yes,1072
8091,32.5,31.5,37.8,1.0,1173,No,Yes,Yes,Yes,942
8092,24.6,73.4,17.0,6.22,0,No,No,No,No,NA
8093,28.7,34.1,57.7,0.38,580,No,No,Yes,Yes,1302
8094,29.4,35.0,76.3,1.07,978,No,No,Yes,Yes,1419
8095,35.2,24.9,68.5,1.42,141,No,No,Yes,Yes,67
8096,39.7,19.5,76.6,1.21,389,No,Yes,Yes,Yes,7679
8097,19.4,74.8,23.6,13.46,0,No,No,No,No,NA
8098,18.7,75.2,27.6,7.29,0,No,No,No,No,NA
8099,28.3,46.8,36.8,4.17,30,No,Yes,Yes,Yes,280
8100,7.8,85.5,7.6,21.16,1,No,No,Yes,Yes,36
8101,21.9,20.7,50.3,2.06,534,No,No,Yes,Yes,453
8102,24.5,41.9,28.3,2.11,343,No,Yes,Yes,Yes,479
8103,8.2,85.2,5.4,8.1,0,No,No,No,No,NA
8104,24.8,50.7,30.3,6.09,0,Yes,Yes,Yes,No,NA
8105,24.8,31.4,56.5,1.42,0,Yes,Yes,Yes,No,NA
8106,42.9,16.3,50.5,0.64,7,No,Yes,Yes,Yes,3300
8107,42.9,21.8,75.6,0.22,65,No,No,Yes,Yes,8324
8108,29.0,29.9,60.1,3.14,0,No,No,No,No,NA
8109,37.5,26.9,50.9,0.26,58,Yes,Yes,Yes,Yes,2553
8110,27.3,46.7,34.6,3.97,0,No,No,No,No,NA
8111,5.1,94.9,5.3,34.35,0,No,No,No,No,NA
8112,26.1,32.0,38.9,2.85,0,No,Yes,Yes,No,NA
8113,28.6,27.4,55.4,1.35,539,Yes,Yes,Yes,Yes,1621
8114,34.1,37.5,64.7,1.15,1539,Yes,Yes,Yes,Yes,4234
8115,26.9,34.4,32.8,2.27,110,No,No,Yes,Yes,1541
8116,38.5,27.6,42.4,1.46,460,Yes,Yes,Yes,Yes,1250
8117,19.6,73.9,34.2,8.65,0,No,No,No,No,NA
8118,32.2,32.7,47.6,1.15,830,No,Yes,Yes,Yes,288
8119,39.7,21.3,61.1,0.79,2122,No,Yes,Yes,Yes,3714
8120,23.4,47.4,45.1,5.01,0,No,No,No,No,NA
8121,37.4,21.8,75.0,0.54,1759,Yes,Yes,Yes,Yes,264
8122,33.0,24.9,64.0,0.78,1084,Yes,Yes,Yes,Yes,2590
8123,21.4,47.0,20.7,6.54,0,No,No,No,No,NA
8124,35.2,16.9,93.4,0.75,1426,No,Yes,Yes,Yes,11044
8125,34.2,23.9,52.3,1.51,284,No,No,Yes,Yes,669
8126,36.5,18.7,41.7,1.5,1300,No,Yes,Yes,Yes,3850
8127,32.7,9.8,74.9,0.1,437,No,No,Yes,Yes,470
8128,35.0,14.0,98.2,0.68,3404,No,No,Yes,Yes,534
8129,9.8,88.3,9.0,21.67,0,No,No,No,No,NA
8130,23.3,30.1,63.5,2.91,472,Yes,Yes,Yes,Yes,664
8131,16.2,60.5,31.0,13.08,0,No,Yes,Yes,No,NA
8132,33.6,22.7,69.5,0.03,1712,No,No,Yes,Yes,1994
8133,17.8,71.5,17.8,15.94,0,No,No,No,No,NA
8134,25.0,38.3,47.0,0.96,0,No,No,No,No,NA
8135,29.6,50.8,21.8,5.61,0,No,No,No,No,NA
8136,29.0,34.1,78.8,1.88,231,No,Yes,Yes,Yes,2800
8137,28.0,15.3,53.2,0.22,0,No,No,Yes,No,NA
8138,6.5,76.1,10.2,38.24,0,No,No,No,No,NA
8139,19.6,79.8,8.3,12.77,0,No,No,No,No,NA
8140,36.5,15.3,66.1,0.4,0,No,No,No,No,NA
8141,24.5,56.6,13.7,15.8,0,No,No,No,No,NA
8142,24.1,57.0,5.4,14.89,0,No,Yes,Yes,No,NA
8143,14.6,65.7,32.5,12.96,0,No,No,No,No,NA
8144,43.0,10.7,84.4,0.18,158,No,No,Yes,Yes,2048
8145,32.8,23.4,82.3,0.45,434,No,Yes,Yes,Yes,9388
8146,17.6,74.5,9.8,12.59,0,No,No,No,No,NA
8147,20.0,75.9,23.3,2.62,0,No,No,No,No,NA
8148,23.4,70.6,8.1,10.11,0,No,No,No,No,NA
8149,39.2,32.3,71.2,0.55,26,No,No,Yes,Yes,977
8150,26.2,44.9,36.4,5.02,22,No,No,Yes,Yes,568
8151,17.0,83.3,30.1,14.78,0,No,No,No,No,NA
8152,37.0,14.6,31.2,0.13,98,No,No,Yes,Yes,728
8153,27.1,40.7,29.6,2.94,0,No,Yes,Yes,No,NA
8154,24.6,29.3,55.7,0.35,0,No,No,No,No,NA
8155,18.6,82.8,36.5,22.48,0,No,Yes,Yes,No,NA
8156,35.8,27.7,71.2,1.68,1013,No,No,Yes,Yes,409
8157,20.3,68.4,24.4,8.12,0,No,No,No,No,NA
8158,41.1,21.3,37.0,0.08,449,No,Yes,Yes,Yes,1166
8159,7.8,86.5,16.3,34.05,0,No,No,No,No,NA
8160,15.0,92.7,16.1,30.25,0,No,No,No,No,NA
8161,10.0,87.6,22.2,18.26,0,No,No,No,No,NA
8162,20.9,47.2,24.5,5.83,0,No,No,No,No,NA
8163,26.1,38.8,46.5,0.64,0,No,No,No,No,NA
8164,27.0,37.5,22.7,0.43,121,Yes,Yes,Yes,Yes,48
8165,33.2,29.3,49.0,1.86,0,No,Yes,Yes,No,NA
8166,23.8,38.8,36.9,1.03,328,No,Yes,Yes,Yes,727
8167,20.6,74.8,15.1,9.69,0,No,No,No,No,NA
8168,34.9,35.2,53.0,0.55,0,Yes,Yes,Yes,No,NA
8169,13.7,61.3,38.7,4.08,0,No,No,No,No,NA
8170,29.6,30.1,26.5,0.78,0,No,No,No,No,NA
8171,26.2,35.5,34.4,2.14,59,No,No,Yes,Yes,848
8172,19.3,27.1,44.1,1.4,0,No,Yes,Yes,No,NA
8173,24.4,35.3,52.0,2.16,0,No,Yes,Yes,No,NA
8174,29.3,37.8,58.0,0.73,0,No,Yes,Yes,No,NA
8175,41.1,11.4,88.7,0.12,506,No,No,Yes,Yes,4793
8176,25.8,40.4,32.4,5.18,0,No,No,No,No,NA
8177,28.8,22.0,21.7,0.98,251,No,Yes,Yes,Yes,1558
8178,16.4,62.5,37.9,13.33,0,No,No,No,No,NA
8179,36.8,24.4,64.5,1.61,239,No,No,Yes,Yes,1202
8180,28.2,52.5,24.0,3.8,0,No,Yes,Yes,No,NA
8181,29.3,37.6,31.4,0.9,0,No,Yes,Yes,No,NA
8182,18.9,81.5,21.3,8.7,0,No,No,No,No,NA
8183,26.7,30.4,30.0,1.58,256,No,No,Yes,Yes,341
8184,29.1,34.4,39.6,1.53,0,No,No,No,No,NA
8185,37.1,11.0,40.9,0.2,481,No,Yes,Yes,Yes,3204
8186,19.7,56.4,20.5,18.11,0,Yes,Yes,Yes,No,NA
8187,25.9,25.9,62.9,2.06,357,No,No,Yes,Yes,1644
8188,18.4,34.4,59.0,1.08,0,No,No,Yes,No,NA
8189,18.3,71.8,6.5,8.06,0,No,No,No,No,NA
8190,27.8,33.0,32.7,0.39,0,No,No,Yes,No,NA
8191,30.6,39.5,48.2,0.19,0,No,No,Yes,No,NA
8192,31.2,23.4,85.7,0.24,2458,No,Yes,Yes,Yes,5155
8193,29.6,31.5,57.7,2.22,44,No,No,Yes,Yes,900
8194,22.4,33.3,63.4,2.26,0,No,Yes,Yes,No,NA
8195,32.6,23.0,52.6,0.66,325,No,Yes,Yes,Yes,570
8196,21.6,37.7,16.3,2.73,16,No,Yes,Yes,Yes,79
8197,27.4,33.0,31.5,0.28,101,No,No,Yes,Yes,57
8198,30.0,27.3,78.9,0.41,91,No,Yes,Yes,Yes,3074
8199,19.0,75.1,9.8,11.45,0,No,No,No,No,NA
8200,32.7,32.3,64.6,0.42,58,No,No,Yes,Yes,163
8201,28.6,23.8,30.3,3.98,939,No,No,Yes,Yes,755
8202,30.0,40.0,23.7,2.86,153,No,No,Yes,Yes,1792
8203,23.8,52.4,16.4,4.92,0,No,Yes,Yes,No,NA
8204,27.6,23.1,59.8,0.87,47,Yes,Yes,Yes,Yes,3562
8205,38.3,26.3,61.6,1.52,0,No,No,Yes,No,NA
8206,40.1,24.2,52.3,0.1,2015,No,No,Yes,Yes,699
8207,32.8,38.1,20.1,1.6,16,No,No,Yes,Yes,356
8208,23.8,25.2,44.0,0.7,527,No,No,Yes,Yes,1754
8209,16.3,79.3,7.7,12.26,0,No,No,No,No,NA
8210,34.8,11.4,76.4,0.19,2134,No,Yes,Yes,Yes,6129
8211,33.9,33.9,59.6,0.02,575,No,No,Yes,Yes,2675
8212,32.6,29.0,35.2,0.6,322,No,No,Yes,Yes,1978
8213,44.7,21.6,30.2,0.34,270,Yes,Yes,Yes,Yes,2399
8214,27.1,36.0,48.6,1.91,90,Yes,Yes,Yes,Yes,2356
8215,11.1,92.9,8.6,11.99,0,No,No,No,No,NA
8216,23.3,67.7,27.4,14.51,0,No,No,No,No,NA
8217,14.0,88.1,5.8,19.85,0,No,No,No,No,NA
8218,37.2,17.7,71.6,1.16,2013,No,Yes,Yes,Yes,376
8219,30.5,25.7,77.9,1.27,0,No,No,Yes,No,NA
8220,24.0,37.8,52.0,1.73,0,No,No,Yes,No,NA
8221,13.3,60.5,35.1,17.58,0,No,No,No,No,NA
8222,6.8,78.9,24.0,19.55,0,No,No,Yes,No,NA
8223,29.7,22.9,71.7,1.77,1168,No,No,Yes,Yes,1323
8224,19.3,30.9,34.7,0.89,0,No,No,Yes,No,NA
8225,28.0,47.6,47.0,1.32,257,No,Yes,Yes,Yes,212
8226,31.7,18.7,50.2,1.44,488,Yes,Yes,Yes,Yes,818
8227,16.4,82.4,20.2,11.17,0,No,No,No,No,NA
8228,19.0,37.1,64.8,2.82,120,No,No,Yes,Yes,989
8229,24.9,54.1,49.4,1.13,0,No,Yes,Yes,No,NA
8230,18.6,55.9,16.4,5.84,0,No,No,No,No,NA
8231,6.7,75.9,11.6,18.59,0,No,No,No,No,NA
8232,16.5,81.6,17.4,15.53,0,No,No,No,No,NA
8233,29.8,36.1,27.2,5.27,681,Yes,Yes,Yes,Yes,1490
8234,17.9,82.4,11.3,24.52,0,No,No,No,No,NA
8235,36.8,16.8,69.0,1.83,0,No,Yes,Yes,No,NA
8236,36.3,27.6,62.7,0.21,367,No,No,Yes,Yes,2055
8237,23.3,38.3,18.8,1.68,0,No,No,No,No,NA
8238,38.8,27.6,55.7,0.4,45,No,Yes,Yes,Yes,4961
8239,21.4,24.0,60.4,1.5,0,No,Yes,Yes,No,NA
8240,6.4,72.8,9.9,38.84,0,No,No,No,No,NA
8241,35.5,28.7,97.9,0.22,309,No,No,Yes,Yes,1916
8242,29.6,35.0,42.0,0.79,0,No,Yes,Yes,No,NA
8243,9.5,78.5,19.4,36.65,0,No,No,No,No,NA
8244,30.7,23.8,53.0,0.53,131,No,Yes,Yes,Yes,582
8245,22.8,50.5,23.6,5.32,0,No,Yes,Yes,No,NA
8246,20.5,79.4,16.6,4.33,0,No,No,No,No,NA
8247,31.1,22.9,41.9,0.6,286,No,No,Yes,Yes,2339
8248,22.2,52.9,19.1,5.85,9,No,No,Yes,Yes,565
8249,19.9,67.9,18.4,19.64,0,No,No,No,No,NA
8250,8.5,86.2,19.7,37.64,0,No,No,No,No,NA
8251,21.8,73.0,34.4,9.3,0,No,No,No,No,NA
8252,28.9,53.7,35.6,1.26,0,No,Yes,Yes,No,NA
8253,17.3,62.6,29.1,10.85,0,No,No,No,No,NA
8254,24.9,39.8,32.9,0.8,0,No,No,No,No,NA
8255,21.3,57.4,21.7,13.58,0,No,No,No,No,NA
8256,16.5,80.9,26.9,5.4,0,No,No,No,No,NA
8257,14.5,79.6,12.0,10.12,0,No,No,No,No,NA
8258,25.0,22.1,43.3,2.63,0,No,Yes,Yes,No,NA
8259,33.8,22.3,36.0,0.04,1,No,No,Yes,Yes,2804
8260,16.2,68.5,22.6,5.4,0,No,No,No,No,NA
8261,36.7,32.0,69.8,0.67,402,No,No,Yes,Yes,1740
8262,30.9,15.6,42.3,0.5,0,No,Yes,Yes,No,NA
8263,29.6,35.6,67.0,1.1,0,Yes,Yes,Yes,No,NA
8264,17.3,69.6,17.7,13.77,0,No,No,No,No,NA
8265,25.7,23.8,38.5,0.17,0,No,No,Yes,No,NA
8266,33.5,19.3,60.7,0.86,0,No,No,Yes,No,NA
8267,19.1,63.7,15.3,15.44,0,No,No,No,No,NA
8268,28.8,22.7,61.1,0.71,167,No,No,Yes,Yes,2175
8269,29.5,23.4,44.4,1.67,151,No,No,Yes,Yes,2138
8270,23.7,37.2,24.8,1.53,252,No,Yes,Yes,Yes,918
8271,32.4,36.7,42.9,1.2,0,Yes,Yes,Yes,No,NA
8272,33.1,37.4,54.7,1.14,852,Yes,Yes,Yes,Yes,899
8273,16.8,77.1,25.5,17.61,0,No,No,No,No,NA
8274,40.2,14.1,55.9,0.15,99,Yes,Yes,Yes,Yes,2642
8275,20.8,38.8,29.5,2.44,29,No,Yes,Yes,Yes,241
8276,30.5,31.3,31.1,2.75,0,No,No,No,No,NA
8277,32.2,18.9,58.4,0.14,386,No,Yes,Yes,Yes,143
8278,13.9,61.3,18.5,4.23,0,No,No,No,No,NA
8279,35.5,20.1,58.8,0.45,0,No,No,Yes,No,NA
8280,30.8,28.8,48.0,1.84,0,No,No,No,No,NA
8281,29.5,17.7,64.7,0.58,1541,No,No,Yes,Yes,4665
8282,20.3,47.5,34.0,5.48,0,No,No,No,No,NA
8283,16.1,78.6,20.2,19.47,0,No,No,No,No,NA
8284,22.4,49.5,26.7,7.51,0,No,Yes,Yes,No,NA
8285,32.2,32.0,38.8,0.27,587,Yes,Yes,Yes,Yes,1153
8286,32.4,24.5,51.2,0.08,63,No,No,Yes,Yes,561
8287,15.8,60.4,26.2,6.9,0,No,No,No,No,NA
8288,30.1,37.4,24.3,0.19,0,No,No,No,No,NA
8289,26.6,44.9,33.1,2.4,0,No,No,No,No,NA
8290,25.0,53.1,21.6,4.54,0,No,No,No,No,NA
8291,44.2,16.1,54.8,0.43,399,No,Yes,Yes,Yes,1952
8292,25.4,39.4,18.5,1.53,34,No,No,Yes,Yes,63
8293,28.3,37.7,54.3,0.15,0,No,No,Yes,No,NA
8294,28.8,25.7,68.8,1.79,0,No,No,No,No,NA
8295,31.9,22.2,98.2,0.32,300,No,No,Yes,Yes,412
8296,27.7,49.7,24.3,4.03,0,No,No,No,No,NA
8297,8.2,74.2,21.4,25.04,0,No,No,No,No,NA
8298,24.7,26.2,43.6,0.32,0,No,No,No,No,NA
8299,23.5,69.1,13.4,9.51,0,No,No,No,No,NA
8300,32.6,26.9,27.5,1.01,0,Yes,Yes,Yes,No,NA
8301,39.2,16.9,106.8,0.44,552,No,Yes,Yes,Yes,3054
8302,19.6,77.5,22.9,14.61,0,No,No,No,No,NA
8303,29.8,23.1,72.5,1.17,964,Yes,Yes,Yes,Yes,1250
8304,32.9,38.2,56.7,1.05,11,No,Yes,Yes,Yes,470
8305,19.4,58.8,11.4,15.11,0,Yes,Yes,Yes,No,NA
8306,41.5,29.9,84.3,0.74,2917,No,No,Yes,Yes,1311
8307,37.3,16.1,72.0,1.25,0,No,Yes,Yes,No,NA
8308,29.3,43.3,47.4,0.86,0,No,No,No,No,NA
8309,31.7,26.2,30.3,0.72,0,No,No,Yes,No,NA
8310,40.9,19.6,59.4,0.93,926,No,Yes,Yes,Yes,5031
8311,16.3,78.0,12.0,27.52,0,No,Yes,Yes,No,NA
8312,28.8,30.2,31.7,1.29,0,No,No,No,No,NA
8313,32.2,24.2,73.6,0.34,170,No,Yes,Yes,Yes,2104
8314,23.8,30.8,60.0,2.26,0,No,No,No,No,NA
8315,24.4,38.2,33.3,2.15,313,No,No,Yes,Yes,444
8316,31.7,25.2,51.5,2.0,306,No,No,Yes,Yes,3721
8317,13.2,76.1,15.3,33.46,0,No,No,No,No,NA
8318,38.8,10.8,84.2,0.31,1664,No,No,Yes,Yes,673
8319,25.1,25.1,60.3,2.98,0,No,No,No,No,NA
8320,25.2,28.9,64.4,1.21,876,Yes,Yes,Yes,Yes,657
8321,24.3,76.7,27.4,15.98,0,No,No,No,No,NA
8322,31.7,32.4,54.0,0.22,342,No,Yes,Yes,Yes,2011
8323,27.2,34.6,34.8,0.39,0,No,No,No,No,NA
8324,20.8,64.6,29.8,6.01,0,No,No,No,No,NA
8325,13.1,92.6,23.7,25.31,0,No,No,No,No,NA
8326,27.7,39.3,26.9,0.11,0,No,No,No,No,NA
8327,14.4,72.4,28.2,16.84,0,No,Yes,Yes,No,NA
8328,29.6,21.8,49.0,0.09,0,No,No,No,No,NA
8329,14.7,65.6,27.0,19.21,0,No,No,No,No,NA
8330,27.0,39.9,50.1,1.64,362,No,No,Yes,Yes,1849
8331,26.4,38.5,21.3,1.12,0,No,No,No,No,NA
8332,24.3,38.9,45.2,1.71,0,No,No,No,No,NA
8333,41.2,14.3,103.7,0.52,2525,No,No,Yes,Yes,9497
8334,23.9,40.5,33.3,1.77,0,No,No,No,No,NA
8335,39.0,24.9,70.3,0.4,146,No,No,Yes,Yes,1111
8336,41.5,27.2,106.5,0.1,1770,Yes,Yes,Yes,Yes,6991
8337,26.0,33.5,49.1,1.41,0,No,No,No,No,NA
8338,30.1,22.4,71.5,1.98,963,Yes,Yes,Yes,Yes,1908
8339,25.0,25.7,50.5,0.57,306,No,No,Yes,Yes,2252
8340,30.6,24.3,87.9,0.38,0,No,Yes,Yes,No,NA
8341,33.1,24.7,72.9,0.47,797,No,No,Yes,Yes,1465
8342,36.3,22.4,56.8,0.19,476,No,No,Yes,Yes,1619
8343,33.3,23.7,51.6,0.44,214,Yes,Yes,Yes,Yes,58
8344,31.6,17.7,70.5,0.01,77,Yes,Yes,Yes,Yes,2231
8345,22.8,63.4,11.9,4.47,0,No,No,No,No,NA
8346,12.1,85.6,9.2,39.73,0,No,No,No,No,NA
8347,14.2,65.4,25.2,9.62,0,No,No,No,No,NA
8348,30.3,26.6,41.4,1.56,469,No,No,Yes,Yes,1266
8349,5.9,91.7,5.7,35.9,0,No,No,No,No,NA
8350,30.9,27.9,47.7,0.43,0,No,No,No,No,NA
8351,33.6,24.7,22.9,1.73,483,No,No,Yes,Yes,1888
8352,14.3,80.7,22.7,24.32,0,No,No,No,No,NA
8353,31.9,26.9,75.3,1.22,818,No,No,Yes,Yes,753
8354,23.3,27.3,26.0,2.86,0,No,No,No,No,NA
8355,9.6,82.0,17.7,18.52,0,No,No,No,No,NA
8356,18.6,62.3,17.3,4.29,0,No,No,No,No,NA
8357,38.2,20.9,54.3,0.33,1619,No,Yes,Yes,Yes,3849
8358,12.1,78.6,25.0,20.23,0,No,No,No,No,NA
8359,14.0,88.9,14.8,8.15,0,No,No,No,No,NA
8360,40.6,11.3,79.2,0.48,98,No,Yes,Yes,Yes,3825
8361,23.5,37.4,37.4,1.26,3,No,No,Yes,Yes,306
8362,17.5,70.5,12.6,3.08,0,No,No,No,No,NA
8363,26.3,36.9,26.0,0.05,124,No,No,Yes,Yes,680
8364,24.2,33.6,22.2,2.72,62,No,No,Yes,Yes,854
8365,13.7,68.4,14.6,14.32,0,No,No,No,No,NA
8366,15.8,72.8,32.8,4.89,0,No,No,No,No,NA
8367,19.2,63.9,17.2,4.42,0,No,No,No,No,NA
8368,33.4,15.4,97.0,0.04,605,No,Yes,Yes,Yes,6771
8369,29.2,38.4,57.2,0.27,0,No,No,Yes,No,NA
8370,42.7,16.8,47.8,0.4,2126,Yes,Yes,Yes,Yes,1457
8371,32.3,36.6,69.4,0.1,149,No,Yes,Yes,Yes,5422
8372,31.0,32.1,24.8,0.98,41,No,Yes,Yes,Yes,642
8373,16.8,75.8,18.2,17.5,0,No,No,No,No,NA
8374,24.0,64.3,29.8,15.04,0,No,No,No,No,NA
8375,33.4,18.6,78.1,0.23,118,No,No,Yes,Yes,354
8376,11.6,71.1,23.6,21.23,0,No,No,No,No,NA
8377,19.8,79.9,20.2,4.27,0,No,No,No,No,NA
8378,33.5,18.1,74.8,0.24,263,No,Yes,Yes,Yes,1799
8379,35.7,29.8,54.4,1.89,0,No,No,No,No,NA
8380,30.3,36.7,21.0,2.11,55,No,Yes,Yes,Yes,625
8381,28.0,34.4,33.8,1.84,55,No,Yes,Yes,Yes,1241
8382,21.9,75.6,8.4,12.33,0,No,No,No,No,NA
8383,29.7,43.4,25.6,5.69,0,No,Yes,Yes,Yes,639
8384,34.4,29.7,75.7,1.13,186,Yes,Yes,Yes,Yes,2732
8385,23.0,77.7,9.1,10.53,0,No,No,No,No,NA
8386,22.0,35.6,37.9,5.98,347,No,Yes,Yes,Yes,893
8387,31.6,15.0,55.2,1.26,67,No,No,Yes,Yes,2009
8388,22.8,33.9,52.2,1.64,0,No,Yes,Yes,No,NA
8389,42.4,18.1,79.2,0.46,243,No,Yes,Yes,Yes,6198
8390,16.2,66.2,20.6,7.59,0,No,No,No,No,NA
8391,35.8,18.5,68.6,0.48,1798,No,Yes,Yes,Yes,2741
8392,20.0,62.9,6.2,12.99,0,No,No,No,No,NA
8393,29.2,36.1,43.7,1.22,0,No,No,No,No,NA
8394,36.1,21.0,56.7,1.17,1031,No,Yes,Yes,Yes,2794
8395,26.3,48.0,32.2,0.85,0,No,No,No,No,NA
8396,29.1,48.2,31.3,6.86,192,No,Yes,Yes,Yes,739
8397,28.6,49.8,41.0,7.55,93,No,Yes,Yes,Yes,1499
8398,30.1,27.3,45.8,1.32,97,No,No,Yes,Yes,274
8399,39.2,12.4,86.6,0.8,1709,No,No,Yes,Yes,294
8400,36.1,23.0,78.7,0.8,154,Yes,Yes,Yes,Yes,87
8401,36.8,13.7,58.1,0.09,0,No,No,No,No,NA
8402,6.0,74.1,19.8,37.74,0,No,No,No,No,NA
8403,28.7,39.5,49.9,1.93,0,No,No,No,No,NA
8404,18.2,74.1,36.4,13.31,0,No,No,No,No,NA
8405,16.0,67.3,7.9,14.38,0,No,No,No,No,NA
8406,29.6,36.1,58.9,0.53,0,No,No,Yes,No,NA
8407,13.3,94.4,17.4,8.17,0,No,No,No,No,NA
8408,21.1,34.3,38.4,2.61,0,No,No,No,No,NA
8409,34.5,20.7,76.3,1.29,198,Yes,Yes,Yes,Yes,111
8410,37.5,18.9,60.7,0.26,1123,Yes,Yes,Yes,Yes,2802
8411,35.6,32.3,44.2,1.24,0,No,No,No,No,NA
8412,30.9,22.7,57.6,1.79,0,Yes,Yes,Yes,No,NA
8413,40.0,12.2,65.1,0.43,137,No,No,Yes,Yes,248
8414,38.2,22.0,65.3,0.27,1620,Yes,Yes,Yes,Yes,4403
8415,14.6,91.4,18.6,13.99,0,No,No,No,No,NA
8416,19.8,58.0,21.8,18.95,0,No,No,No,No,NA
8417,44.9,11.2,37.2,0.37,658,No,No,Yes,Yes,33
8418,38.0,23.2,63.6,0.84,958,Yes,Yes,Yes,Yes,369
8419,32.7,25.6,23.9,1.51,38,No,Yes,Yes,Yes,763
8420,16.4,62.0,14.6,9.01,0,No,No,No,No,NA
8421,27.3,25.0,34.9,3.32,0,No,No,Yes,No,NA
8422,42.8,15.1,86.9,0.11,65,No,No,Yes,Yes,6243
8423,23.8,38.5,23.7,0.11,0,No,No,No,No,NA
8424,21.5,65.7,27.4,17.89,0,No,No,No,No,NA
8425,16.6,65.6,27.4,3.3,0,No,No,No,No,NA
8426,34.2,29.6,48.5,1.52,0,No,No,Yes,No,NA
8427,17.9,80.4,15.9,19.85,0,No,No,No,No,NA
8428,33.7,24.6,86.3,0.45,1221,No,Yes,Yes,Yes,2582
8429,31.6,22.7,80.8,0.17,55,No,No,Yes,Yes,1965
8430,22.1,34.3,39.6,2.34,0,No,No,No,No,NA
8431,42.6,20.0,73.4,0.28,2105,No,No,Yes,Yes,4578
8432,22.7,27.3,46.3,2.54,23,No,No,Yes,Yes,979
8433,26.0,26.2,31.6,2.31,252,No,No,Yes,Yes,847
8434,25.5,41.5,20.1,2.21,0,No,No,No,No,NA
8435,38.3,13.9,56.1,0.35,846,No,Yes,Yes,Yes,788
8436,21.2,63.4,20.8,16.04,0,No,No,No,No,NA
8437,25.4,37.7,37.4,6.15,0,Yes,Yes,Yes,No,NA
8438,29.9,53.5,24.9,7.39,0,No,No,No,No,NA
8439,22.2,48.5,46.3,4.18,0,No,No,No,No,NA
8440,27.8,31.9,41.0,0.38,0,No,No,No,No,NA
8441,25.1,38.1,45.2,0.0,291,No,No,Yes,Yes,277
8442,13.2,67.7,30.0,10.72,0,No,No,No,No,NA
8443,27.5,32.1,37.6,0.71,38,No,No,Yes,Yes,1444
8444,6.0,82.1,14.9,12.91,0,No,No,No,No,NA
8445,11.0,72.9,21.1,14.05,0,No,No,No,No,NA
8446,26.0,24.0,54.4,0.5,197,No,Yes,Yes,Yes,1110
8447,39.2,12.4,47.2,0.2,110,Yes,Yes,Yes,Yes,1111
8448,30.3,30.9,43.9,1.8,418,No,No,Yes,Yes,270
8449,23.9,46.3,34.1,4.63,472,Yes,Yes,Yes,Yes,389
8450,37.4,22.8,88.5,0.45,1593,No,No,Yes,Yes,283
8451,26.7,31.8,37.0,0.03,0,No,Yes,Yes,No,NA
8452,17.1,72.6,8.7,8.88,0,No,No,No,No,NA
8453,33.0,15.7,90.0,0.55,23,No,Yes,Yes,Yes,7023
8454,18.7,56.1,18.4,16.08,0,No,No,No,No,NA
8455,28.3,39.8,32.7,0.98,407,No,Yes,Yes,Yes,135
8456,25.6,20.7,27.2,1.97,148,No,No,Yes,Yes,1026
8457,37.4,27.0,79.1,0.32,641,No,Yes,Yes,Yes,1252
8458,23.6,35.4,54.5,3.32,32,No,Yes,Yes,Yes,1569
8459,22.8,28.8,32.4,1.12,0,No,Yes,Yes,No,NA
8460,41.7,13.4,73.5,0.1,2515,No,No,Yes,Yes,8595
8461,9.2,84.8,9.7,29.08,0,No,No,No,No,NA
8462,13.9,72.8,27.8,3.3,0,No,No,No,No,NA
8463,32.6,39.5,53.8,1.77,34,No,Yes,Yes,Yes,2075
8464,42.3,25.3,75.2,0.24,1841,No,No,Yes,Yes,5294
8465,32.2,29.9,45.7,0.38,0,No,No,No,No,NA
8466,32.1,25.9,56.1,1.32,340,Yes,Yes,Yes,Yes,1167
8467,25.9,44.5,18.9,7.13,0,Yes,Yes,Yes,No,NA
8468,15.7,93.5,22.0,22.86,0,No,No,No,No,NA
8469,31.2,35.8,54.4,0.16,251,No,No,Yes,Yes,879
8470,24.8,36.4,48.9,2.67,0,No,No,No,No,NA
8471,13.9,69.2,13.5,21.36,0,No,No,No,No,NA
8472,18.2,69.6,22.1,18.49,0,No,No,No,No,NA
8473,24.3,37.5,52.8,0.77,939,No,No,Yes,Yes,1044
8474,31.5,29.6,32.6,0.56,283,No,No,Yes,Yes,228
8475,14.8,69.3,27.5,18.02,0,No,No,No,No,NA
8476,28.4,29.8,56.8,1.5,110,No,No,Yes,Yes,488
8477,19.9,25.4,29.8,2.39,126,No,No,Yes,Yes,1190
8478,35.0,29.3,60.8,0.18,5,No,No,Yes,Yes,3183
8479,21.7,51.8,21.0,1.85,140,Yes,Yes,Yes,Yes,435
8480,13.5,75.5,17.1,12.71,0,No,No,No,No,NA
8481,35.9,33.2,55.8,1.45,165,No,No,Yes,Yes,26
8482,23.7,79.8,11.8,2.16,0,No,No,No,No,NA
8483,25.9,30.6,45.6,0.55,206,No,Yes,Yes,Yes,2300
8484,41.2,21.3,40.5,0.34,95,No,No,Yes,Yes,2365
8485,25.9,35.5,47.6,3.0,38,No,Yes,Yes,Yes,121
8486,41.6,12.1,72.6,0.49,404,No,Yes,Yes,Yes,1696
8487,40.9,19.2,49.5,0.05,544,No,No,Yes,Yes,5289
8488,21.3,51.9,30.0,6.28,0,No,No,No,No,NA
8489,26.1,34.5,60.1,2.28,0,No,No,No,No,NA
8490,16.4,66.7,8.6,19.08,0,No,No,Yes,No,NA
8491,40.0,10.4,86.1,0.92,88,No,Yes,Yes,Yes,4962
8492,39.6,22.4,42.2,0.41,966,No,Yes,Yes,Yes,3129
8493,16.0,78.9,20.7,14.68,0,No,No,No,No,NA
8494,24.9,26.0,32.3,1.36,0,No,No,Yes,No,NA
8495,40.6,19.7,87.9,0.31,324,No,No,Yes,Yes,10661
8496,34.3,12.0,68.5,0.78,2456,No,Yes,Yes,Yes,225
8497,41.1,26.4,63.2,0.76,246,No,No,Yes,Yes,2474
8498,24.3,61.2,29.6,19.81,0,No,No,No,No,NA
8499,26.6,49.5,23.6,3.61,53,No,Yes,Yes,Yes,1160
8500,29.5,17.5,73.1,1.18,22,No,Yes,Yes,Yes,1610
8501,20.0,20.8,61.7,1.49,0,No,No,No,No,NA
8502,27.1,21.9,24.8,1.13,310,Yes,Yes,Yes,Yes,939
8503,31.2,27.7,23.0,0.22,553,No,Yes,Yes,Yes,918
8504,35.5,18.9,82.8,0.1,190,No,Yes,Yes,Yes,3922
8505,20.0,71.7,12.7,13.76,0,No,No,No,No,NA
8506,32.5,27.1,77.5,1.94,1212,Yes,Yes,Yes,Yes,6293
8507,18.3,29.0,25.3,3.33,1,No,No,Yes,Yes,66
8508,26.9,36.0,54.1,1.55,12,No,Yes,Yes,Yes,131
8509,39.3,22.7,66.2,0.07,210,No,No,Yes,Yes,2791
8510,34.7,25.4,67.9,1.61,0,No,No,Yes,No,NA
8511,31.4,35.5,36.5,1.95,41,No,No,Yes,Yes,964
8512,30.0,24.9,41.2,0.76,0,No,No,No,No,NA
8513,27.5,38.2,50.1,3.51,0,No,No,No,No,NA
8514,23.9,38.3,57.5,2.18,0,No,No,No,No,NA
8515,24.0,66.3,20.9,14.81,0,No,No,No,No,NA
8516,30.2,21.1,47.9,0.17,0,No,No,No,No,NA
8517,36.0,11.3,41.9,0.33,1323,No,No,Yes,Yes,2375
8518,32.7,32.3,51.1,0.45,0,No,Yes,Yes,No,NA
8519,17.8,68.8,8.0,5.63,0,No,No,No,No,NA
8520,17.0,78.8,21.8,14.34,0,No,No,No,No,NA
8521,23.0,26.0,34.8,1.1,0,No,No,No,No,NA
8522,22.7,23.6,36.3,0.35,0,Yes,Yes,Yes,No,NA
8523,37.8,10.5,88.3,0.14,562,Yes,Yes,Yes,Yes,387
8524,18.3,57.2,8.7,11.92,0,No,No,No,No,NA
8525,8.5,85.0,24.1,28.83,0,No,No,No,No,NA
8526,33.6,33.9,59.1,1.89,0,No,Yes,Yes,No,NA
8527,35.6,27.7,78.0,0.62,996,No,Yes,Yes,Yes,780
8528,14.2,89.6,16.5,31.01,0,No,No,No,No,NA
8529,12.6,73.8,34.5,9.73,0,No,Yes,Yes,No,NA
8530,30.2,34.1,50.4,1.33,0,No,No,No,No,NA
8531,37.6,19.9,54.8,0.5,362,No,Yes,Yes,Yes,4698
8532,27.1,39.7,47.6,1.3,51,No,No,Yes,Yes,634
8533,31.1,32.9,52.7,0.02,0,No,No,Yes,No,NA
8534,32.4,34.0,51.2,1.78,0,Yes,Yes,Yes,No,NA
8535,12.1,89.1,23.8,32.38,0,No,No,No,No,NA
8536,26.5,22.5,59.6,1.88,0,No,No,No,No,NA
8537,38.0,10.1,72.1,0.09,1398,No,No,Yes,Yes,2342
8538,20.8,78.1,39.1,9.56,0,No,No,No,No,NA
8539,12.2,86.6,18.8,14.55,0,No,No,No,No,NA
8540,27.7,39.1,56.5,1.48,0,No,No,No,No,NA
8541,22.5,24.9,32.4,2.51,0,No,Yes,Yes,No,NA
8542,34.6,12.5,44.2,0.12,168,No,No,Yes,Yes,5083
8543,16.5,70.3,6.9,8.52,0,No,No,No,No,NA
8544,6.5,89.4,21.3,33.08,0,No,No,No,No,NA
8545,26.4,38.2,34.8,3.81,0,No,No,Yes,No,NA
8546,27.2,43.0,18.0,6.44,0,No,No,No,No,NA
8547,32.8,28.7,101.1,0.53,67,Yes,Yes,Yes,Yes,1264
8548,13.5,86.5,15.7,14.52,0,No,No,No,No,NA
8549,39.5,31.3,78.5,1.43,0,No,No,No,No,NA
8550,32.6,19.8,50.7,0.88,0,Yes,Yes,Yes,No,NA
8551,34.2,24.4,34.0,1.12,0,Yes,Yes,Yes,No,NA
8552,31.7,32.2,47.0,1.17,0,No,No,Yes,No,NA
8553,39.4,23.8,109.0,0.31,995,No,No,Yes,Yes,7122
8554,9.8,80.2,5.1,8.36,0,No,No,No,No,NA
8555,23.9,67.7,17.2,14.75,0,No,No,No,No,NA
8556,21.9,64.6,24.6,20.83,0,No,No,No,No,NA
8557,44.8,12.0,72.6,0.2,31,Yes,Yes,Yes,Yes,9985
8558,6.6,92.1,6.5,26.88,0,No,No,No,No,NA
8559,32.2,24.8,43.8,1.43,0,No,No,Yes,No,NA
8560,16.3,62.3,28.7,12.33,0,No,No,No,No,NA
8561,18.8,74.0,18.8,15.63,0,No,No,No,No,NA
8562,26.4,30.4,44.6,0.6,0,No,No,No,No,NA
8563,38.9,22.2,74.1,1.3,297,No,Yes,Yes,Yes,130
8564,42.7,28.6,105.6,0.78,3430,No,No,Yes,Yes,1189
8565,35.2,20.8,50.3,0.03,211,No,No,Yes,Yes,1282
8566,38.9,20.8,67.1,0.48,129,No,No,Yes,Yes,4697
8567,36.0,16.4,56.2,0.84,320,No,No,Yes,Yes,2841
8568,24.1,39.2,42.9,1.76,211,No,No,Yes,Yes,649
8569,33.8,13.6,68.8,0.27,128,Yes,Yes,Yes,Yes,4704
8570,20.4,59.7,25.2,18.16,0,No,No,No,No,NA
8571,38.2,13.8,67.2,0.18,1827,No,Yes,Yes,Yes,1174
8572,19.8,30.4,34.5,2.5,78,Yes,Yes,Yes,Yes,133
8573,18.0,69.0,16.3,17.38,0,No,No,No,No,NA
8574,16.3,87.6,9.2,6.92,0,No,No,No,No,NA
8575,13.8,70.2,34.9,9.4,0,No,No,No,No,NA
8576,23.4,37.1,27.1,2.82,0,No,No,Yes,No,NA
8577,37.8,12.4,90.7,0.91,44,No,No,Yes,Yes,4641
8578,37.2,10.4,86.2,0.76,63,Yes,Yes,Yes,Yes,2069
8579,25.0,38.9,42.9,0.12,0,No,Yes,Yes,No,NA
8580,22.8,38.4,26.9,2.09,66,No,Yes,Yes,Yes,403
8581,15.7,55.6,25.4,18.82,0,No,No,No,No,NA
8582,18.7,75.3,13.9,19.79,0,No,No,No,No,NA
8583,16.2,76.4,23.3,12.21,0,No,No,No,No,NA
8584,37.4,23.4,63.7,0.01,0,No,Yes,Yes,No,NA
8585,13.6,86.5,8.0,20.51,0,No,No,No,No,NA
8586,16.1,77.8,18.0,3.32,0,No,No,No,No,NA
8587,20.5,36.2,28.6,2.4,203,No,Yes,Yes,Yes,345
8588,22.3,57.1,8.5,19.31,0,No,No,Yes,No,NA
8589,21.0,46.7,47.7,5.91,15,No,No,Yes,Yes,541
8590,25.8,25.9,62.8,1.62,113,No,Yes,Yes,Yes,1445
8591,7.4,71.4,25.0,28.09,0,No,No,No,No,NA
8592,31.0,11.5,75.9,0.89,1933,No,Yes,Yes,Yes,3678
8593,26.2,36.0,33.4,1.82,0,No,No,No,No,NA
8594,12.8,70.5,9.3,6.95,0,No,No,No,No,NA
8595,32.8,44.9,37.8,1.78,0,No,No,No,No,NA
8596,26.2,28.3,63.8,1.93,0,No,No,No,No,NA
8597,7.7,77.3,11.3,39.13,0,No,No,No,No,NA
8598,39.3,9.3,35.8,0.05,47,No,No,Yes,Yes,1498
8599,30.4,38.4,57.5,0.73,0,No,No,Yes,No,NA
8600,25.6,26.0,34.1,0.8,0,No,No,No,No,NA
8601,21.0,38.7,46.1,7.51,205,No,No,Yes,Yes,1107
8602,32.0,39.7,65.6,1.65,645,No,Yes,Yes,Yes,1573
8603,28.7,41.3,39.4,0.56,0,No,Yes,Yes,No,NA
8604,31.0,27.2,62.0,1.36,0,No,Yes,Yes,No,NA
8605,25.7,35.4,37.6,4.7,326,No,Yes,Yes,Yes,410
8606,15.6,66.5,12.6,7.98,0,No,No,No,No,NA
8607,32.0,22.4,92.5,0.11,50,No,No,Yes,Yes,769
8608,19.3,31.0,36.7,0.05,0,No,No,No,No,NA
8609,5.5,78.2,12.0,19.77,0,No,No,No,No,NA
8610,39.2,27.7,98.8,0.79,3338,Yes,Yes,Yes,Yes,990
8611,27.5,35.0,30.6,1.13,131,No,Yes,Yes,Yes,1371
8612,30.4,44.8,47.9,2.98,115,No,No,Yes,Yes,1154
8613,41.1,23.0,33.8,0.49,0,No,Yes,Yes,No,NA
8614,25.4,33.2,37.1,1.96,0,No,No,No,No,NA
8615,42.0,11.9,86.6,0.3,161,No,Yes,Yes,Yes,2227
8616,29.6,32.4,67.4,0.82,348,No,Yes,Yes,Yes,11
8617,34.2,17.8,64.9,0.06,896,No,Yes,Yes,Yes,1179
8618,26.3,37.8,44.7,0.94,0,No,No,No,No,NA
8619,22.1,26.9,35.7,1.14,794,No,Yes,Yes,Yes,713
8620,28.9,36.1,43.0,3.63,543,No,Yes,Yes,Yes,3774
8621,24.4,77.8,5.9,15.79,0,No,No,No,No,NA
8622,26.5,30.7,42.4,2.47,0,No,No,No,No,NA
8623,40.5,17.1,52.2,0.25,39,Yes,Yes,Yes,Yes,6911
8624,35.0,30.8,50.3,1.15,313,No,Yes,Yes,Yes,1147
8625,41.9,29.5,55.3,0.77,1716,No,No,Yes,Yes,213
8626,32.8,23.6,89.5,0.06,51,No,Yes,Yes,Yes,6137
8627,35.9,27.2,49.0,0.5,146,Yes,Yes,Yes,Yes,1040
8628,32.4,44.0,44.4,1.69,0,No,Yes,Yes,No,NA
8629,28.9,25.5,42.6,0.54,630,No,Yes,Yes,Yes,825
8630,20.6,24.9,30.5,3.16,0,No,No,No,No,NA
8631,29.2,23.7,59.8,0.37,429,Yes,Yes,Yes,Yes,2564
8632,28.9,32.0,46.5,1.76,39,No,Yes,Yes,Yes,1762
8633,25.9,29.7,29.6,1.01,11,No,Yes,Yes,Yes,504
8634,15.3,74.4,35.0,3.33,0,No,No,No,No,NA
8635,36.2,12.6,60.3,0.15,736,No,No,Yes,Yes,2501
8636,25.9,34.3,28.4,0.52,0,No,Yes,Yes,No,NA
8637,43.2,11.5,45.8,0.46,1024,No,No,Yes,Yes,331
8638,21.4,61.7,26.2,7.05,0,No,No,Yes,No,NA
8639,8.9,81.7,21.7,13.99,0,No,No,No,No,NA
8640,28.3,31.7,42.0,3.58,0,No,No,No,No,NA
8641,29.8,27.7,44.2,1.74,0,Yes,Yes,Yes,No,NA
8642,25.4,38.4,36.7,1.29,10,No,No,Yes,Yes,1054
8643,6.9,86.8,15.4,30.0,0,No,No,No,No,NA
8644,26.6,36.4,32.6,0.49,582,No,Yes,Yes,Yes,778
8645,36.8,12.2,31.6,0.49,25,No,Yes,Yes,Yes,499
8646,35.6,17.4,58.8,0.1,82,Yes,Yes,Yes,Yes,501
8647,11.1,92.4,15.9,28.17,0,No,No,No,No,NA
8648,37.6,16.4,67.3,0.31,945,No,No,Yes,Yes,2413
8649,20.6,27.6,50.0,0.6,432,No,Yes,Yes,Yes,916
8650,29.4,24.2,51.2,3.25,0,No,No,No,No,NA
8651,27.7,25.8,59.7,1.48,0,No,No,No,No,NA
8652,15.3,71.5,5.5,8.44,0,No,No,Yes,No,NA
8653,19.4,25.6,58.9,0.43,258,Yes,Yes,Yes,Yes,935
8654,29.8,44.8,54.8,2.39,208,No,Yes,Yes,Yes,576
8655,28.8,30.3,50.8,0.68,0,No,Yes,Yes,No,NA
8656,28.1,21.1,32.1,3.7,0,No,No,Yes,No,NA
8657,27.9,42.0,46.5,0.66,104,No,Yes,Yes,Yes,1242
8658,24.5,40.5,16.4,1.36,0,No,No,No,No,NA
8659,31.2,24.3,53.0,1.61,599,Yes,Yes,Yes,Yes,2936
8660,28.1,53.3,17.2,0.91,0,No,No,No,No,NA
8661,37.7,16.6,33.0,0.11,1053,No,No,Yes,Yes,1749
8662,31.5,14.5,80.3,0.9,610,No,Yes,Yes,Yes,8037
8663,12.3,65.8,25.9,24.89,0,No,No,No,No,NA
8664,35.0,23.5,67.4,0.49,662,Yes,Yes,Yes,Yes,474
8665,36.5,17.3,56.1,1.41,0,Yes,Yes,Yes,No,NA
8666,23.5,36.1,40.9,2.89,0,No,No,No,No,NA
8667,29.8,21.7,31.6,1.11,195,Yes,Yes,Yes,Yes,495
8668,28.1,38.3,59.0,1.27,223,Yes,Yes,Yes,Yes,1424
8669,24.1,46.2,26.3,6.07,0,No,Yes,Yes,No,NA
8670,13.1,87.5,7.1,33.23,0,No,No,No,No,NA
8671,20.6,64.3,27.5,5.26,34,Yes,Yes,Yes,Yes,260
8672,21.7,62.8,25.4,22.94,0,No,No,No,No,NA
8673,24.9,32.5,57.9,1.16,0,Yes,Yes,Yes,No,NA
8674,28.4,43.4,29.5,4.64,138,No,Yes,Yes,Yes,1034
8675,25.9,25.7,48.7,1.06,186,Yes,Yes,Yes,Yes,2787
8676,26.6,47.6,47.4,5.13,775,No,No,Yes,Yes,231
8677,38.9,15.2,40.7,0.53,1025,No,Yes,Yes,Yes,2894
8678,18.3,66.9,22.8,16.79,9,No,Yes,Yes,Yes,16
8679,13.8,89.5,12.3,18.89,0,No,No,No,No,NA
8680,24.0,30.8,26.4,0.94,17,No,No,Yes,Yes,438
8681,30.2,25.9,67.0,0.39,489,No,No,Yes,Yes,1046
8682,28.5,30.2,39.2,1.43,73,Yes,Yes,Yes,Yes,992
8683,44.4,14.7,35.1,0.27,131,Yes,Yes,Yes,Yes,224
8684,12.2,83.0,20.7,9.08,0,No,No,No,No,NA
8685,24.2,43.5,42.3,7.29,0,No,No,No,No,NA
8686,29.1,26.1,31.4,0.46,0,No,No,No,No,NA
8687,14.9,76.4,38.9,3.25,0,No,No,No,No,NA
8688,16.5,94.4,12.0,32.42,0,No,No,No,No,NA
8689,29.7,53.1,25.8,5.09,154,No,Yes,Yes,Yes,123
8690,34.9,30.1,47.7,1.12,414,No,Yes,Yes,Yes,3524
8691,34.6,15.8,40.2,1.49,34,No,Yes,Yes,Yes,1770
8692,20.2,78.7,9.3,14.24,0,No,Yes,Yes,No,NA
8693,23.1,39.8,58.7,1.13,0,No,No,No,No,NA
8694,35.6,33.3,46.4,1.15,81,Yes,Yes,Yes,Yes,580
8695,14.1,81.5,17.2,3.6,0,No,No,No,No,NA
8696,33.7,31.3,46.8,1.43,264,No,Yes,Yes,Yes,117
8697,34.0,8.6,77.1,0.38,391,No,No,Yes,Yes,4053
8698,32.9,29.9,46.9,1.7,375,No,No,Yes,Yes,901
8699,19.6,77.7,12.0,7.2,0,No,No,Yes,No,NA
8700,38.2,26.0,52.6,0.13,92,No,Yes,Yes,Yes,5638
8701,21.5,42.0,22.9,5.78,8,No,No,Yes,Yes,383
8702,15.5,83.8,13.4,34.98,0,No,No,No,No,NA
8703,22.9,34.7,28.9,0.34,0,No,No,Yes,No,NA
8704,23.8,32.5,28.8,1.35,0,Yes,Yes,Yes,No,NA
8705,18.6,20.9,63.6,1.97,122,Yes,Yes,Yes,Yes,1556
8706,21.0,39.3,45.3,4.89,0,Yes,Yes,Yes,No,NA
8707,41.9,25.0,66.9,0.02,0,No,No,Yes,No,NA
8708,34.2,27.8,59.4,0.22,733,No,No,Yes,Yes,1898
8709,15.7,78.5,27.4,13.56,0,No,No,No,No,NA
8710,25.2,49.5,37.6,4.65,0,No,Yes,Yes,No,NA
8711,24.8,22.5,45.5,0.52,88,No,No,Yes,Yes,331
8712,27.9,32.1,68.4,1.11,10,No,Yes,Yes,Yes,1459
8713,20.8,62.9,27.4,12.5,0,No,No,No,No,NA
8714,30.2,30.9,56.8,0.27,0,No,No,No,No,NA
8715,23.4,49.4,33.4,5.15,0,No,No,No,No,NA
8716,28.7,32.8,57.8,2.25,898,No,Yes,Yes,Yes,2418
8717,31.6,23.7,31.5,0.94,0,No,No,Yes,No,NA
8718,33.5,19.6,105.3,0.24,3495,Yes,Yes,Yes,Yes,1334
8719,15.5,68.5,34.9,11.31,0,No,No,Yes,No,NA
8720,34.9,29.4,76.1,1.8,57,No,No,Yes,Yes,1270
8721,38.2,21.9,40.8,0.42,334,No,No,Yes,Yes,3041
8722,24.3,68.7,18.3,9.88,0,No,No,No,No,NA
8723,28.5,41.0,20.9,2.15,18,Yes,Yes,Yes,Yes,220
8724,23.0,41.7,21.3,5.43,0,No,Yes,Yes,No,NA
8725,33.2,21.8,43.8,0.86,976,No,Yes,Yes,Yes,1618
8726,20.4,83.9,25.9,12.98,0,No,No,No,No,NA
8727,31.6,26.4,57.8,0.94,402,Yes,Yes,Yes,Yes,1160
8728,23.4,38.2,38.5,2.56,0,No,No,No,No,NA
8729,27.8,41.3,24.3,7.12,0,No,No,No,No,NA
8730,18.9,71.9,10.0,3.02,0,No,No,No,No,NA
8731,27.9,53.3,23.4,5.63,0,No,No,No,No,NA
8732,18.7,31.4,58.2,1.04,0,No,No,Yes,No,NA
8733,27.1,27.5,65.0,1.94,458,Yes,Yes,Yes,Yes,1321
8734,42.5,19.7,58.5,0.84,429,No,No,Yes,Yes,3098
8735,26.0,34.8,20.5,0.58,0,No,No,Yes,No,NA
8736,25.5,36.6,46.8,2.6,25,No,No,Yes,Yes,3250
8737,34.1,27.9,22.6,1.21,101,No,No,Yes,Yes,423
8738,29.1,28.0,42.2,1.54,52,No,Yes,Yes,Yes,2071
8739,17.1,80.2,24.5,30.87,0,No,No,No,No,NA
8740,22.6,35.2,34.8,2.6,0,No,No,No,No,NA
8741,17.8,66.1,32.0,20.86,0,No,No,No,No,NA
8742,29.6,25.8,34.0,2.23,291,No,Yes,Yes,Yes,1427
8743,17.5,75.6,27.4,6.07,0,No,No,No,No,NA
8744,12.1,84.7,18.9,32.1,0,No,No,No,No,NA
8745,25.9,36.7,64.7,2.49,8,No,No,Yes,Yes,2485
8746,32.7,26.4,24.1,0.04,0,Yes,Yes,Yes,No,NA
8747,13.9,76.4,5.3,7.08,0,No,No,No,No,NA
8748,30.6,25.3,67.2,0.76,913,No,No,Yes,Yes,608
8749,31.3,26.8,74.7,0.93,635,Yes,Yes,Yes,Yes,872
8750,29.8,53.4,24.2,7.48,0,No,No,No,No,NA
8751,18.7,71.7,29.6,5.73,0,No,No,No,No,NA
8752,19.9,83.6,13.1,16.97,0,No,No,No,No,NA
8753,32.5,23.0,48.2,0.8,64,No,Yes,Yes,Yes,172
8754,33.1,35.3,26.4,0.87,11,No,Yes,Yes,Yes,2348
8755,29.5,31.7,22.5,1.09,366,No,Yes,Yes,Yes,44
8756,36.7,33.1,67.4,1.1,681,No,No,Yes,Yes,2406
8757,35.3,21.8,67.3,1.23,982,No,Yes,Yes,Yes,836
8758,29.2,53.8,19.7,5.69,0,No,No,No,No,NA
8759,24.1,41.2,25.2,2.59,2,Yes,Yes,Yes,Yes,108
8760,19.9,77.4,18.6,17.26,0,No,No,No,No,NA
8761,31.5,30.2,47.8,2.05,89,No,Yes,Yes,Yes,250
8762,33.9,8.5,30.1,0.45,724,Yes,Yes,Yes,Yes,1536
8763,17.9,76.2,23.9,14.15,0,No,No,No,No,NA
8764,32.9,11.3,51.0,0.34,351,No,No,Yes,Yes,1365
8765,35.4,14.7,75.2,0.38,642,No,No,Yes,Yes,8039
8766,32.3,30.3,77.7,1.53,0,No,No,No,No,NA
8767,25.4,23.2,54.3,0.54,0,Yes,Yes,Yes,No,NA
8768,24.0,37.0,19.3,7.9,0,No,No,No,No,NA
8769,37.6,11.3,81.8,0.07,563,No,No,Yes,Yes,1162
8770,33.6,23.7,53.9,0.24,210,Yes,Yes,Yes,Yes,653
8771,15.8,83.1,17.0,15.25,0,No,No,No,No,NA
8772,30.2,27.0,54.0,1.99,534,No,Yes,Yes,Yes,2339
8773,16.3,64.8,16.1,21.75,0,No,No,No,No,NA
8774,24.1,52.9,40.8,1.22,0,No,No,No,No,NA
8775,28.4,29.6,66.5,1.2,0,No,Yes,Yes,No,NA
8776,33.1,35.0,33.0,1.41,26,No,No,Yes,Yes,414
8777,33.7,26.1,90.7,0.18,36,No,Yes,Yes,Yes,3093
8778,21.3,76.1,32.9,11.03,0,No,No,No,No,NA
8779,30.8,20.1,73.2,0.23,1281,No,Yes,Yes,Yes,682
8780,26.5,31.8,44.2,0.25,0,No,No,Yes,No,NA
8781,7.0,70.5,9.1,28.47,0,No,No,No,No,NA
8782,17.0,74.2,15.9,17.46,0,No,No,No,No,NA
8783,21.9,59.8,24.5,3.6,0,No,No,No,No,NA
8784,36.7,9.2,59.3,0.44,342,Yes,Yes,Yes,Yes,2914
8785,14.5,65.4,16.9,11.35,0,No,No,No,No,NA
8786,9.8,87.5,24.9,5.1,0,No,No,No,No,NA
8787,12.3,93.3,19.7,8.83,0,No,No,No,No,NA
8788,5.5,70.1,10.2,17.23,0,No,No,No,No,NA
8789,24.3,46.5,46.8,4.18,0,No,No,No,No,NA
8790,42.5,18.0,70.6,0.2,574,No,No,Yes,Yes,4707
8791,23.5,35.0,41.0,5.43,0,No,No,No,No,NA
8792,36.4,29.2,48.1,1.86,0,No,No,No,No,NA
8793,32.3,27.9,42.8,1.07,0,No,Yes,Yes,No,NA
8794,21.3,35.1,22.9,3.64,124,Yes,Yes,Yes,Yes,266
8795,10.5,83.3,13.1,35.58,0,No,No,No,No,NA
8796,32.8,29.0,23.4,0.48,0,No,No,Yes,No,NA
8797,44.6,15.7,45.7,0.15,728,No,No,Yes,Yes,2100
8798,6.3,91.1,5.5,26.61,0,No,No,No,No,NA
8799,32.1,11.8,100.6,0.93,774,No,No,Yes,Yes,2380
8800,39.7,27.7,47.8,1.86,288,No,No,Yes,Yes,473
8801,40.2,8.8,39.8,0.37,584,No,No,Yes,Yes,2562
8802,43.5,12.6,85.9,0.4,3438,No,No,Yes,Yes,5724
8803,29.9,21.9,62.3,0.77,287,No,Yes,Yes,Yes,2462
8804,26.2,30.2,38.8,2.75,0,Yes,Yes,Yes,No,NA
8805,33.9,38.5,44.4,0.63,18,No,Yes,Yes,Yes,3049
8806,33.1,30.3,23.7,1.67,0,No,No,Yes,No,NA
8807,22.1,53.3,38.5,6.25,0,No,No,No,No,NA
8808,22.5,56.4,14.4,17.98,0,No,No,No,No,NA
8809,42.4,28.5,103.6,0.6,325,Yes,Yes,Yes,Yes,11945
8810,30.1,23.1,84.1,0.29,751,No,No,Yes,Yes,4884
8811,24.2,74.0,28.5,7.61,0,No,No,No,No,NA
8812,22.8,50.8,27.7,3.97,0,No,Yes,Yes,No,NA
8813,27.6,34.9,21.7,2.81,0,No,No,No,No,NA
8814,16.9,79.9,11.3,7.39,0,No,No,No,No,NA
8815,38.9,18.3,78.7,0.34,5,No,No,Yes,Yes,1681
8816,18.2,78.5,22.0,7.34,0,No,No,No,No,NA
8817,40.4,11.1,81.5,0.77,389,No,Yes,Yes,Yes,646
8818,35.1,30.6,42.2,0.65,112,No,Yes,Yes,Yes,2463
8819,19.1,67.7,8.3,13.37,0,No,No,No,No,NA
8820,35.0,16.5,60.2,1.6,955,No,No,Yes,Yes,1071
8821,20.6,60.4,27.9,24.23,0,No,No,No,No,NA
8822,31.1,37.3,48.1,0.04,36,No,Yes,Yes,Yes,1127
8823,26.8,51.2,45.8,4.32,0,No,No,Yes,No,NA
8824,29.4,51.5,30.6,5.19,0,No,No,No,No,NA
8825,16.0,84.1,5.7,36.81,0,No,No,No,No,NA
8826,28.0,40.9,31.4,7.84,0,Yes,Yes,Yes,No,NA
8827,32.0,16.8,52.1,0.63,1741,No,Yes,Yes,Yes,4892
8828,21.6,41.0,42.4,4.06,84,No,Yes,Yes,Yes,201
8829,27.5,24.5,46.7,0.6,103,No,Yes,Yes,Yes,1660
8830,37.6,31.3,48.7,0.83,932,Yes,Yes,Yes,Yes,750
8831,31.5,32.7,36.6,0.85,45,No,No,Yes,Yes,991
8832,35.5,29.1,40.1,1.16,24,No,No,Yes,Yes,484
8833,22.0,40.7,42.6,2.24,0,No,No,No,No,NA
8834,27.4,50.3,17.6,7.7,0,No,No,No,No,NA
8835,22.7,42.9,23.0,1.67,60,No,No,Yes,Yes,1209
8836,20.8,56.7,14.2,17.9,0,No,No,No,No,NA
8837,20.6,26.4,55.0,0.88,0,No,No,No,No,NA
8838,18.1,55.6,23.5,7.44,0,No,No,No,No,NA
8839,14.5,75.8,19.9,6.3,0,No,No,No,No,NA
8840,28.3,17.3,51.2,1.27,442,Yes,Yes,Yes,Yes,1716
8841,14.6,89.9,11.2,5.02,0,No,No,No,No,NA
8842,16.5,61.2,14.8,15.42,0,No,No,No,No,NA
8843,18.3,22.2,28.2,0.72,0,No,Yes,Yes,No,NA
8844,28.2,22.9,59.4,1.64,265,No,Yes,Yes,Yes,1975
8845,27.6,36.0,23.7,6.83,283,Yes,Yes,Yes,Yes,289
8846,25.2,51.6,30.7,4.17,0,No,No,No,No,NA
8847,38.3,10.7,36.1,0.26,795,No,Yes,Yes,Yes,1076
8848,5.1,84.5,16.4,29.0,0,No,No,No,No,NA
8849,14.7,72.4,24.8,7.85,0,No,No,No,No,NA
8850,28.4,30.2,45.0,1.15,136,Yes,Yes,Yes,Yes,2119
8851,29.3,48.6,39.5,3.74,436,No,No,Yes,Yes,270
8852,35.5,25.0,55.0,1.2,673,No,No,Yes,Yes,109
8853,10.9,72.8,7.1,22.28,0,No,No,No,No,NA
8854,30.8,43.8,46.1,2.45,0,No,No,No,No,NA
8855,30.1,25.5,63.5,1.57,0,No,Yes,Yes,No,NA
8856,41.0,12.6,85.2,0.86,275,No,Yes,Yes,Yes,1252
8857,30.6,40.8,51.9,2.14,0,No,No,Yes,No,NA
8858,26.9,35.0,45.2,0.3,482,Yes,Yes,Yes,Yes,1317
8859,21.3,39.6,23.5,0.97,0,No,No,No,No,NA
8860,35.5,25.0,50.2,0.63,0,No,No,No,No,NA
8861,6.7,82.2,12.3,36.29,0,No,No,No,No,NA
8862,22.9,76.5,5.8,3.92,0,No,No,No,No,NA
8863,19.5,84.9,29.0,19.99,0,No,No,No,No,NA
8864,19.3,22.6,36.2,2.76,450,No,Yes,Yes,Yes,761
8865,29.2,34.2,57.4,3.57,39,No,Yes,Yes,Yes,194
8866,25.2,30.2,48.9,2.53,358,Yes,Yes,Yes,Yes,2071
8867,33.6,19.7,42.6,0.32,0,No,Yes,Yes,No,NA
8868,28.4,16.2,72.6,1.52,24,No,No,Yes,Yes,3799
8869,42.5,10.4,65.5,0.19,68,No,No,Yes,Yes,78
8870,19.2,55.5,26.9,14.35,0,No,No,No,No,NA
8871,34.2,25.5,88.0,0.51,1086,Yes,Yes,Yes,Yes,3140
8872,32.3,25.6,66.9,0.75,1220,No,No,Yes,Yes,389
8873,16.1,89.8,15.1,20.19,0,No,No,No,No,NA
8874,26.3,39.6,24.1,0.93,0,No,No,No,No,NA
8875,23.2,27.3,21.6,2.77,0,No,No,Yes,No,NA
8876,22.7,27.8,51.5,1.57,0,No,No,Yes,No,NA
8877,23.4,43.6,37.1,1.66,531,No,No,Yes,Yes,53
8878,15.1,75.2,16.2,8.42,0,No,No,No,No,NA
8879,15.6,62.2,16.4,12.69,0,No,No,No,No,NA
8880,25.0,36.7,51.1,1.42,0,No,No,Yes,No,NA
8881,33.4,19.8,82.8,0.16,1392,No,No,Yes,Yes,5061
8882,31.7,22.6,71.1,1.14,656,No,No,Yes,Yes,788
8883,28.0,31.2,56.3,2.11,0,No,No,Yes,No,NA
8884,20.7,57.7,7.9,17.57,0,No,No,No,No,NA
8885,20.9,36.5,52.7,2.96,0,Yes,Yes,Yes,No,NA
8886,17.2,73.9,7.8,10.3,0,No,No,No,No,NA
8887,34.6,11.4,58.5,0.4,25,No,No,Yes,Yes,2294
8888,30.0,23.0,57.8,2.88,0,No,Yes,Yes,No,NA
8889,29.0,37.9,52.3,1.15,0,No,No,No,No,NA
8890,29.0,48.2,47.6,1.52,0,No,No,Yes,No,NA
8891,10.4,93.5,7.8,20.92,1,No,No,Yes,Yes,10
8892,19.3,66.5,13.4,16.36,0,No,No,No,No,NA
8893,22.0,71.3,36.8,18.0,0,No,No,No,No,NA
8894,32.9,29.3,45.9,0.67,0,No,Yes,Yes,No,NA
8895,21.6,21.5,29.9,2.82,84,No,No,Yes,Yes,176
8896,25.5,54.5,44.6,3.01,0,No,No,No,No,NA
8897,18.8,73.3,15.7,9.79,0,No,No,No,No,NA
8898,16.5,80.4,29.4,20.54,0,No,No,No,No,NA
8899,19.7,39.1,46.2,3.92,0,No,No,No,No,NA
8900,41.8,10.8,74.8,0.33,4,Yes,Yes,Yes,Yes,7328
8901,42.7,15.2,73.3,0.28,49,No,No,Yes,Yes,2628
8902,29.3,31.3,49.4,1.17,0,Yes,Yes,Yes,No,NA
8903,21.3,23.3,49.8,1.46,141,No,Yes,Yes,Yes,607
8904,24.0,55.3,16.3,5.4,0,No,No,No,No,NA
8905,28.8,30.0,69.3,1.89,0,No,No,No,No,NA
8906,19.4,60.8,9.8,18.67,0,No,No,No,No,NA
8907,17.6,60.1,24.7,2.35,0,No,No,No,No,NA
8908,20.1,40.6,43.8,5.3,0,No,No,No,No,NA
8909,27.8,48.5,28.1,7.91,0,No,Yes,Yes,No,NA
8910,24.5,62.6,15.4,10.41,0,No,No,No,No,NA
8911,28.3,44.8,44.7,2.12,368,No,No,Yes,Yes,1931
8912,32.4,42.7,36.1,1.12,0,No,No,No,No,NA
8913,29.7,44.7,41.1,4.9,0,No,No,No,No,NA
8914,32.0,29.4,43.5,0.63,437,Yes,Yes,Yes,Yes,2685
8915,32.7,12.7,85.8,0.08,327,No,Yes,Yes,Yes,7119
8916,25.0,42.2,20.8,0.52,207,Yes,Yes,Yes,Yes,116
8917,9.5,73.1,19.2,31.02,0,No,No,No,No,NA
8918,25.6,41.7,55.3,2.25,705,No,No,Yes,Yes,1497
8919,14.2,62.4,12.5,11.99,0,No,No,No,No,NA
8920,25.2,22.8,39.2,1.67,332,No,Yes,Yes,Yes,1139
8921,28.9,41.1,38.7,2.9,0,No,No,No,No,NA
8922,30.2,40.7,28.9,0.31,81,No,Yes,Yes,Yes,1860
8923,27.9,42.2,19.9,1.12,0,No,No,No,No,NA
8924,15.1,61.9,39.2,3.49,0,No,No,Yes,No,NA
8925,20.8,43.1,26.9,2.59,60,No,Yes,Yes,Yes,163
8926,22.1,50.0,19.0,4.54,0,No,No,Yes,No,NA
8927,19.9,73.6,6.7,5.13,0,No,No,No,No,NA
8928,35.8,27.5,46.4,1.23,962,No,No,Yes,Yes,3990
8929,36.3,21.4,56.3,1.36,0,No,No,Yes,No,NA
8930,25.5,24.6,25.3,0.22,242,No,No,Yes,Yes,1166
8931,33.7,34.7,51.9,0.87,83,No,Yes,Yes,Yes,379
8932,25.2,24.0,66.9,1.45,646,No,Yes,Yes,Yes,1431
8933,28.4,33.1,25.0,3.2,0,No,No,No,No,NA
8934,26.0,30.1,20.0,0.21,0,No,No,Yes,No,NA
8935,32.4,25.5,47.1,0.65,596,No,Yes,Yes,Yes,90
8936,22.1,77.9,5.4,8.45,0,No,No,No,No,NA
8937,27.1,50.0,44.3,5.36,183,No,Yes,Yes,Yes,367
8938,29.8,28.1,52.5,1.04,0,No,No,No,No,NA
8939,35.8,11.0,60.9,0.11,1311,Yes,Yes,Yes,Yes,700
8940,39.7,13.0,74.2,0.65,271,No,Yes,Yes,Yes,5013
8941,28.3,35.2,38.5,6.35,162,No,No,Yes,Yes,439
8942,39.4,27.2,72.8,0.77,786,Yes,Yes,Yes,Yes,5167
8943,40.5,19.6,60.1,0.93,915,No,No,Yes,Yes,3529
8944,40.6,9.6,59.1,0.24,287,No,No,Yes,Yes,2165
8945,24.8,60.7,28.9,17.47,0,No,No,No,No,NA
8946,33.4,10.2,89.9,0.72,1107,No,No,Yes,Yes,1100
8947,17.0,56.1,7.8,12.39,0,No,No,No,No,NA
8948,15.5,92.0,14.6,26.08,0,No,No,No,No,NA
8949,36.7,15.4,79.7,1.21,1055,No,No,Yes,Yes,2411
8950,25.2,53.6,17.9,4.03,166,Yes,Yes,Yes,Yes,734
8951,19.3,60.1,35.1,10.05,0,No,No,No,No,NA
8952,25.3,22.2,64.5,2.51,1040,Yes,Yes,Yes,Yes,1877
8953,12.7,90.8,10.3,28.31,0,No,No,No,No,NA
8954,42.4,16.9,36.5,0.11,217,No,Yes,Yes,Yes,1297
8955,29.2,34.8,41.4,1.44,423,No,No,Yes,Yes,812
8956,36.0,11.2,46.2,0.34,724,No,No,Yes,Yes,3624
8957,6.7,80.6,21.1,19.5,0,No,No,No,No,NA
8958,26.7,20.8,36.1,1.33,0,Yes,Yes,Yes,No,NA
8959,30.8,28.5,58.6,1.06,0,No,No,Yes,No,NA
8960,14.9,67.1,22.5,19.15,24,No,Yes,Yes,Yes,244
8961,14.4,73.1,23.6,13.18,0,No,No,No,No,NA
8962,14.9,71.2,17.5,30.01,0,No,No,No,No,NA
8963,25.3,39.6,46.6,2.68,60,No,No,Yes,Yes,1853
8964,25.1,52.9,28.4,4.16,55,Yes,Yes,Yes,Yes,828
8965,18.9,62.3,29.0,9.08,0,No,No,No,No,NA
8966,17.7,76.1,8.4,7.11,0,No,No,No,No,NA
8967,22.7,37.6,56.6,2.9,0,No,No,No,No,NA
8968,15.7,69.2,39.6,24.07,0,No,No,No,No,NA
8969,36.6,14.2,41.9,0.0,149,No,No,Yes,Yes,3420
8970,33.0,38.9,21.2,0.84,210,No,No,Yes,Yes,637
8971,30.6,39.9,53.1,1.93,0,No,No,Yes,No,NA
8972,11.2,94.0,18.5,25.39,0,No,No,No,No,NA
8973,19.0,25.1,40.5,0.05,582,Yes,Yes,Yes,Yes,1393
8974,15.7,67.9,20.5,19.38,0,No,No,No,No,NA
8975,23.9,41.4,27.4,4.85,0,No,No,No,No,NA
8976,31.2,24.1,71.8,1.31,0,No,No,No,No,NA
8977,24.3,34.0,21.8,1.67,0,No,No,No,No,NA
8978,26.9,23.9,40.6,0.86,0,No,No,No,No,NA
8979,6.3,75.0,9.3,38.43,0,No,No,No,No,NA
8980,19.0,62.1,12.7,11.92,0,No,No,No,No,NA
8981,26.4,27.3,26.5,3.83,0,No,Yes,Yes,No,NA
8982,20.2,77.3,32.8,17.71,0,No,No,No,No,NA
8983,20.7,27.4,64.7,3.62,261,Yes,Yes,Yes,Yes,742
8984,18.8,67.4,34.4,19.98,0,No,No,No,No,NA
8985,23.6,43.4,25.7,1.36,0,No,No,No,No,NA
8986,19.3,81.8,28.1,15.35,0,No,No,No,No,NA
8987,10.2,87.3,16.4,17.52,0,No,Yes,Yes,Yes,60
8988,30.6,21.9,100.4,0.05,727,No,No,Yes,Yes,5607
8989,13.5,79.5,27.6,3.47,0,No,No,No,No,NA
8990,20.3,79.9,17.9,3.9,0,No,No,No,No,NA
8991,29.7,31.3,62.9,3.08,0,No,No,No,No,NA
8992,34.5,8.8,68.7,0.05,528,No,No,Yes,Yes,2832
8993,34.3,16.7,44.2,0.24,0,No,No,Yes,No,NA
8994,26.6,22.6,30.7,0.0,0,Yes,Yes,Yes,No,NA
8995,25.7,42.8,21.3,2.07,0,No,No,Yes,No,NA
8996,25.3,54.1,48.5,6.66,0,Yes,Yes,Yes,No,NA
8997,36.8,25.5,77.1,0.69,1497,No,Yes,Yes,Yes,1417
8998,9.1,87.2,19.3,10.14,0,No,No,No,No,NA
8999,27.3,27.4,51.1,0.75,0,No,No,No,No,NA
9000,31.1,44.9,35.9,2.18,322,No,No,Yes,Yes,631
9001,21.1,23.5,58.3,1.12,0,No,No,No,No,NA
9002,25.0,53.4,39.2,3.74,0,No,No,No,No,NA
9003,25.4,41.3,53.2,0.56,0,No,Yes,Yes,No,NA
9004,29.9,20.0,45.1,1.88,0,No,No,No,No,NA
9005,12.5,78.7,8.9,39.29,0,No,No,No,No,NA
9006,28.0,40.6,58.2,1.58,10,No,No,Yes,Yes,115
9007,28.8,47.6,41.3,1.67,0,No,No,No,No,NA
9008,35.5,25.7,40.2,0.29,254,No,Yes,Yes,Yes,450
9009,28.3,33.9,32.4,2.67,517,No,No,Yes,Yes,1165
9010,28.1,22.7,64.1,1.34,0,No,No,Yes,No,NA
9011,37.8,23.3,59.8,0.42,0,No,No,Yes,No,NA
9012,18.3,66.1,23.9,5.99,0,No,No,No,No,NA
9013,23.2,35.7,50.2,2.3,141,No,Yes,Yes,Yes,1175
9014,20.7,65.3,18.9,3.29,0,No,No,No,No,NA
9015,28.0,49.8,19.5,3.15,251,No,No,Yes,Yes,263
9016,21.6,69.0,14.0,22.88,0,No,No,No,No,NA
9017,22.2,39.3,64.9,3.71,189,Yes,Yes,Yes,Yes,3313
9018,20.3,68.4,12.6,22.75,0,No,No,No,No,NA
9019,33.7,17.0,57.5,0.47,1520,No,Yes,Yes,Yes,30
9020,30.7,31.7,36.6,1.95,21,No,No,Yes,Yes,1476
9021,15.5,69.6,15.3,10.85,0,No,No,No,No,NA
9022,27.6,41.3,18.1,5.14,0,No,Yes,Yes,No,NA
9023,13.0,93.6,8.9,38.09,0,No,No,No,No,NA
9024,33.1,34.7,35.9,0.94,393,No,No,Yes,Yes,786
9025,27.2,41.5,33.8,2.14,0,No,No,Yes,No,NA
9026,31.0,20.2,109.5,0.32,2561,No,No,Yes,Yes,3163
9027,20.8,41.3,16.4,0.93,0,No,No,No,No,NA
9028,27.0,23.6,59.0,2.81,0,No,No,No,No,NA
9029,18.3,75.5,17.4,19.94,0,No,No,No,No,NA
9030,7.2,85.6,14.7,23.46,0,No,No,No,No,NA
9031,37.2,22.6,89.2,0.18,338,No,No,Yes,Yes,6035
9032,30.1,20.4,92.5,0.98,1378,No,Yes,Yes,Yes,7462
9033,36.2,10.4,30.3,0.39,297,No,Yes,Yes,Yes,415
9034,42.8,13.4,106.4,0.07,4059,No,Yes,Yes,Yes,10848
9035,30.9,21.9,106.0,0.43,1009,Yes,Yes,Yes,Yes,172
9036,31.3,18.0,85.7,0.49,914,No,No,Yes,Yes,1836
9037,13.4,83.6,13.8,15.53,0,No,No,No,No,NA
9038,11.9,83.2,12.5,15.9,0,No,No,No,No,NA
9039,26.5,51.7,31.5,5.51,0,No,No,No,No,NA
9040,33.9,15.5,40.6,0.07,721,No,Yes,Yes,Yes,2986
9041,33.4,16.8,50.9,0.04,862,No,Yes,Yes,Yes,4673
9042,20.3,51.4,49.7,4.28,0,No,No,No,No,NA
9043,39.1,9.3,69.2,0.36,1333,No,No,Yes,Yes,6011
9044,27.7,41.1,28.9,0.31,361,Yes,Yes,Yes,Yes,115
9045,28.5,42.8,16.5,7.45,0,No,No,No,No,NA
9046,8.7,71.8,23.2,16.52,0,No,No,No,No,NA
9047,32.0,23.8,47.1,1.64,0,No,No,No,No,NA
9048,22.2,71.5,23.3,16.35,0,No,No,No,No,NA
9049,13.8,68.5,37.3,17.53,0,No,No,No,No,NA
9050,35.9,9.0,44.4,0.39,728,No,Yes,Yes,Yes,4133
9051,17.5,79.9,11.6,2.83,0,No,No,No,No,NA
9052,34.8,33.8,31.5,0.32,38,No,No,Yes,Yes,792
9053,24.6,31.3,63.4,3.34,520,Yes,Yes,Yes,Yes,1286
9054,24.0,79.9,29.8,3.16,0,No,No,No,No,NA
9055,5.9,84.0,15.8,13.09,0,No,No,No,No,NA
9056,13.5,81.5,13.1,7.9,0,No,No,No,No,NA
9057,20.8,60.0,19.8,11.2,0,No,No,No,No,NA
9058,21.5,37.2,29.4,7.42,0,No,No,No,No,NA
9059,39.4,21.1,48.2,0.02,438,No,No,Yes,Yes,1367
9060,13.7,73.6,10.7,26.64,0,No,No,No,No,NA
9061,32.5,26.5,55.0,2.35,839,No,Yes,Yes,Yes,1269
9062,29.9,24.7,42.5,1.29,541,No,No,Yes,Yes,10
9063,11.5,70.1,13.1,31.95,0,No,No,No,No,NA
9064,7.7,74.7,16.6,13.66,0,No,No,No,No,NA
9065,22.1,50.9,37.3,1.43,0,No,No,No,No,NA
9066,43.8,12.3,72.2,0.36,564,No,No,Yes,Yes,12320
9067,27.2,42.0,23.5,0.63,16,No,No,Yes,Yes,182
9068,24.4,42.2,37.1,5.61,634,No,No,Yes,Yes,939
9069,40.0,20.6,95.0,0.01,1234,No,Yes,Yes,Yes,545
9070,22.0,68.6,22.0,23.26,0,No,No,No,No,NA
9071,15.3,64.5,30.7,18.54,0,No,No,No,No,NA
9072,15.4,77.7,22.3,35.5,0,No,No,No,No,NA
9073,26.5,31.2,40.8,0.97,0,No,No,Yes,No,NA
9074,18.6,63.9,33.2,21.33,0,No,No,No,No,NA
9075,18.8,71.6,29.4,9.24,0,No,No,No,No,NA
9076,31.3,35.4,21.8,1.3,272,No,No,Yes,Yes,740
9077,23.2,33.5,41.7,0.86,124,Yes,Yes,Yes,Yes,694
9078,33.2,14.8,71.8,0.35,1972,No,No,Yes,Yes,907
9079,35.5,15.9,59.0,0.28,466,No,No,Yes,Yes,920
9080,25.7,40.3,21.9,1.84,0,No,No,No,No,NA
9081,23.5,42.5,16.1,6.8,0,No,No,No,No,NA
9082,32.7,19.5,65.1,1.56,2188,Yes,Yes,Yes,Yes,3596
9083,26.6,31.8,44.9,2.92,0,No,No,Yes,No,NA
9084,32.3,10.1,92.8,0.27,945,No,Yes,Yes,Yes,5656
9085,30.6,27.3,33.6,0.75,0,No,No,No,No,NA
9086,27.1,34.1,61.2,0.56,0,No,No,No,No,NA
9087,25.5,36.3,31.3,2.78,0,No,No,No,No,NA
9088,25.0,38.7,28.9,2.09,0,No,No,Yes,No,NA
9089,32.5,13.4,38.3,0.26,338,No,No,Yes,Yes,2195
9090,25.5,20.8,54.0,1.71,148,Yes,Yes,Yes,Yes,1338
9091,19.5,71.6,18.3,3.06,0,No,No,No,No,NA
9092,27.1,31.1,62.3,1.88,1239,No,No,Yes,Yes,548
9093,27.2,28.4,57.7,0.95,276,No,Yes,Yes,Yes,125
9094,18.5,77.4,22.0,13.35,0,No,No,No,No,NA
9095,14.1,83.6,18.2,14.9,0,No,No,No,No,NA
9096,21.3,72.2,17.6,19.2,0,No,No,No,No,NA
9097,23.3,45.6,15.1,1.43,0,No,No,No,No,NA
9098,35.5,22.1,109.0,0.04,73,No,Yes,Yes,Yes,3510
9099,27.5,29.5,52.4,0.89,406,No,No,Yes,Yes,1078
9100,21.9,29.8,42.8,0.04,0,Yes,Yes,Yes,No,NA
9101,38.7,17.2,101.6,0.94,3083,No,Yes,Yes,Yes,11753
9102,17.3,74.9,13.8,9.29,0,Yes,Yes,Yes,No,NA
9103,16.1,78.8,19.3,12.99,0,No,No,No,No,NA
9104,28.5,44.4,36.7,0.57,0,No,No,No,No,NA
9105,36.8,13.6,92.6,0.29,2369,No,Yes,Yes,Yes,8653
9106,23.6,51.8,47.3,2.14,0,No,No,No,No,NA
9107,41.5,22.5,78.8,0.67,383,No,No,Yes,Yes,2541
9108,33.0,11.8,70.8,0.39,32,Yes,Yes,Yes,Yes,2981
9109,22.7,49.1,44.3,5.88,157,No,Yes,Yes,Yes,767
9110,34.9,22.3,93.8,0.05,753,No,No,Yes,Yes,512
9111,32.2,39.6,52.3,0.42,0,No,No,Yes,No,NA
9112,20.4,78.9,15.6,18.57,0,No,No,No,No,NA
9113,15.9,69.0,23.4,5.47,0,No,No,No,No,NA
9114,15.8,82.7,19.3,22.65,0,No,No,No,No,NA
9115,29.3,23.7,58.3,1.14,0,No,No,No,No,NA
9116,30.4,23.9,80.2,0.76,787,No,No,Yes,Yes,4018
9117,28.0,33.9,46.1,1.68,0,Yes,Yes,Yes,No,NA
9118,17.3,81.9,10.8,27.76,0,No,No,No,No,NA
9119,19.4,69.7,17.6,14.18,0,No,No,No,No,NA
9120,25.4,49.0,26.7,5.35,408,No,Yes,Yes,Yes,42
9121,14.8,74.4,26.2,18.15,0,No,No,No,No,NA
9122,17.0,85.3,9.0,30.45,0,No,No,No,No,NA
9123,27.4,26.4,49.0,1.11,0,No,No,No,No,NA
9124,26.6,20.3,38.4,1.31,0,No,No,Yes,No,NA
9125,15.2,76.5,17.3,11.16,0,No,No,No,No,NA
9126,15.5,75.5,16.7,18.51,0,No,No,No,No,NA
9127,22.5,33.1,43.6,0.19,45,No,No,Yes,Yes,918
9128,30.8,34.8,75.9,1.71,12,No,No,Yes,Yes,709
9129,35.4,21.8,73.5,0.36,22,No,Yes,Yes,Yes,2604
9130,23.7,41.1,22.3,2.95,9,No,Yes,Yes,Yes,586
9131,31.1,13.0,92.9,0.09,598,No,Yes,Yes,Yes,2465
9132,22.0,27.8,57.9,0.83,0,No,No,No,No,NA
9133,20.7,23.2,36.7,3.31,0,No,No,Yes,No,NA
9134,21.5,26.6,63.0,0.58,0,No,No,No,No,NA
9135,19.6,33.3,43.9,2.32,107,No,No,Yes,Yes,251
9136,27.7,37.5,22.2,4.9,0,No,Yes,Yes,No,NA
9137,8.9,89.8,19.2,7.17,0,No,No,No,No,NA
9138,17.4,77.5,12.0,15.5,0,No,No,No,No,NA
9139,13.7,76.9,27.4,20.93,0,No,No,No,No,NA
9140,31.7,36.6,57.7,0.55,0,No,No,No,No,NA
9141,35.0,19.8,67.0,1.09,977,No,Yes,Yes,Yes,5491
9142,42.8,14.1,88.8,0.64,1914,No,No,Yes,Yes,235
9143,27.0,21.9,54.4,1.66,0,No,No,No,No,NA
9144,29.8,33.3,46.8,0.2,25,No,Yes,Yes,Yes,783
9145,26.8,39.6,39.7,2.86,0,No,No,No,No,NA
9146,21.9,38.5,37.8,0.37,46,No,No,Yes,Yes,1239
9147,34.6,20.2,70.2,0.42,10,No,No,Yes,Yes,2315
9148,6.4,90.8,16.3,5.94,0,No,No,No,No,NA
9149,23.8,70.2,20.6,19.42,0,No,No,No,No,NA
9150,17.7,71.5,37.9,3.95,5,Yes,Yes,Yes,Yes,451
9151,23.7,42.0,24.7,2.96,87,No,Yes,Yes,Yes,774
9152,19.3,80.9,19.2,18.15,0,No,No,No,No,NA
9153,33.1,37.0,44.9,1.07,133,No,Yes,Yes,Yes,1175
9154,36.4,27.5,63.6,0.08,338,Yes,Yes,Yes,Yes,1542
9155,23.6,32.8,49.8,1.98,633,Yes,Yes,Yes,Yes,971
9156,29.3,24.0,27.5,1.69,576,Yes,Yes,Yes,Yes,761
9157,38.2,15.8,63.3,1.47,354,No,Yes,Yes,Yes,6423
9158,32.7,30.2,39.4,1.8,0,No,No,No,No,NA
9159,19.3,55.1,29.5,6.27,0,No,No,No,No,NA
9160,22.5,42.6,19.1,0.7,133,No,No,Yes,Yes,308
9161,28.3,35.8,21.7,5.38,0,No,No,No,No,NA
9162,42.4,24.7,73.2,0.28,413,Yes,Yes,Yes,Yes,2167
9163,41.0,23.5,85.2,0.13,217,Yes,Yes,Yes,Yes,3691
9164,13.9,78.6,12.9,35.91,0,No,No,No,No,NA
9165,12.1,78.7,20.2,18.36,0,No,No,No,No,NA
9166,42.9,23.7,60.8,0.44,319,No,No,Yes,Yes,7636
9167,30.5,32.2,35.3,1.58,0,No,No,No,No,NA
9168,28.5,16.0,79.1,1.79,0,Yes,Yes,Yes,No,NA
9169,35.4,21.5,58.5,0.15,1392,No,No,Yes,Yes,4239
9170,21.7,76.8,33.5,6.53,0,No,No,No,No,NA
9171,26.7,28.1,53.1,0.84,0,No,No,No,No,NA
9172,29.9,39.8,49.6,2.46,0,No,No,No,No,NA
9173,16.7,73.5,14.0,14.36,0,No,No,No,No,NA
9174,22.5,57.5,14.8,17.17,0,No,No,No,No,NA
9175,38.4,18.7,85.7,0.11,1015,No,Yes,Yes,Yes,4155
9176,17.4,86.2,6.3,28.63,0,No,No,No,No,NA
9177,28.1,41.5,26.2,1.53,21,No,No,Yes,Yes,460
9178,15.5,79.2,22.9,13.89,0,No,No,No,No,NA
9179,28.3,42.7,23.6,0.99,0,No,No,Yes,No,NA
9180,23.7,35.4,28.0,0.67,44,No,Yes,Yes,Yes,373
9181,19.6,23.3,36.5,3.83,279,No,No,Yes,Yes,1652
9182,28.1,36.8,35.3,0.95,0,No,No,No,No,NA
9183,17.0,93.0,10.0,17.22,0,No,No,No,No,NA
9184,28.0,49.4,43.8,7.41,0,No,No,Yes,No,NA
9185,25.8,32.5,40.3,1.54,33,No,Yes,Yes,Yes,2262
9186,34.5,16.3,65.4,0.01,0,No,No,No,No,NA
9187,24.6,30.1,55.9,2.01,42,Yes,Yes,Yes,Yes,4098
9188,25.8,42.2,15.5,1.26,0,No,No,Yes,No,NA
9189,7.5,80.2,17.4,38.92,0,No,No,No,No,NA
9190,28.4,39.8,25.3,1.89,0,No,No,No,No,NA
9191,42.4,20.3,58.5,0.47,206,No,Yes,Yes,Yes,6767
9192,31.8,27.5,38.5,0.62,0,No,No,No,No,NA
9193,28.8,25.6,47.9,1.99,270,No,No,Yes,Yes,318
9194,16.7,62.8,22.4,16.47,0,No,No,No,No,NA
9195,16.4,62.3,17.4,6.72,0,No,No,No,No,NA
9196,38.9,26.1,74.2,0.31,0,No,No,Yes,No,NA
9197,24.0,49.2,45.6,3.72,61,No,Yes,Yes,Yes,1512
9198,32.5,37.7,36.2,1.7,0,No,No,No,No,NA
9199,15.7,70.1,18.0,16.96,0,No,No,Yes,No,NA
9200,21.2,55.5,20.5,16.36,0,No,No,No,No,NA
9201,17.4,69.4,14.8,20.44,0,No,No,No,No,NA
9202,39.0,32.9,47.1,0.34,0,No,Yes,Yes,No,NA
9203,28.8,39.4,60.8,3.47,0,Yes,Yes,Yes,No,NA
9204,27.5,52.9,21.6,3.88,38,No,Yes,Yes,Yes,228
9205,9.6,88.1,7.9,38.83,0,No,No,No,No,NA
9206,42.4,24.5,72.9,0.33,200,No,Yes,Yes,Yes,5703
9207,41.2,20.1,81.2,0.49,1548,No,No,Yes,Yes,948
9208,19.3,38.0,29.9,2.46,0,No,No,No,No,NA
9209,19.2,61.5,29.6,14.48,0,No,No,No,No,NA
9210,23.9,26.0,36.4,0.87,210,Yes,Yes,Yes,Yes,1055
9211,25.1,43.6,22.6,3.31,0,No,No,No,No,NA
9212,31.3,30.4,21.0,1.15,0,No,No,No,No,NA
9213,19.3,71.0,17.4,18.68,0,No,No,No,No,NA
9214,21.1,67.8,27.1,16.06,0,No,No,No,No,NA
9215,22.5,65.5,24.7,18.86,0,No,No,No,No,NA
9216,22.4,61.8,25.4,8.3,0,No,Yes,Yes,No,NA
9217,17.3,69.1,15.6,12.79,4,Yes,Yes,Yes,Yes,117
9218,38.0,27.9,51.9,1.42,908,No,No,Yes,Yes,1509
9219,28.0,47.4,38.1,5.54,0,No,No,No,No,NA
9220,40.1,25.7,85.2,0.49,25,No,No,Yes,Yes,2718
9221,32.8,21.8,58.9,0.38,1254,No,No,Yes,Yes,1903
9222,32.0,27.2,48.2,0.67,120,No,No,Yes,Yes,281
9223,31.2,34.4,47.1,1.41,45,No,No,Yes,Yes,1205
9224,28.1,27.2,49.2,0.16,0,Yes,Yes,Yes,No,NA
9225,16.1,75.4,25.1,6.26,0,No,No,No,No,NA
9226,15.0,62.3,22.8,20.49,0,No,No,No,No,NA
9227,11.8,71.9,24.1,10.21,0,No,No,No,No,NA
9228,37.6,17.6,87.8,0.46,100,No,No,Yes,Yes,3854
9229,25.2,30.7,35.0,1.78,0,No,No,No,No,NA
9230,33.6,10.7,88.2,0.33,70,No,No,Yes,Yes,105
9231,28.1,30.8,65.5,1.11,877,No,Yes,Yes,Yes,1579
9232,20.1,84.0,16.4,17.65,0,No,No,No,No,NA
9233,39.8,15.6,72.3,0.38,1691,No,Yes,Yes,Yes,1742
9234,27.3,35.6,43.9,3.4,0,No,No,Yes,No,NA
9235,15.2,72.6,33.8,21.5,0,No,No,No,No,NA
9236,24.7,44.8,29.6,2.06,0,No,No,No,No,NA
9237,28.5,42.2,35.4,5.57,0,No,No,No,No,NA
9238,27.7,26.8,43.7,0.1,0,No,No,No,No,NA
9239,30.2,26.6,21.8,1.39,52,No,Yes,Yes,Yes,844
9240,20.2,66.6,18.1,8.07,0,No,No,Yes,No,NA
9241,14.4,83.2,25.5,20.74,0,No,No,No,No,NA
9242,21.8,59.0,12.3,15.24,0,No,No,No,No,NA
9243,24.4,27.4,27.1,1.17,0,No,No,Yes,No,NA
9244,22.0,37.2,33.2,2.13,38,Yes,Yes,Yes,Yes,1022
9245,31.2,18.0,105.1,0.02,2846,No,Yes,Yes,Yes,3266
9246,34.4,17.4,43.1,0.09,472,No,No,Yes,Yes,1771
9247,24.1,42.2,28.3,5.25,0,No,No,No,No,NA
9248,14.6,67.5,25.9,14.38,0,No,No,No,No,NA
9249,10.4,85.7,6.2,30.18,0,No,No,No,No,NA
9250,22.9,25.5,36.1,2.79,0,No,No,No,No,NA
9251,43.4,23.0,79.6,0.35,784,Yes,Yes,Yes,Yes,5187
9252,14.8,93.2,6.1,23.07,0,No,No,No,No,NA
9253,39.5,26.7,40.1,0.01,0,No,Yes,Yes,No,NA
9254,21.5,63.2,13.7,18.39,0,No,No,No,No,NA
9255,30.1,16.8,69.7,1.52,895,No,Yes,Yes,Yes,4884
9256,17.1,64.0,15.4,24.07,0,No,No,No,No,NA
9257,15.9,73.4,35.2,23.36,0,No,No,No,No,NA
9258,32.1,25.3,69.3,0.16,0,No,No,No,No,NA
9259,17.8,61.1,31.5,18.59,0,No,No,No,No,NA
9260,20.8,62.0,32.6,19.71,0,No,No,No,No,NA
9261,18.9,69.7,23.2,23.3,0,No,No,No,No,NA
9262,17.6,87.7,6.0,7.23,0,No,No,No,No,NA
9263,17.3,71.7,24.1,28.89,0,No,No,No,No,NA
9264,20.8,84.3,34.5,22.32,0,No,No,No,No,NA
9265,24.1,35.4,31.9,1.74,0,No,No,No,No,NA
9266,33.5,16.7,88.1,0.31,1187,No,No,Yes,Yes,1347
9267,37.3,27.9,71.4,0.38,546,No,No,Yes,Yes,3935
9268,27.7,28.3,60.4,1.45,0,No,No,Yes,No,NA
9269,23.7,37.3,62.1,2.25,0,No,No,No,No,NA
9270,22.9,35.6,46.9,1.0,0,No,Yes,Yes,No,NA
9271,40.3,17.6,92.9,0.38,199,No,Yes,Yes,Yes,6577
9272,38.3,11.3,31.9,0.21,0,No,No,Yes,No,NA
9273,33.3,37.7,54.0,1.24,1354,Yes,Yes,Yes,Yes,4088
9274,25.5,29.7,50.2,2.97,0,No,No,No,No,NA
9275,22.9,63.0,9.6,17.91,0,No,No,No,No,NA
9276,27.5,30.2,22.9,0.91,0,Yes,Yes,Yes,No,NA
9277,16.0,79.3,13.4,12.9,0,No,No,No,No,NA
9278,29.5,27.2,54.4,1.28,549,Yes,Yes,Yes,Yes,1649
9279,16.1,58.3,26.9,11.48,0,No,No,No,No,NA
9280,25.7,32.0,59.7,2.84,0,No,No,No,No,NA
9281,26.8,20.7,58.0,0.66,0,No,No,No,No,NA
9282,22.0,78.4,29.4,6.81,0,No,No,No,No,NA
9283,35.7,12.7,108.6,0.88,3826,Yes,Yes,Yes,Yes,7471
9284,39.8,34.4,53.7,1.73,0,No,Yes,Yes,No,NA
9285,31.8,39.6,44.8,1.41,542,Yes,Yes,Yes,Yes,1526
9286,27.9,26.4,63.3,0.88,2,No,No,Yes,Yes,486
9287,7.6,73.3,15.3,21.92,0,No,No,No,No,NA
9288,7.1,92.8,19.6,5.96,0,No,No,No,No,NA
9289,28.8,37.6,32.2,1.0,59,No,No,Yes,Yes,1268
9290,23.2,59.2,26.8,3.11,0,No,No,No,No,NA
9291,20.3,51.0,46.0,1.06,145,No,Yes,Yes,Yes,1128
9292,32.2,27.2,66.7,0.59,0,No,No,No,No,NA
9293,25.1,34.7,35.3,0.3,0,No,Yes,Yes,No,NA
9294,39.2,22.1,36.9,0.41,261,No,Yes,Yes,Yes,2809
9295,28.6,32.9,43.9,0.59,0,No,No,No,No,NA
9296,16.6,67.0,23.1,7.72,0,No,No,No,No,NA
9297,18.6,56.3,10.0,10.71,0,No,No,No,No,NA
9298,31.8,37.0,64.4,0.72,0,No,No,Yes,No,NA
9299,28.2,35.6,22.3,3.55,104,Yes,Yes,Yes,Yes,1615
9300,29.8,50.3,15.4,1.61,0,No,No,No,No,NA
9301,38.9,16.9,57.3,0.7,383,No,No,Yes,Yes,1188
9302,13.6,90.0,12.8,36.95,0,No,No,No,No,NA
9303,30.0,23.3,34.6,1.83,11,No,No,Yes,Yes,1521
9304,30.5,36.1,43.2,0.89,0,No,No,No,No,NA
9305,31.8,31.6,20.4,1.98,0,No,No,No,No,NA
9306,9.6,85.5,13.6,37.39,0,No,No,No,No,NA
9307,24.7,69.7,29.0,12.45,0,No,No,No,No,NA
9308,14.9,70.8,21.4,11.24,0,No,No,No,No,NA
9309,31.7,28.0,48.8,0.16,0,No,No,No,No,NA
9310,33.7,14.8,54.2,0.37,191,Yes,Yes,Yes,Yes,3068
9311,33.9,28.9,41.7,1.77,465,No,Yes,Yes,Yes,1515
9312,18.6,62.9,12.1,13.81,0,No,No,No,No,NA
9313,13.3,71.9,20.5,18.48,0,No,No,No,No,NA
9314,35.0,30.5,34.6,1.11,0,No,No,No,No,NA
9315,32.5,31.3,41.4,0.82,0,No,No,No,No,NA
9316,39.3,24.4,39.1,0.13,384,No,No,Yes,Yes,3302
9317,24.6,43.8,44.7,2.8,0,No,No,Yes,No,NA
9318,5.4,93.0,10.7,9.42,0,No,No,No,No,NA
9319,28.3,32.5,42.0,1.66,516,Yes,Yes,Yes,Yes,316
9320,21.4,39.9,16.6,6.13,0,No,Yes,Yes,No,NA
9321,21.9,21.5,63.1,2.17,0,No,No,No,No,NA
9322,10.8,71.1,20.0,6.29,0,No,No,No,No,NA
9323,32.1,41.1,53.6,1.77,1250,No,No,Yes,Yes,1521
9324,18.3,68.2,17.8,5.65,0,No,No,No,No,NA
9325,31.8,35.7,33.8,0.25,153,No,Yes,Yes,Yes,424
9326,25.8,39.3,67.0,0.41,323,Yes,Yes,Yes,Yes,1778
9327,25.6,22.2,60.5,0.96,0,No,No,No,No,NA
9328,11.7,94.5,10.0,19.31,0,No,No,No,No,NA
9329,28.7,43.6,18.6,6.2,171,No,Yes,Yes,Yes,798
9330,24.7,39.8,18.8,3.74,0,No,No,No,No,NA
9331,16.1,85.0,36.1,24.94,0,No,No,No,No,NA
9332,17.0,84.0,21.6,30.55,34,No,No,Yes,Yes,21
9333,28.3,32.4,42.0,0.84,4,Yes,Yes,Yes,Yes,2939
9334,17.4,75.7,30.4,3.19,0,No,No,No,No,NA
9335,23.0,31.5,33.3,2.0,0,No,No,No,No,NA
9336,29.4,40.8,32.3,3.56,209,No,No,Yes,Yes,800
9337,19.5,78.8,16.7,15.68,0,No,No,No,No,NA
9338,11.1,85.5,21.0,29.61,0,No,No,No,No,NA
9339,18.3,66.5,30.0,10.29,0,No,No,No,No,NA
9340,29.6,20.5,79.4,1.54,76,No,Yes,Yes,Yes,1032
9341,32.8,23.4,108.5,0.09,896,No,Yes,Yes,Yes,10449
9342,17.8,92.2,19.3,29.36,0,No,No,No,No,NA
9343,22.4,40.1,48.7,0.05,296,Yes,Yes,Yes,Yes,2504
9344,28.9,29.3,48.9,0.99,770,Yes,Yes,Yes,Yes,2712
9345,15.7,65.0,12.3,12.35,0,No,No,No,No,NA
9346,12.3,74.2,12.5,10.0,0,No,No,No,No,NA
9347,23.9,40.8,56.5,2.84,589,No,No,Yes,Yes,1266
9348,29.9,37.6,39.7,7.09,0,No,No,No,No,NA
9349,32.5,43.3,32.9,0.06,0,No,No,No,No,NA
9350,21.6,71.2,6.5,15.21,0,No,No,No,No,NA
9351,13.3,69.7,12.7,23.52,0,No,No,No,No,NA
9352,26.3,37.1,35.8,7.91,0,No,No,No,No,NA
9353,15.9,69.6,22.7,22.23,0,No,No,Yes,No,NA
9354,23.4,54.4,27.5,2.86,0,No,No,Yes,No,NA
9355,12.2,81.2,16.0,17.23,0,No,No,No,No,NA
9356,15.7,79.9,11.1,15.36,0,No,No,No,No,NA
9357,22.2,25.4,23.8,1.31,0,No,No,No,No,NA
9358,6.4,71.0,22.2,26.15,0,No,No,No,No,NA
9359,13.6,91.7,7.7,12.86,0,No,No,No,No,NA
9360,5.2,86.0,24.9,28.41,0,No,No,No,No,NA
9361,19.8,65.1,18.9,14.2,0,No,No,No,No,NA
9362,28.3,47.7,31.1,7.15,417,No,Yes,Yes,Yes,330
9363,35.3,8.3,58.8,0.4,567,No,Yes,Yes,Yes,2540
9364,28.1,48.6,39.2,4.02,0,No,Yes,Yes,No,NA
9365,41.5,17.5,36.9,0.0,325,No,No,Yes,Yes,2403
9366,32.4,21.4,47.2,0.43,608,Yes,Yes,Yes,Yes,5425
9367,5.1,82.9,11.9,11.54,0,No,No,No,No,NA
9368,27.4,39.1,59.7,1.78,94,No,Yes,Yes,Yes,1304
9369,11.6,82.0,13.2,13.38,0,No,No,No,No,NA
9370,23.8,61.9,22.7,14.92,0,No,No,No,No,NA
9371,42.6,13.6,36.5,0.44,1225,No,No,Yes,Yes,921
9372,37.0,9.7,35.5,0.34,753,No,Yes,Yes,Yes,3273
9373,33.2,17.4,68.1,1.54,0,Yes,Yes,Yes,No,NA
9374,22.2,73.6,9.8,16.02,0,No,No,No,No,NA
9375,14.3,71.0,21.6,18.8,0,No,No,No,No,NA
9376,28.9,48.0,33.1,1.35,0,No,No,Yes,No,NA
9377,14.8,79.2,35.3,5.82,0,No,No,No,No,NA
9378,43.9,22.6,81.5,0.04,279,No,No,Yes,Yes,9629
9379,29.7,20.2,60.7,0.55,22,No,Yes,Yes,Yes,130
9380,32.0,26.1,22.4,1.68,590,No,Yes,Yes,Yes,43
9381,13.4,64.1,37.7,15.92,0,No,No,No,No,NA
9382,21.6,70.8,36.5,15.93,0,No,No,No,No,NA
9383,39.9,15.0,61.1,1.79,2808,No,No,Yes,Yes,725
9384,17.8,58.9,23.2,14.3,0,No,No,No,No,NA
9385,27.7,38.4,43.7,1.38,0,No,No,No,No,NA
9386,36.1,26.3,67.7,1.46,2154,Yes,Yes,Yes,Yes,238
9387,21.0,28.4,42.1,0.43,268,Yes,Yes,Yes,Yes,591
9388,34.3,22.8,97.4,0.98,919,No,No,Yes,Yes,3082
9389,33.1,12.7,57.3,0.02,337,No,Yes,Yes,Yes,5762
9390,12.7,73.8,11.3,23.54,0,No,No,No,No,NA
9391,13.6,80.4,17.2,7.56,0,No,No,No,No,NA
9392,15.2,71.4,18.9,26.26,0,No,No,No,No,NA
9393,13.2,78.0,16.5,7.19,0,No,No,No,No,NA
9394,26.9,30.3,58.5,0.3,39,No,No,Yes,Yes,892
9395,28.6,41.6,35.5,6.54,266,Yes,Yes,Yes,Yes,1006
9396,21.0,80.8,26.4,11.32,0,No,No,No,No,NA
9397,9.5,92.0,12.7,17.9,0,No,No,No,No,NA
9398,31.9,25.7,57.7,0.69,384,No,No,Yes,Yes,1211
9399,27.6,38.6,47.3,1.59,81,No,No,Yes,Yes,274
9400,36.9,16.2,47.1,1.55,0,No,Yes,Yes,No,NA
9401,23.7,67.7,24.0,8.25,0,No,No,No,No,NA
9402,19.5,78.6,17.7,8.66,0,No,No,No,No,NA
9403,19.0,72.4,16.2,22.74,0,No,No,No,No,NA
9404,22.7,32.7,33.0,0.06,0,No,Yes,Yes,No,NA
9405,38.4,12.8,78.4,0.19,1956,No,Yes,Yes,Yes,1908
9406,27.9,42.8,31.1,4.89,0,No,No,Yes,No,NA
9407,34.9,22.0,64.6,0.54,0,No,Yes,Yes,No,NA
9408,29.9,18.9,45.6,0.54,231,No,No,Yes,Yes,2909
9409,23.2,39.6,28.3,3.01,8,No,No,Yes,Yes,792
9410,17.9,91.3,20.3,31.2,0,No,No,No,No,NA
9411,28.8,45.7,39.8,1.85,0,No,No,No,No,NA
9412,15.8,57.3,29.3,4.66,0,No,No,No,No,NA
9413,30.3,32.0,26.8,0.78,523,No,Yes,Yes,Yes,1190
9414,29.3,37.0,42.6,1.85,0,No,No,No,No,NA
9415,36.3,10.5,53.6,0.18,37,Yes,Yes,Yes,Yes,5025
9416,18.9,69.1,25.8,18.86,0,No,No,Yes,No,NA
9417,26.1,39.3,67.9,1.77,780,No,No,Yes,Yes,3595
9418,27.5,44.8,33.0,2.82,0,No,No,No,No,NA
9419,29.6,36.4,59.2,0.88,0,No,No,No,No,NA
9420,36.6,25.2,93.2,0.34,302,No,Yes,Yes,Yes,2788
9421,17.9,88.3,15.3,22.09,0,No,No,No,No,NA
9422,29.4,27.0,34.2,0.77,0,No,No,Yes,No,NA
9423,43.8,20.8,30.2,0.27,295,No,No,Yes,Yes,923
9424,24.0,38.2,42.4,1.4,0,No,No,No,No,NA
9425,17.8,65.8,12.8,8.61,0,No,No,No,No,NA
9426,31.5,44.2,50.9,2.42,0,No,Yes,Yes,No,NA
9427,41.7,28.5,70.2,0.39,435,No,Yes,Yes,Yes,4624
9428,39.2,24.4,73.0,0.4,929,No,No,Yes,Yes,6130
9429,25.0,25.3,62.0,3.77,0,No,No,No,No,NA
9430,11.9,80.4,5.6,37.68,0,No,No,No,No,NA
9431,40.7,22.0,50.3,0.29,753,No,Yes,Yes,Yes,1340
9432,34.4,19.1,33.5,0.26,0,Yes,Yes,Yes,No,NA
9433,31.0,31.5,37.0,2.77,173,No,Yes,Yes,Yes,2057
9434,37.9,20.1,30.7,0.07,0,No,No,No,No,NA
9435,22.7,38.7,20.6,2.72,123,No,Yes,Yes,Yes,815
9436,14.7,83.9,28.1,16.69,0,No,No,No,No,NA
9437,34.9,18.5,60.1,0.3,2388,No,No,Yes,Yes,725
9438,22.6,33.1,44.6,0.96,0,No,No,No,No,NA
9439,25.2,31.9,27.6,3.3,0,No,No,No,No,NA
9440,31.3,35.5,32.8,0.33,0,No,No,No,No,NA
9441,31.9,27.1,34.2,2.02,0,No,No,No,No,NA
9442,29.2,22.1,29.0,0.96,0,Yes,Yes,Yes,No,NA
9443,18.1,80.9,11.2,14.43,0,No,No,No,No,NA
9444,13.5,80.8,18.7,11.81,0,No,No,No,No,NA
9445,23.8,43.7,31.0,1.08,60,No,No,Yes,Yes,586
9446,39.5,21.0,61.6,1.64,1329,No,Yes,Yes,Yes,2211
9447,36.6,19.7,46.6,1.89,174,No,Yes,Yes,Yes,2738
9448,25.6,37.5,19.0,1.86,0,No,No,No,No,NA
9449,41.5,18.4,104.6,0.93,134,No,No,Yes,Yes,11355
9450,18.7,28.8,42.7,3.76,0,No,No,No,No,NA
9451,33.1,28.8,60.6,0.07,0,No,Yes,Yes,No,NA
9452,22.7,52.5,20.8,4.8,0,No,Yes,Yes,No,NA
9453,26.2,25.8,63.1,0.95,517,No,Yes,Yes,Yes,1709
9454,18.9,83.2,24.0,6.06,0,No,No,No,No,NA
9455,19.1,27.0,63.5,3.85,448,Yes,Yes,Yes,Yes,2135
9456,29.2,22.8,51.3,0.98,0,No,No,No,No,NA
9457,25.4,51.0,43.2,1.86,0,No,No,No,No,NA
9458,31.1,21.1,61.0,0.17,0,No,No,No,No,NA
9459,36.0,29.4,86.1,0.12,2140,No,Yes,Yes,Yes,5581
9460,40.4,28.6,109.2,0.47,97,No,No,Yes,Yes,11422
9461,42.4,23.4,36.4,0.16,977,No,Yes,Yes,Yes,274
9462,43.7,8.6,80.8,0.22,1548,No,Yes,Yes,Yes,1000
9463,25.6,43.5,33.5,0.72,0,No,No,Yes,No,NA
9464,26.8,39.7,34.7,3.26,0,No,No,No,No,NA
9465,24.6,32.7,55.2,0.12,0,No,No,Yes,No,NA
9466,36.8,13.0,92.2,0.54,742,No,No,Yes,Yes,3872
9467,32.8,10.8,87.3,0.35,263,Yes,Yes,Yes,Yes,1255
9468,26.6,33.7,68.1,0.24,0,No,No,No,No,NA
9469,33.0,30.6,24.9,2.54,42,No,Yes,Yes,Yes,10
9470,13.5,60.1,36.0,14.58,0,No,No,No,No,NA
9471,13.4,81.6,23.9,12.42,0,No,No,No,No,NA
9472,11.9,81.8,15.0,25.79,0,No,No,No,No,NA
9473,20.0,23.1,40.2,2.7,134,No,Yes,Yes,Yes,333
9474,25.2,42.1,18.2,2.69,0,No,No,No,No,NA
9475,42.6,28.4,50.5,0.28,1057,No,Yes,Yes,Yes,2894
9476,20.2,74.1,34.0,10.72,0,No,No,No,No,NA
9477,23.6,71.1,17.4,5.35,0,No,No,No,No,NA
9478,43.1,19.8,84.5,0.3,64,No,No,Yes,Yes,152
9479,13.8,71.4,13.8,19.26,0,No,No,No,No,NA
9480,27.9,48.6,27.0,4.55,0,No,No,No,No,NA
9481,31.7,24.5,46.4,1.27,344,No,Yes,Yes,Yes,1646
9482,22.2,75.1,18.2,16.13,0,No,No,No,No,NA
9483,23.5,31.3,22.9,2.16,0,No,Yes,Yes,No,NA
9484,5.2,76.9,7.4,33.26,0,No,No,No,No,NA
9485,16.9,78.4,29.6,13.78,0,No,No,No,No,NA
9486,14.6,63.5,39.4,6.9,0,No,No,No,No,NA
9487,16.1,55.8,19.4,13.57,0,No,No,No,No,NA
9488,32.9,22.2,54.2,1.92,417,Yes,Yes,Yes,Yes,1880
9489,15.6,61.8,24.5,3.95,0,No,No,No,No,NA
9490,36.2,23.6,89.1,0.93,834,No,No,Yes,Yes,4990
9491,22.5,48.6,38.1,6.65,424,No,Yes,Yes,Yes,713
9492,37.2,21.8,70.1,0.07,783,No,No,Yes,Yes,7812
9493,14.3,74.0,17.3,13.78,0,No,No,No,No,NA
9494,24.8,37.3,29.9,3.4,0,No,No,No,No,NA
9495,32.6,28.2,33.5,1.82,96,No,No,Yes,Yes,539
9496,32.4,16.0,96.3,0.96,2650,No,Yes,Yes,Yes,8482
9497,22.2,58.4,15.3,14.58,0,No,No,No,No,NA
9498,19.1,61.1,22.0,18.99,0,No,No,No,No,NA
9499,31.4,26.1,21.8,0.16,0,No,Yes,Yes,No,NA
9500,36.5,20.3,82.0,0.12,2267,Yes,Yes,Yes,Yes,9785
9501,39.2,34.4,51.7,1.95,75,Yes,Yes,Yes,Yes,394
9502,28.2,22.0,51.6,0.45,63,No,Yes,Yes,Yes,328
9503,14.7,85.3,11.1,37.0,0,No,No,No,No,NA
9504,12.9,87.4,21.1,14.72,0,No,No,No,No,NA
9505,35.5,27.3,68.3,1.79,719,No,No,Yes,Yes,4569
9506,16.2,66.4,9.4,4.35,10,No,No,Yes,Yes,10
9507,25.7,36.7,58.1,0.93,145,No,No,Yes,Yes,782
9508,25.4,20.7,57.2,0.44,0,No,Yes,Yes,No,NA
9509,29.2,38.9,18.7,2.98,0,No,No,No,No,NA
9510,29.9,47.0,42.7,6.15,0,No,No,No,No,NA
9511,31.8,15.5,100.7,0.02,725,Yes,Yes,Yes,Yes,5219
9512,16.1,72.5,11.8,30.04,0,No,No,No,No,NA
9513,22.5,31.7,24.7,1.86,0,No,No,No,No,NA
9514,22.4,70.7,10.0,13.41,0,No,No,No,No,NA
9515,36.9,15.5,57.4,0.36,119,Yes,Yes,Yes,Yes,1963
9516,21.6,47.2,32.1,4.68,0,No,No,No,No,NA
9517,35.8,26.5,40.3,1.3,564,No,No,Yes,Yes,2191
9518,35.9,28.2,46.9,1.13,0,No,No,Yes,No,NA
9519,27.4,43.1,24.4,0.99,0,No,No,No,No,NA
9520,8.4,70.9,24.7,34.27,0,No,No,No,No,NA
9521,22.8,51.5,44.6,3.32,435,No,Yes,Yes,Yes,576
9522,16.0,69.3,31.0,4.4,0,No,No,No,No,NA
9523,21.8,78.7,23.4,7.17,0,No,No,No,No,NA
9524,25.6,45.8,21.3,6.86,0,No,No,No,No,NA
9525,19.2,68.0,32.6,12.54,0,No,No,No,No,NA
9526,38.3,15.1,63.2,0.21,1109,No,Yes,Yes,Yes,93
9527,23.7,41.6,38.7,7.62,0,No,No,No,No,NA
9528,39.9,25.2,53.9,0.54,43,No,Yes,Yes,Yes,3338
9529,36.1,29.3,58.8,0.43,117,Yes,Yes,Yes,Yes,3923
9530,20.9,27.0,27.7,2.85,0,No,Yes,Yes,No,NA
9531,21.4,73.0,18.1,9.98,0,No,No,No,No,NA
9532,25.9,34.4,30.6,0.84,0,No,No,No,No,NA
9533,20.6,52.4,26.2,3.57,0,No,No,Yes,No,NA
9534,15.7,64.9,14.7,6.83,0,No,No,No,No,NA
9535,21.6,39.0,63.0,3.05,0,No,No,No,No,NA
9536,27.7,33.0,22.3,1.9,0,No,No,No,No,NA
9537,37.9,33.2,57.0,0.06,862,No,Yes,Yes,Yes,2867
9538,29.9,25.1,78.0,0.58,1195,No,Yes,Yes,Yes,91
9539,34.7,28.6,109.5,0.19,309,No,Yes,Yes,Yes,1084
9540,33.6,14.3,87.6,0.48,810,No,No,Yes,Yes,10804
9541,22.3,49.5,47.5,0.53,0,No,No,No,No,NA
9542,33.5,25.3,64.4,0.57,637,Yes,Yes,Yes,Yes,366
9543,13.2,90.5,17.1,16.29,0,No,No,No,No,NA
9544,30.7,40.7,53.0,2.58,0,No,No,No,No,NA
9545,29.3,38.2,34.0,1.27,2,No,No,Yes,Yes,1604
9546,41.3,11.9,95.7,0.02,738,No,Yes,Yes,Yes,3422
9547,31.8,24.4,55.5,0.43,185,No,No,Yes,Yes,1709
9548,43.2,18.1,50.9,0.37,1044,No,Yes,Yes,Yes,1463
9549,35.3,21.3,45.1,1.13,655,No,Yes,Yes,Yes,1696
9550,20.4,73.7,20.0,15.95,0,No,No,No,No,NA
9551,12.6,66.6,35.1,21.68,0,No,No,No,No,NA
9552,31.7,25.7,72.2,0.11,18,No,No,Yes,Yes,2263
9553,32.3,10.6,108.7,0.45,1878,No,No,Yes,Yes,13142
9554,7.5,78.5,24.9,26.29,0,No,No,No,No,NA
9555,38.8,33.5,61.5,0.65,1263,No,No,Yes,Yes,489
9556,35.0,34.8,72.1,0.49,1414,No,Yes,Yes,Yes,691
9557,28.5,35.5,23.0,1.37,0,No,No,No,No,NA
9558,32.2,25.1,55.9,1.26,0,No,No,No,No,NA
9559,5.7,79.5,7.6,5.39,0,No,No,No,No,NA
9560,29.0,25.4,31.0,3.98,0,No,No,No,No,NA
9561,27.4,28.7,68.8,0.36,25,No,No,Yes,Yes,1569
9562,22.7,46.1,45.1,6.57,0,No,No,No,No,NA
9563,15.7,75.8,8.9,9.38,0,No,Yes,Yes,No,NA
9564,34.1,9.1,60.1,0.11,189,Yes,Yes,Yes,Yes,626
9565,10.2,87.5,13.0,5.03,0,No,No,No,No,NA
9566,33.3,35.9,54.4,1.59,0,No,No,No,No,NA
9567,32.0,24.7,22.3,1.1,5,Yes,Yes,Yes,Yes,1968
9568,40.6,23.8,99.3,0.29,338,Yes,Yes,Yes,Yes,1211
9569,14.4,75.5,24.8,24.78,0,No,No,No,No,NA
9570,39.0,8.0,65.6,0.49,1186,No,No,Yes,Yes,128
9571,33.4,12.2,75.7,0.34,2434,No,Yes,Yes,Yes,8093
9572,29.3,25.5,72.2,1.22,647,No,No,Yes,Yes,2693
9573,23.8,38.7,42.9,1.54,409,No,Yes,Yes,Yes,559
9574,39.9,33.4,50.6,1.5,659,No,Yes,Yes,Yes,3167
9575,24.6,77.5,6.7,7.51,0,No,No,No,No,NA
9576,21.7,71.8,36.2,16.68,0,No,No,No,No,NA
9577,32.3,25.3,68.5,0.01,0,No,No,No,No,NA
9578,6.9,71.2,24.8,27.5,9,No,No,Yes,Yes,78
9579,35.3,27.0,49.0,0.46,153,No,Yes,Yes,Yes,1373
9580,28.8,19.6,43.4,0.71,20,Yes,Yes,Yes,Yes,2151
9581,40.2,22.5,89.6,0.26,0,No,No,No,No,NA
9582,27.8,35.3,33.8,2.12,0,No,Yes,Yes,No,NA
9583,18.5,83.1,12.7,17.21,0,No,No,No,No,NA
9584,25.9,32.4,23.8,0.84,14,Yes,Yes,Yes,Yes,917
9585,35.3,28.0,83.2,0.59,73,No,Yes,Yes,Yes,1995
9586,14.5,61.1,28.6,6.29,0,No,No,No,No,NA
9587,31.7,37.9,51.1,2.32,0,No,No,Yes,No,NA
9588,21.1,69.6,25.5,16.33,0,No,No,No,No,NA
9589,12.4,92.8,13.7,11.95,0,No,No,No,No,NA
9590,7.3,74.2,10.4,11.14,0,No,No,No,No,NA
9591,32.2,29.3,79.5,1.16,102,No,Yes,Yes,Yes,5046
9592,21.2,74.0,37.7,11.7,0,No,No,No,No,NA
9593,9.1,82.3,20.8,39.11,0,No,No,No,No,NA
9594,13.5,82.5,23.2,9.84,0,No,No,No,No,NA
9595,18.5,24.3,63.3,2.47,0,No,No,Yes,No,NA
9596,12.6,70.0,34.5,23.04,0,No,No,No,No,NA
9597,32.8,25.1,53.0,0.2,742,Yes,Yes,Yes,Yes,1825
9598,41.9,24.4,75.4,0.5,810,No,No,Yes,Yes,2887
9599,26.5,35.2,35.7,0.59,0,No,No,No,No,NA
9600,27.6,37.8,54.4,1.31,0,No,No,No,No,NA
9601,26.1,38.0,41.7,2.04,46,No,Yes,Yes,Yes,1307
9602,25.2,36.7,30.0,0.66,0,No,No,No,No,NA
9603,17.6,73.5,8.6,26.83,0,No,No,No,No,NA
9604,33.9,18.6,59.2,0.42,66,No,Yes,Yes,Yes,2887
9605,30.3,42.4,45.3,1.4,71,Yes,Yes,Yes,Yes,3023
9606,40.3,17.2,89.7,0.39,1714,No,Yes,Yes,Yes,3959
9607,26.4,32.8,25.4,0.22,0,No,No,No,No,NA
9608,21.7,76.3,22.7,5.75,0,No,No,No,No,NA
9609,11.5,90.4,5.7,39.39,0,No,No,No,No,NA
9610,28.2,32.6,21.1,0.4,0,No,No,No,No,NA
9611,29.7,29.9,61.4,0.22,0,No,Yes,Yes,No,NA
9612,14.0,85.6,17.2,5.58,0,No,No,No,No,NA
9613,35.7,21.7,65.4,0.22,0,Yes,Yes,Yes,No,NA
9614,23.6,37.4,40.7,6.85,0,No,No,No,No,NA
9615,20.2,51.5,26.7,4.65,258,No,No,Yes,Yes,754
9616,20.9,69.2,14.8,9.07,0,No,No,No,No,NA
9617,13.7,65.0,29.4,15.48,0,No,No,No,No,NA
9618,32.5,44.0,57.4,0.87,0,No,Yes,Yes,No,NA
9619,34.3,31.0,25.8,0.57,533,No,Yes,Yes,Yes,1468
9620,29.5,38.6,51.1,2.96,0,Yes,Yes,Yes,No,NA
9621,27.6,38.1,39.3,0.8,5,No,No,Yes,Yes,602
9622,21.1,51.0,41.3,4.28,26,Yes,Yes,Yes,Yes,360
9623,18.2,75.5,19.1,18.6,0,No,No,No,No,NA
9624,30.2,18.2,52.5,0.45,626,No,Yes,Yes,Yes,3581
9625,25.3,30.8,57.1,0.62,0,No,No,No,No,NA
9626,28.3,40.3,25.3,1.44,95,No,Yes,Yes,Yes,316
9627,35.9,16.8,32.2,0.27,75,Yes,Yes,Yes,Yes,125
9628,19.0,70.1,21.4,4.28,0,No,No,No,No,NA
9629,26.1,25.8,69.4,1.45,1292,No,No,Yes,Yes,1307
9630,36.9,19.1,50.5,1.7,335,No,Yes,Yes,Yes,1424
9631,42.0,13.7,72.5,0.22,2912,No,No,Yes,Yes,631
9632,28.7,32.1,76.8,0.74,0,No,Yes,Yes,No,NA
9633,16.7,73.7,28.4,17.54,0,No,No,No,No,NA
9634,34.2,30.3,76.7,1.61,274,No,No,Yes,Yes,50
9635,35.6,17.1,84.4,0.47,614,No,Yes,Yes,Yes,5882
9636,28.3,37.9,35.4,2.31,0,No,No,No,No,NA
9637,38.0,10.0,62.7,0.44,125,Yes,Yes,Yes,Yes,1421
9638,41.4,28.0,84.1,0.27,42,No,Yes,Yes,Yes,2049
9639,26.6,53.1,47.4,3.78,0,No,No,Yes,No,NA
9640,19.0,79.0,12.6,17.74,0,No,No,No,No,NA
9641,27.9,30.0,61.6,2.51,0,No,No,No,No,NA
9642,6.9,77.4,14.1,18.96,0,No,No,No,No,NA
9643,16.2,66.4,7.0,15.44,0,No,No,No,No,NA
9644,22.2,27.8,48.4,2.81,275,No,No,Yes,Yes,260
9645,35.0,10.3,77.3,0.3,1731,No,No,Yes,Yes,2437
9646,34.7,20.7,37.0,1.22,789,No,No,Yes,Yes,1100
9647,30.4,25.2,66.6,1.22,0,No,Yes,Yes,No,NA
9648,27.5,52.2,46.1,1.36,536,No,Yes,Yes,Yes,945
9649,24.2,39.8,42.9,1.6,0,No,Yes,Yes,No,NA
9650,17.5,58.7,8.0,16.23,0,No,No,Yes,No,NA
9651,32.3,27.0,38.5,1.6,197,No,Yes,Yes,Yes,519
9652,26.1,52.9,33.4,7.38,0,No,No,No,No,NA
9653,22.9,25.1,35.8,2.03,370,No,Yes,Yes,Yes,733
9654,31.1,32.4,56.3,0.66,451,No,Yes,Yes,Yes,185
9655,40.2,23.5,50.4,0.33,113,No,Yes,Yes,Yes,3076
9656,13.5,66.8,24.5,6.69,0,No,No,No,No,NA
9657,14.0,83.7,36.2,7.47,0,No,No,No,No,NA
9658,15.5,65.6,24.3,15.2,0,No,No,No,No,NA
9659,21.2,37.5,28.8,5.79,0,No,No,No,No,NA
9660,20.7,34.0,25.5,0.37,0,No,No,No,No,NA
9661,29.2,37.0,32.1,1.39,0,No,No,No,No,NA
9662,28.2,28.3,35.2,1.97,0,No,No,No,No,NA
9663,19.4,61.7,11.1,3.94,0,No,No,No,No,NA
9664,18.2,66.9,21.6,20.44,0,No,No,No,No,NA
9665,5.7,79.6,6.7,37.71,0,No,No,No,No,NA
9666,34.1,34.3,34.2,1.66,364,No,No,Yes,Yes,1462
9667,39.4,26.0,89.1,0.68,1174,No,No,Yes,Yes,780
9668,20.8,36.2,55.4,0.79,0,Yes,Yes,Yes,No,NA
9669,27.9,22.6,47.6,1.77,1032,No,No,Yes,Yes,1179
9670,37.8,27.2,98.6,0.55,500,No,No,Yes,Yes,5023
9671,17.1,93.0,19.4,23.99,0,No,No,No,No,NA
9672,24.5,38.8,15.1,3.41,0,No,No,No,No,NA
9673,25.9,31.9,57.7,2.21,0,No,No,No,No,NA
9674,27.3,28.5,23.5,1.92,0,No,No,No,No,NA
9675,32.6,25.1,71.1,1.21,2051,No,Yes,Yes,Yes,769
9676,13.2,82.6,24.7,4.68,0,No,No,No,No,NA
9677,25.7,53.5,43.5,4.67,0,No,No,Yes,No,NA
9678,34.1,11.7,67.1,0.37,1884,No,No,Yes,Yes,787
9679,26.6,42.8,50.3,1.88,0,No,No,No,No,NA
9680,41.3,11.8,66.3,0.29,2970,No,No,Yes,Yes,8675
9681,21.1,48.6,37.5,5.68,0,No,No,No,No,NA
9682,24.0,42.3,27.7,3.95,0,No,No,No,No,NA
9683,24.1,31.5,40.0,1.96,0,No,No,No,No,NA
9684,26.1,30.4,41.8,2.88,0,No,No,No,No,NA
9685,26.2,28.3,26.5,0.23,0,No,No,No,No,NA
9686,7.9,83.0,10.8,7.43,0,No,No,No,No,NA
9687,18.1,38.4,26.6,2.12,0,No,No,Yes,No,NA
9688,28.9,31.4,41.9,3.77,0,No,Yes,Yes,No,NA
9689,36.2,17.2,77.1,0.38,1142,No,No,Yes,Yes,607
9690,29.6,37.6,26.3,2.93,0,No,No,Yes,No,NA
9691,13.2,66.5,33.0,12.22,0,No,No,No,No,NA
9692,8.7,79.7,15.7,20.75,0,No,No,No,No,NA
9693,34.7,28.3,31.7,0.25,74,No,No,Yes,Yes,3017
9694,29.2,26.6,34.7,0.11,0,No,No,No,No,NA
9695,15.3,69.2,34.7,12.75,0,No,No,Yes,No,NA
9696,13.0,72.9,17.9,16.92,0,No,No,No,No,NA
9697,23.4,41.7,34.6,5.22,0,No,No,No,No,NA
9698,13.1,83.2,17.8,25.37,0,No,No,No,No,NA
9699,15.5,69.9,18.5,17.04,0,No,No,No,No,NA
9700,33.2,12.6,53.1,0.87,309,No,Yes,Yes,Yes,3499
9701,24.5,37.1,49.5,1.69,0,No,No,No,No,NA
9702,11.3,85.6,6.4,14.14,0,No,No,No,No,NA
9703,19.7,82.5,29.2,20.78,0,No,No,No,No,NA
9704,11.5,73.0,13.4,33.63,0,No,No,No,No,NA
9705,39.5,20.8,76.0,1.24,0,No,No,No,No,NA
9706,38.6,11.3,73.3,0.45,720,No,Yes,Yes,Yes,1161
9707,20.7,61.9,13.9,9.35,0,No,No,No,No,NA
9708,29.7,16.0,54.0,0.23,94,No,Yes,Yes,Yes,799
9709,35.2,16.0,76.9,1.34,55,No,Yes,Yes,Yes,2140
9710,27.8,38.4,45.6,7.94,0,Yes,Yes,Yes,No,NA
9711,42.0,21.0,75.3,0.42,723,No,No,Yes,Yes,1249
9712,26.5,48.9,33.3,3.06,0,No,No,Yes,No,NA
9713,37.1,12.7,61.1,0.17,44,Yes,Yes,Yes,Yes,684
9714,27.2,33.1,55.8,2.1,1096,No,No,Yes,Yes,2659
9715,26.6,20.3,33.4,0.98,91,Yes,Yes,Yes,Yes,1018
9716,19.0,74.9,28.1,9.69,0,No,No,No,No,NA
9717,35.2,25.4,85.9,0.99,508,No,Yes,Yes,Yes,4091
9718,25.8,36.3,35.1,0.76,0,No,No,No,No,NA
9719,29.9,26.4,59.4,0.28,0,No,No,No,No,NA
9720,25.9,34.8,21.7,1.75,0,No,No,No,No,NA
9721,16.2,84.4,5.7,36.41,0,No,No,No,No,NA
9722,21.9,68.8,31.4,13.78,0,No,No,No,No,NA
9723,32.8,14.9,71.9,0.37,664,No,No,Yes,Yes,3297
9724,32.3,38.8,40.6,0.91,124,No,Yes,Yes,Yes,787
9725,18.5,78.6,33.2,3.7,0,No,No,No,No,NA
9726,40.0,15.8,57.8,0.14,170,No,No,Yes,Yes,4652
9727,36.2,14.4,86.8,0.14,2053,No,Yes,Yes,Yes,4329
9728,25.5,32.4,20.4,0.39,0,No,No,No,No,NA
9729,21.3,24.4,43.0,1.59,0,No,No,No,No,NA
9730,30.7,28.7,93.9,0.6,58,Yes,Yes,Yes,Yes,3622
9731,14.8,79.8,19.6,19.82,0,No,No,No,No,NA
9732,23.7,36.6,50.0,0.48,390,Yes,Yes,Yes,Yes,1790
9733,21.0,47.9,36.8,2.37,0,No,No,No,No,NA
9734,18.4,72.9,39.6,5.59,0,No,No,No,No,NA
9735,26.6,41.7,16.9,7.27,0,No,No,No,No,NA
9736,16.5,67.9,9.6,12.59,0,No,No,No,No,NA
9737,31.8,16.4,75.5,0.32,1901,No,Yes,Yes,Yes,873
9738,31.4,41.3,45.9,1.16,260,No,No,Yes,Yes,1183
9739,32.9,31.5,27.6,2.61,10,No,Yes,Yes,Yes,992
9740,23.2,44.2,49.9,7.97,0,No,No,No,No,NA
9741,22.0,79.5,7.1,18.65,0,No,No,No,No,NA
9742,41.4,16.8,106.6,0.93,502,Yes,Yes,Yes,Yes,4319
9743,26.9,21.6,67.9,0.57,0,No,No,Yes,No,NA
9744,42.4,15.7,90.0,0.48,1432,No,Yes,Yes,Yes,6383
9745,32.5,37.4,28.2,2.58,0,No,Yes,Yes,No,NA
9746,28.3,30.1,42.3,1.74,0,No,No,No,No,NA
9747,31.4,28.7,64.0,1.37,0,Yes,Yes,Yes,No,NA
9748,19.2,68.2,22.0,6.75,0,No,No,No,No,NA
9749,31.8,18.5,83.1,0.76,2587,Yes,Yes,Yes,Yes,4241
9750,34.0,31.5,38.3,1.14,0,No,No,Yes,No,NA
9751,43.5,11.6,62.1,0.38,1459,No,No,Yes,Yes,1460
9752,32.2,24.5,58.9,1.95,48,No,No,Yes,Yes,3808
9753,10.0,81.1,11.8,25.48,0,No,No,No,No,NA
9754,40.2,15.9,69.0,0.0,201,No,Yes,Yes,Yes,5807
9755,17.1,63.8,12.6,15.47,0,No,No,No,No,NA
9756,24.8,44.8,39.1,0.75,0,No,No,No,No,NA
9757,31.7,25.1,60.0,0.82,0,No,Yes,Yes,No,NA
9758,42.7,11.9,60.1,0.14,1095,No,Yes,Yes,Yes,1203
9759,41.0,18.3,54.6,0.41,479,No,No,Yes,Yes,809
9760,42.5,13.2,75.1,0.58,1787,No,Yes,Yes,Yes,6809
9761,15.7,82.4,17.0,12.46,0,No,No,No,No,NA
9762,18.1,66.7,10.1,17.54,0,No,No,No,No,NA
9763,17.9,78.6,33.5,5.98,0,No,No,No,No,NA
9764,19.3,37.9,43.7,0.74,119,No,No,Yes,Yes,598
9765,31.5,33.0,29.3,1.82,0,No,No,Yes,No,NA
9766,37.8,19.0,78.1,0.04,1502,No,No,Yes,Yes,568
9767,11.9,78.2,20.4,28.6,0,No,No,No,No,NA
9768,26.9,41.6,16.4,4.75,110,No,Yes,Yes,Yes,10
9769,38.4,29.5,107.4,0.55,2477,Yes,Yes,Yes,Yes,3593
9770,32.0,35.3,23.4,0.17,0,No,No,No,No,NA
9771,15.6,67.7,8.7,9.04,0,No,No,No,No,NA
9772,31.9,42.3,30.7,0.84,0,No,Yes,Yes,Yes,908
9773,15.6,62.7,14.7,11.27,0,No,No,No,No,NA
9774,32.0,22.5,64.6,1.79,790,No,No,Yes,Yes,4335
9775,31.6,40.2,56.3,2.35,0,No,No,No,No,NA
9776,22.1,33.2,26.0,2.0,103,No,No,Yes,Yes,1193
9777,29.2,37.6,24.7,2.38,11,No,Yes,Yes,Yes,1358
9778,24.9,41.0,17.0,3.95,0,No,No,No,No,NA
9779,6.7,88.5,22.0,5.95,0,No,No,No,No,NA
9780,29.1,48.8,40.1,4.63,0,No,No,Yes,No,NA
9781,27.2,22.4,63.7,1.41,944,No,No,Yes,Yes,540
9782,16.7,73.1,16.9,16.84,0,No,No,No,No,NA
9783,18.9,84.9,24.9,8.91,0,No,No,No,No,NA
9784,16.4,69.7,39.7,14.96,0,No,No,No,No,NA
9785,17.1,62.8,28.7,4.78,0,No,No,No,No,NA
9786,27.1,52.5,35.7,3.23,102,No,Yes,Yes,Yes,540
9787,19.1,74.8,21.9,16.29,0,No,No,No,No,NA
9788,16.5,73.6,38.5,24.43,0,No,No,No,No,NA
9789,43.7,24.9,80.5,0.08,778,No,Yes,Yes,Yes,8970
9790,40.0,17.2,94.8,0.93,2746,No,Yes,Yes,Yes,5674
9791,21.9,66.1,34.2,21.09,0,No,No,No,No,NA
9792,15.9,74.6,14.8,6.58,0,No,No,No,No,NA
9793,25.5,25.7,51.3,2.28,524,No,Yes,Yes,Yes,174
9794,37.8,25.4,42.7,0.72,13,No,No,Yes,Yes,3272
9795,28.9,30.6,40.0,0.39,638,No,No,Yes,Yes,592
9796,38.6,22.8,46.0,0.64,596,No,No,Yes,Yes,4385
9797,42.0,28.2,103.5,0.42,476,No,Yes,Yes,Yes,4735
9798,36.0,20.4,102.2,0.62,2348,No,No,Yes,Yes,7608
9799,26.8,26.6,32.7,0.53,0,No,No,No,No,NA
9800,41.8,18.6,83.2,0.42,1626,Yes,Yes,Yes,Yes,11135
9801,35.3,12.7,40.8,0.26,121,No,Yes,Yes,Yes,2005
9802,31.2,29.3,88.6,0.88,345,Yes,Yes,Yes,Yes,3823
9803,20.1,46.6,45.4,6.58,40,No,No,Yes,Yes,456
9804,32.8,32.9,67.1,0.95,1031,Yes,Yes,Yes,Yes,3638
9805,19.7,38.9,31.9,2.14,0,No,No,No,No,NA
9806,39.8,14.1,67.9,0.9,1119,No,No,Yes,Yes,5026
9807,27.7,31.3,40.1,1.08,0,No,No,No,No,NA
9808,11.5,88.0,8.8,37.44,0,No,No,No,No,NA
9809,20.0,38.9,32.4,0.89,0,No,No,No,No,NA
9810,36.5,20.7,71.7,0.12,960,No,Yes,Yes,Yes,7726
9811,9.5,82.8,20.8,38.32,0,No,No,No,No,NA
9812,41.0,14.7,53.1,0.18,1098,No,Yes,Yes,Yes,204
9813,31.2,29.0,53.1,0.99,67,No,No,Yes,Yes,1228
9814,33.8,27.4,47.4,1.82,227,No,Yes,Yes,Yes,1635
9815,28.8,28.4,57.3,1.83,11,No,No,Yes,Yes,463
9816,44.8,19.7,49.4,0.03,108,No,Yes,Yes,Yes,3561
9817,39.0,24.5,65.6,1.0,1104,No,No,Yes,Yes,5383
9818,28.8,28.4,53.6,1.71,0,No,No,No,No,NA
9819,34.1,13.1,40.0,0.27,403,No,Yes,Yes,Yes,2409
9820,33.3,23.7,60.8,1.2,0,No,Yes,Yes,No,NA
9821,9.7,79.7,12.5,10.72,0,No,No,No,No,NA
9822,28.5,37.4,47.8,1.94,1151,No,Yes,Yes,Yes,1030
9823,28.6,21.1,73.8,0.86,1159,No,No,Yes,Yes,162
9824,16.4,77.1,10.7,36.3,0,No,No,No,No,NA
9825,27.6,23.5,29.7,1.84,0,No,No,No,No,NA
9826,27.9,43.6,25.6,2.69,411,No,No,Yes,Yes,160
9827,36.3,23.5,88.7,0.76,452,No,Yes,Yes,Yes,7316
9828,35.9,14.0,70.3,0.15,290,No,Yes,Yes,Yes,5612
9829,22.9,30.6,42.5,3.65,0,No,No,Yes,No,NA
9830,24.9,41.9,20.4,6.49,6,No,Yes,Yes,Yes,270
9831,24.9,74.6,18.9,8.1,0,No,Yes,Yes,No,NA
9832,6.6,89.8,17.4,27.86,0,No,No,No,No,NA
9833,25.5,45.3,22.2,1.73,0,No,No,No,No,NA
9834,19.4,62.0,20.7,7.82,0,No,No,No,No,NA
9835,25.7,33.3,30.5,2.17,160,No,Yes,Yes,Yes,1384
9836,34.9,33.6,67.5,0.06,425,No,No,Yes,Yes,4132
9837,21.8,79.2,34.6,4.5,0,No,No,No,No,NA
9838,27.0,23.4,30.1,0.22,343,No,Yes,Yes,Yes,1807
9839,25.7,21.5,38.7,1.83,5,No,No,Yes,Yes,677
9840,35.8,28.9,65.8,1.24,1339,Yes,Yes,Yes,Yes,3449
9841,17.7,59.6,30.0,19.0,0,No,No,No,No,NA
9842,31.8,13.9,53.3,0.1,273,No,Yes,Yes,Yes,273
9843,31.5,37.1,58.6,0.29,345,No,No,Yes,Yes,1603
9844,16.4,73.7,10.5,5.79,0,No,No,No,No,NA
9845,27.8,25.8,32.6,0.29,0,No,No,No,No,NA
9846,35.8,28.3,100.8,0.52,459,Yes,Yes,Yes,Yes,6565
9847,26.0,53.6,43.8,5.81,0,No,No,No,No,NA
9848,25.2,38.7,65.3,1.8,0,No,No,No,No,NA
9849,30.9,27.4,24.8,0.84,0,No,No,No,No,NA
9850,43.3,18.5,75.5,0.18,403,No,Yes,Yes,Yes,8148
9851,29.6,53.7,31.4,4.27,0,No,No,No,No,NA
9852,33.4,14.5,36.2,0.12,559,No,Yes,Yes,Yes,2683
9853,21.8,76.8,11.4,14.52,0,No,No,No,No,NA
9854,13.2,78.5,31.8,14.52,0,No,No,No,No,NA
9855,9.8,77.0,22.7,28.38,0,No,No,No,No,NA
9856,20.7,81.3,20.8,14.64,0,No,Yes,Yes,No,NA
9857,20.5,74.3,35.1,6.05,0,No,No,Yes,No,NA
9858,20.6,34.7,28.2,3.24,0,No,Yes,Yes,No,NA
9859,24.2,28.6,58.7,0.91,1009,No,Yes,Yes,Yes,149
9860,37.7,33.9,78.9,0.54,12,No,No,Yes,Yes,4469
9861,40.9,12.1,54.3,0.16,251,Yes,Yes,Yes,Yes,3395
9862,31.9,21.3,34.5,1.21,220,No,No,Yes,Yes,1267
9863,32.7,17.5,55.8,0.25,15,No,Yes,Yes,Yes,20
9864,20.8,42.6,17.4,3.55,0,No,No,No,No,NA
9865,17.9,69.8,23.2,10.14,0,No,No,No,No,NA
9866,34.0,24.8,20.8,0.08,86,Yes,Yes,Yes,Yes,693
9867,38.1,25.5,63.0,0.49,63,No,Yes,Yes,Yes,551
9868,6.4,74.7,9.1,18.69,0,No,No,No,No,NA
9869,33.5,33.3,50.2,1.5,23,No,No,Yes,Yes,1846
9870,19.8,65.7,19.9,18.77,0,No,No,No,No,NA
9871,33.9,30.9,45.3,0.77,414,Yes,Yes,Yes,Yes,4212
9872,15.4,84.6,19.7,11.83,0,No,No,No,No,NA
9873,39.1,22.1,57.1,1.64,0,No,No,No,No,NA
9874,29.3,30.9,45.3,3.65,0,No,No,No,No,NA
9875,20.0,65.3,39.6,5.82,0,No,No,Yes,No,NA
9876,23.4,28.6,32.4,1.45,228,No,No,Yes,Yes,778
9877,6.6,91.0,12.8,24.18,0,No,No,No,No,NA
9878,17.7,73.2,24.8,9.34,4,Yes,Yes,Yes,Yes,152
9879,37.1,24.4,39.2,0.15,1253,Yes,Yes,Yes,Yes,2266
9880,38.9,20.4,39.4,0.32,21,No,No,Yes,Yes,1045
9881,39.5,24.0,47.9,0.06,1165,No,Yes,Yes,Yes,2968
9882,21.8,78.7,34.4,22.95,0,No,No,No,No,NA
9883,27.4,54.8,48.0,7.62,78,No,No,Yes,Yes,1368
9884,23.9,72.2,8.2,12.24,0,No,No,No,No,NA
9885,17.1,65.3,16.4,14.76,0,No,No,No,No,NA
9886,22.7,39.5,51.7,1.88,0,No,No,No,No,NA
9887,28.0,33.0,67.5,1.86,1274,No,Yes,Yes,Yes,1612
9888,12.4,80.4,14.7,15.42,0,No,No,No,No,NA
9889,21.3,73.1,11.4,20.31,0,No,No,No,No,NA
9890,15.5,81.4,20.3,35.24,0,No,No,No,No,NA
9891,15.1,78.7,7.8,10.51,0,No,No,No,No,NA
9892,34.9,34.9,48.6,1.81,155,Yes,Yes,Yes,Yes,2772
9893,37.8,26.2,52.3,1.86,156,No,Yes,Yes,Yes,480
9894,30.7,21.4,39.5,0.32,62,No,No,Yes,Yes,490
9895,38.2,31.2,51.1,0.02,115,No,No,Yes,Yes,1032
9896,38.5,17.9,109.2,0.94,449,No,No,Yes,Yes,4311
9897,11.0,71.3,12.2,31.57,0,No,No,No,No,NA
9898,15.1,77.4,15.3,6.24,0,No,No,No,No,NA
9899,28.8,34.2,30.5,0.63,0,No,No,No,No,NA
9900,23.6,36.6,37.3,3.32,437,No,Yes,Yes,Yes,1218
9901,37.5,22.7,77.6,0.07,394,Yes,Yes,Yes,Yes,6756
9902,32.5,35.0,36.6,1.79,858,Yes,Yes,Yes,Yes,2229
9903,14.5,87.1,10.5,30.42,0,No,No,No,No,NA
9904,19.8,20.3,37.8,0.2,0,No,No,No,No,NA
9905,22.2,33.5,48.9,3.4,0,No,Yes,Yes,No,NA
9906,39.6,8.4,61.1,0.37,615,No,Yes,Yes,Yes,1767
9907,21.7,52.5,45.7,3.01,0,No,No,No,No,NA
9908,28.7,32.7,39.7,2.61,0,No,No,No,No,NA
9909,28.0,42.0,56.8,2.22,0,Yes,Yes,Yes,No,NA
9910,21.1,49.0,23.6,7.77,0,No,No,No,No,NA
9911,17.2,73.1,17.1,36.95,0,No,No,No,No,NA
9912,13.3,87.9,20.5,7.29,0,No,No,No,No,NA
9913,33.5,9.4,77.5,0.11,1389,No,No,Yes,Yes,893
9914,26.8,27.8,55.0,1.65,979,No,Yes,Yes,Yes,4298
9915,25.7,27.0,39.5,1.57,337,No,No,Yes,Yes,191
9916,13.1,94.3,9.3,32.45,0,No,No,No,No,NA
9917,21.0,78.7,13.4,7.16,0,No,No,No,No,NA
9918,22.6,21.7,25.6,3.5,0,No,No,No,No,NA
9919,42.2,13.3,73.8,0.47,1330,No,Yes,Yes,Yes,1412
9920,14.8,79.6,5.2,29.92,0,No,No,No,No,NA
9921,34.8,11.3,35.4,0.45,348,No,Yes,Yes,Yes,1772
9922,16.5,70.3,15.9,30.72,0,No,No,No,No,NA
9923,14.7,71.6,19.0,22.67,0,No,No,No,No,NA
9924,38.2,14.8,97.4,0.53,3315,Yes,Yes,Yes,Yes,2771
9925,29.7,40.1,19.6,4.61,0,No,No,No,No,NA
9926,37.3,15.8,60.9,1.7,1531,No,No,Yes,Yes,2936
9927,17.2,83.5,12.1,13.42,0,No,No,No,No,NA
9928,41.4,25.6,108.9,0.06,669,No,No,Yes,Yes,1097
9929,19.6,78.3,24.5,18.77,0,No,No,No,No,NA
9930,33.9,39.9,52.0,1.77,160,No,No,Yes,Yes,109
9931,23.9,24.5,46.4,0.67,0,No,No,No,No,NA
9932,19.0,67.2,13.2,7.43,0,No,No,No,No,NA
9933,20.5,84.1,17.0,13.59,0,No,No,No,No,NA
9934,42.6,10.3,106.1,0.25,565,No,Yes,Yes,Yes,12582
9935,33.0,20.9,68.2,1.06,0,No,No,Yes,No,NA
9936,27.1,26.0,35.9,2.82,0,No,No,No,No,NA
9937,32.4,27.2,34.4,1.47,63,Yes,Yes,Yes,Yes,746
9938,22.4,38.0,53.4,1.39,0,Yes,Yes,Yes,No,NA
9939,29.9,28.6,49.6,2.21,0,No,No,No,No,NA
9940,13.9,81.5,31.8,11.7,0,No,No,No,No,NA
9941,12.4,88.9,10.4,11.0,0,No,No,No,No,NA
9942,23.0,48.7,39.2,1.73,0,No,No,No,No,NA
9943,41.6,15.4,54.8,0.45,235,No,No,Yes,Yes,3097
9944,32.3,26.3,57.1,0.25,139,No,No,Yes,Yes,894
9945,8.8,73.7,12.6,32.48,0,No,No,No,No,NA
9946,29.0,34.4,30.9,0.8,3,No,No,Yes,Yes,1696
9947,33.1,24.1,51.3,0.43,399,No,Yes,Yes,Yes,2359
9948,36.9,19.3,47.0,0.4,534,No,Yes,Yes,Yes,757
9949,9.6,92.3,17.8,5.4,0,No,No,No,No,NA
9950,35.9,23.4,73.0,0.97,1094,No,No,Yes,Yes,1254
9951,30.8,12.8,108.2,0.79,1652,No,No,Yes,Yes,2632
9952,39.8,28.1,70.4,0.13,131,No,Yes,Yes,Yes,1223
9953,20.1,70.0,33.2,6.58,0,No,No,No,No,NA
9954,41.9,25.5,88.0,0.68,159,Yes,Yes,Yes,Yes,6930
9955,21.2,68.3,33.0,5.11,0,No,No,No,No,NA
9956,22.7,74.8,17.9,17.11,0,No,No,No,No,NA
9957,17.6,75.0,22.8,13.49,0,No,No,No,No,NA
9958,29.9,30.5,41.6,2.18,593,Yes,Yes,Yes,Yes,250
9959,28.1,20.5,45.6,1.62,0,Yes,Yes,Yes,No,NA
9960,22.3,49.3,38.8,4.95,42,Yes,Yes,Yes,Yes,433
9961,14.5,86.6,13.0,26.29,0,No,No,No,No,NA
9962,19.4,68.7,13.5,19.02,0,No,No,No,No,NA
9963,44.8,17.7,39.2,0.16,38,No,Yes,Yes,Yes,515
9964,18.9,82.4,36.9,12.14,0,No,No,No,No,NA
9965,35.4,10.5,51.7,0.27,1733,Yes,Yes,Yes,Yes,4003
9966,40.2,18.5,82.8,0.24,1080,No,Yes,Yes,Yes,7461
9967,22.8,75.4,11.8,9.87,0,No,No,No,No,NA
9968,44.5,21.9,73.8,0.1,594,No,No,Yes,Yes,4565
9969,27.3,22.0,48.0,0.74,0,No,No,No,No,NA
9970,40.9,17.3,104.3,0.42,47,Yes,Yes,Yes,Yes,6323
9971,32.8,31.4,64.1,1.26,0,No,No,No,No,NA
9972,44.6,10.7,78.5,0.31,65,Yes,Yes,Yes,Yes,2254
9973,26.1,40.3,45.0,5.86,0,No,No,No,No,NA
9974,33.8,32.7,51.2,1.36,104,Yes,Yes,Yes,Yes,608
9975,23.1,66.3,14.5,15.5,0,No,No,No,No,NA
9976,22.7,76.4,16.6,2.2,0,No,No,No,No,NA
9977,7.0,90.5,13.3,33.39,0,No,No,No,No,NA
9978,23.2,31.9,41.0,1.74,741,No,Yes,Yes,Yes,2224
9979,26.8,32.4,61.7,3.75,0,No,No,No,No,NA
9980,30.9,22.1,71.0,0.56,40,Yes,Yes,Yes,Yes,1883
9981,24.8,27.6,57.4,0.01,235,Yes,Yes,Yes,Yes,2862
9982,27.7,23.8,54.1,1.98,0,No,Yes,Yes,No,NA
9983,24.0,40.5,36.1,1.27,0,No,Yes,Yes,No,NA
9984,34.8,21.3,47.0,1.73,1221,No,Yes,Yes,Yes,2800
9985,18.3,29.8,64.5,0.14,0,No,No,No,No,NA
9986,28.9,34.2,68.5,1.24,0,No,Yes,Yes,No,NA
9987,39.9,33.1,77.3,0.88,2147,No,No,Yes,Yes,759
9988,39.7,18.3,51.6,0.19,1942,Yes,Yes,Yes,Yes,2439
9989,21.1,78.6,15.8,6.28,0,No,No,No,No,NA
9990,32.0,43.6,45.5,2.04,257,Yes,Yes,Yes,Yes,240
9991,22.3,55.6,20.9,10.77,0,No,No,No,No,NA
9992,14.1,83.9,10.3,18.41,4,No,Yes,Yes,Yes,73
9993,31.5,11.9,79.0,0.31,377,No,Yes,Yes,Yes,2114
9994,33.1,33.3,27.4,1.17,31,No,No,Yes,Yes,288
9995,23.6,38.1,53.4,2.68,582,No,Yes,Yes,Yes,861
9996,16.2,70.1,13.8,18.9,0,No,No,No,No,NA
9997,19.8,26.1,30.0,2.05,0,No,No,No,No,NA
9998,27.0,41.3,33.2,0.87,29,No,No,Yes,Yes,663
9999,22.6,63.8,13.3,4.31,0,No,No,No,No,NA
10000,11.7,80.0,18.6,26.49,31,Yes,Yes,Yes,Yes,127
